Job started at: Mon 29 Sep 2025 02:29:39 PM PDT
Running seff for job 43323077...
Job ID: 43323077
Cluster: perlmutter
User/Group: lindajin/lindajin
State: RUNNING
Nodes: 1
Cores per node: 256
CPU Utilized: 00:00:00
CPU Efficiency: 0.00% of 03:41:52 core-walltime
Job Wall-clock time: 00:00:52
Memory Utilized: 0.00 MB
Memory Efficiency: 0.00% of 476.37 GB (476.37 GB/node)
WARNING: Efficiency statistics can only be obtained after the job has ended as seff tool is based on the accounting database data.
Number of MPI tasks: 1
CPUs per task: 128
OpenMP threads per task: 32
JAX/Numpyro available - HMC inference enabled
Root directory is /pscratch/sd/l/lindajin/WL_ML
Root directory is /pscratch/sd/l/lindajin/WL_ML
Configuration: USE_PUBLIC_DATASET=True, MODEL_NAME=CNN_MCMC_normprior_with_errorprop_epoch15, METHOD=MCMC
There are 101 cosmological models, each has 256 realizations of nuisance parameters in the training data.
We assume a galaxy number density of 30 per arcmin², which determines the noise level of the experiment.
Training and validation data loaded
Shape of training data = (20604, 1424, 176)
Shape of validation data = (5252, 1424, 176)
Shape of training labels = (20604, 2)
Shape of validation labels = (5252, 2)
Using device: cpu

=== Step 1: Training CNN for Point Estimates ===
Image stats: Mean=-0.00014721968909725547, Std=0.020474432036280632
Label stats: Mean=[0.29021683 0.81345297], Std=[0.1055216  0.06600116]
Loading pretrained model from /pscratch/sd/l/lindajin/WL_ML/trained_model/CNN_MCMC_normprior_with_errorprop_epoch15.pth

=== Step 2: Getting CNN Predictions ===
Estimating NN error from validation set...
error_estimates.shape: (5252, 2)
Validation predictions shape: (5252, 2)
Test predictions shape: (4000, 2)

=== Step 3: Setting up MCMC Interpolators ===
Setting up MCMC interpolators from predictions...
Interpolators created for 101 cosmologies

=== Step 4: Validation Scoring ===
Using MCMC inference for validation...
Running MCMC inference...
Setting up NumPy priors: Ω_m ~ N(0.290, 0.106²), S_8 ~ N(0.813, 0.066²)
Flat priors...
Test predictions shape: (5252, 2)
Current initial shape: (5252, 2)
Sample initial position: [0.2903     0.72213453] for test: [0.29522785 0.78489538]
cov**0.5/mean: 6.822e-02
Initial log probabilities range: [-194.05, 7.36]
Valid initial probabilities: 5252/5252
Running 10000 MCMC steps for 5252 test samples...
cov**0.5/mean: 7.152e-02
cov**0.5/mean: 7.303e-02
cov**0.5/mean: 6.272e-02
cov**0.5/mean: 6.149e-02
cov**0.5/mean: 7.156e-02
cov**0.5/mean: 6.001e-02
cov**0.5/mean: 6.470e-02
cov**0.5/mean: 6.630e-02
cov**0.5/mean: 5.724e-02
cov**0.5/mean: 5.938e-02
cov**0.5/mean: 6.464e-02
cov**0.5/mean: 6.269e-02
cov**0.5/mean: 6.211e-02
cov**0.5/mean: nan
cov**0.5/mean: 6.446e-02
cov**0.5/mean: nan
cov**0.5/mean: 5.850e-02
cov**0.5/mean: nan
cov**0.5/mean: 6.306e-02
cov**0.5/mean: 5.788e-02
cov**0.5/mean: nan
cov**0.5/mean: 5.941e-02
cov**0.5/mean: 6.068e-02
cov**0.5/mean: 6.505e-02
cov**0.5/mean: 6.479e-02
cov**0.5/mean: 6.845e-02
cov**0.5/mean: 6.420e-02
cov**0.5/mean: 6.860e-02
cov**0.5/mean: 7.238e-02
cov**0.5/mean: 6.188e-02
cov**0.5/mean: 6.384e-02
cov**0.5/mean: 6.791e-02
cov**0.5/mean: 6.995e-02
cov**0.5/mean: 7.299e-02
cov**0.5/mean: 6.867e-02
cov**0.5/mean: 6.858e-02
cov**0.5/mean: 7.690e-02
cov**0.5/mean: 6.615e-02
cov**0.5/mean: 6.437e-02
cov**0.5/mean: 6.301e-02
cov**0.5/mean: 6.680e-02
cov**0.5/mean: 6.658e-02
cov**0.5/mean: 7.456e-02
cov**0.5/mean: 7.240e-02
cov**0.5/mean: 6.488e-02
cov**0.5/mean: 7.332e-02
cov**0.5/mean: 7.253e-02
cov**0.5/mean: 6.714e-02
cov**0.5/mean: 7.600e-02
cov**0.5/mean: 6.923e-02
cov**0.5/mean: 7.491e-02
cov**0.5/mean: 7.216e-02
cov**0.5/mean: nan
cov**0.5/mean: 7.502e-02
cov**0.5/mean: 6.879e-02
cov**0.5/mean: 7.304e-02
cov**0.5/mean: 7.114e-02
cov**0.5/mean: 7.121e-02
cov**0.5/mean: 7.370e-02
cov**0.5/mean: 7.174e-02
cov**0.5/mean: 7.589e-02
cov**0.5/mean: 7.209e-02
cov**0.5/mean: 6.785e-02
cov**0.5/mean: 7.664e-02
cov**0.5/mean: 7.320e-02
cov**0.5/mean: 6.592e-02
cov**0.5/mean: 7.435e-02
cov**0.5/mean: nan
cov**0.5/mean: nan
cov**0.5/mean: 7.161e-02
cov**0.5/mean: 6.899e-02
cov**0.5/mean: nan
cov**0.5/mean: 6.991e-02
cov**0.5/mean: 7.156e-02
cov**0.5/mean: 7.016e-02
cov**0.5/mean: 7.102e-02
cov**0.5/mean: 7.079e-02
cov**0.5/mean: 7.192e-02
cov**0.5/mean: 7.546e-02
cov**0.5/mean: 7.060e-02
cov**0.5/mean: 7.164e-02
cov**0.5/mean: 7.325e-02
cov**0.5/mean: 7.180e-02
cov**0.5/mean: 6.441e-02
cov**0.5/mean: 6.896e-02
cov**0.5/mean: 8.562e-02
cov**0.5/mean: 7.582e-02
cov**0.5/mean: 6.322e-02
cov**0.5/mean: 7.278e-02
cov**0.5/mean: 7.191e-02
cov**0.5/mean: 7.023e-02
cov**0.5/mean: 8.364e-02
cov**0.5/mean: 7.323e-02
cov**0.5/mean: 8.199e-02
cov**0.5/mean: 7.449e-02
cov**0.5/mean: 8.910e-02
cov**0.5/mean: 7.190e-02
cov**0.5/mean: 7.023e-02
cov**0.5/mean: 6.990e-02
cov**0.5/mean: 7.294e-02
cov**0.5/mean: 7.104e-02
cov**0.5/mean: 6.802e-02
cov**0.5/mean: 7.370e-02
cov**0.5/mean: 7.383e-02
cov**0.5/mean: 6.916e-02
cov**0.5/mean: 7.644e-02
cov**0.5/mean: 7.017e-02
cov**0.5/mean: 7.131e-02
cov**0.5/mean: 6.973e-02
cov**0.5/mean: 7.249e-02
cov**0.5/mean: 7.328e-02
cov**0.5/mean: 6.872e-02
cov**0.5/mean: 6.527e-02
cov**0.5/mean: nan
cov**0.5/mean: 7.448e-02
cov**0.5/mean: 7.422e-02
cov**0.5/mean: 7.077e-02
cov**0.5/mean: 7.423e-02
cov**0.5/mean: nan
cov**0.5/mean: 7.190e-02
cov**0.5/mean: 7.523e-02
cov**0.5/mean: 7.452e-02
cov**0.5/mean: 7.030e-02
cov**0.5/mean: 7.057e-02
cov**0.5/mean: nan
cov**0.5/mean: 7.575e-02
cov**0.5/mean: nan
cov**0.5/mean: 7.264e-02
cov**0.5/mean: 7.133e-02
cov**0.5/mean: 6.757e-02
cov**0.5/mean: 7.235e-02
cov**0.5/mean: 7.207e-02
cov**0.5/mean: 6.916e-02
cov**0.5/mean: 7.305e-02
cov**0.5/mean: 7.137e-02
cov**0.5/mean: 6.721e-02
cov**0.5/mean: 7.109e-02
cov**0.5/mean: 7.421e-02
cov**0.5/mean: 7.360e-02
cov**0.5/mean: 7.460e-02
cov**0.5/mean: 6.835e-02
cov**0.5/mean: 7.180e-02
cov**0.5/mean: 8.677e-02
cov**0.5/mean: nan
cov**0.5/mean: 7.192e-02
cov**0.5/mean: 7.008e-02
cov**0.5/mean: 7.170e-02
cov**0.5/mean: 7.151e-02
cov**0.5/mean: 9.316e-02
cov**0.5/mean: nan
cov**0.5/mean: 7.012e-02
cov**0.5/mean: 7.395e-02
cov**0.5/mean: 7.317e-02
cov**0.5/mean: 6.252e-02
cov**0.5/mean: 6.017e-02
cov**0.5/mean: 7.107e-02
cov**0.5/mean: 7.126e-02
cov**0.5/mean: 6.276e-02
cov**0.5/mean: 6.504e-02
cov**0.5/mean: 7.130e-02
cov**0.5/mean: 6.879e-02
cov**0.5/mean: nan
cov**0.5/mean: nan
cov**0.5/mean: 6.904e-02
cov**0.5/mean: nan
cov**0.5/mean: 6.035e-02
cov**0.5/mean: 6.270e-02
cov**0.5/mean: nan
cov**0.5/mean: 6.260e-02
cov**0.5/mean: 6.403e-02
cov**0.5/mean: 6.084e-02
cov**0.5/mean: 7.295e-02
cov**0.5/mean: 6.411e-02
cov**0.5/mean: 7.192e-02
cov**0.5/mean: 6.683e-02
cov**0.5/mean: 6.325e-02
cov**0.5/mean: 6.208e-02
cov**0.5/mean: 7.384e-02
cov**0.5/mean: 7.243e-02
cov**0.5/mean: 7.063e-02
cov**0.5/mean: 7.476e-02
cov**0.5/mean: 6.975e-02
cov**0.5/mean: 7.122e-02
cov**0.5/mean: nan
cov**0.5/mean: 6.929e-02
cov**0.5/mean: 7.152e-02
cov**0.5/mean: 6.885e-02
cov**0.5/mean: 6.607e-02
cov**0.5/mean: 7.083e-02
cov**0.5/mean: 6.536e-02
cov**0.5/mean: 6.947e-02
cov**0.5/mean: 7.290e-02
cov**0.5/mean: 7.372e-02
cov**0.5/mean: 6.528e-02
cov**0.5/mean: 6.773e-02
cov**0.5/mean: 7.131e-02
cov**0.5/mean: 6.529e-02
cov**0.5/mean: 7.284e-02
cov**0.5/mean: nan
cov**0.5/mean: 7.307e-02
cov**0.5/mean: 8.659e-02
cov**0.5/mean: 7.022e-02
cov**0.5/mean: 7.094e-02
cov**0.5/mean: 7.137e-02
cov**0.5/mean: nan
cov**0.5/mean: 6.981e-02
cov**0.5/mean: 6.738e-02
cov**0.5/mean: 7.644e-02
cov**0.5/mean: 7.561e-02
cov**0.5/mean: 7.191e-02
cov**0.5/mean: 7.296e-02
cov**0.5/mean: 6.619e-02
cov**0.5/mean: 7.187e-02
cov**0.5/mean: 7.302e-02
cov**0.5/mean: 7.401e-02
cov**0.5/mean: 6.994e-02
cov**0.5/mean: 6.831e-02
cov**0.5/mean: 7.646e-02
cov**0.5/mean: 7.335e-02
cov**0.5/mean: 7.234e-02
cov**0.5/mean: 6.743e-02
cov**0.5/mean: 7.060e-02
cov**0.5/mean: 7.634e-02
cov**0.5/mean: 7.420e-02
cov**0.5/mean: 7.209e-02
cov**0.5/mean: 6.821e-02
cov**0.5/mean: 7.312e-02
cov**0.5/mean: 6.973e-02
cov**0.5/mean: 7.089e-02
cov**0.5/mean: 7.255e-02
cov**0.5/mean: 7.048e-02
cov**0.5/mean: 6.958e-02
cov**0.5/mean: 7.101e-02
cov**0.5/mean: 7.639e-02
cov**0.5/mean: 6.175e-02
cov**0.5/mean: nan
cov**0.5/mean: 6.608e-02
cov**0.5/mean: 7.062e-02
cov**0.5/mean: 6.520e-02
cov**0.5/mean: 7.328e-02
cov**0.5/mean: 6.998e-02
cov**0.5/mean: 6.996e-02
cov**0.5/mean: 7.137e-02
cov**0.5/mean: 7.190e-02
cov**0.5/mean: 7.770e-02
cov**0.5/mean: 7.232e-02
cov**0.5/mean: 7.522e-02
cov**0.5/mean: 6.980e-02
cov**0.5/mean: 7.054e-02
cov**0.5/mean: 7.237e-02
cov**0.5/mean: 6.723e-02
cov**0.5/mean: 7.535e-02
cov**0.5/mean: 6.598e-02
cov**0.5/mean: 7.687e-02
cov**0.5/mean: 7.035e-02
cov**0.5/mean: 7.151e-02
cov**0.5/mean: 7.639e-02
cov**0.5/mean: 6.844e-02
cov**0.5/mean: 7.151e-02
cov**0.5/mean: 7.572e-02
cov**0.5/mean: 7.220e-02
cov**0.5/mean: 7.487e-02
cov**0.5/mean: 7.064e-02
cov**0.5/mean: 7.293e-02
cov**0.5/mean: 8.178e-02
cov**0.5/mean: 6.791e-02
cov**0.5/mean: 7.680e-02
cov**0.5/mean: 7.290e-02
cov**0.5/mean: 7.028e-02
cov**0.5/mean: 7.529e-02
cov**0.5/mean: 7.860e-02
cov**0.5/mean: nan
cov**0.5/mean: nan
cov**0.5/mean: 6.978e-02
cov**0.5/mean: 7.114e-02
cov**0.5/mean: 7.275e-02
cov**0.5/mean: 7.200e-02
cov**0.5/mean: 7.707e-02
cov**0.5/mean: nan
cov**0.5/mean: 7.202e-02
cov**0.5/mean: 6.566e-02
cov**0.5/mean: 7.451e-02
cov**0.5/mean: 6.485e-02
cov**0.5/mean: 7.226e-02
cov**0.5/mean: 6.833e-02
cov**0.5/mean: 7.134e-02
cov**0.5/mean: 7.582e-02
cov**0.5/mean: 6.705e-02
cov**0.5/mean: 8.373e-02
cov**0.5/mean: 7.022e-02
cov**0.5/mean: 7.216e-02
cov**0.5/mean: 6.759e-02
cov**0.5/mean: 7.646e-02
cov**0.5/mean: 7.201e-02
cov**0.5/mean: 7.010e-02
cov**0.5/mean: 6.912e-02
cov**0.5/mean: 7.426e-02
cov**0.5/mean: 7.260e-02
cov**0.5/mean: 6.918e-02
cov**0.5/mean: 6.947e-02
cov**0.5/mean: nan
cov**0.5/mean: 7.236e-02
cov**0.5/mean: 7.099e-02
cov**0.5/mean: 7.411e-02
cov**0.5/mean: 7.548e-02
cov**0.5/mean: nan
cov**0.5/mean: 7.214e-02
cov**0.5/mean: 6.683e-02
cov**0.5/mean: 7.627e-02
cov**0.5/mean: 7.220e-02
cov**0.5/mean: 7.407e-02
cov**0.5/mean: 7.342e-02
cov**0.5/mean: 7.045e-02
cov**0.5/mean: 7.622e-02
cov**0.5/mean: 7.427e-02
cov**0.5/mean: 6.291e-02
cov**0.5/mean: 7.483e-02
cov**0.5/mean: 6.880e-02
cov**0.5/mean: 7.459e-02
cov**0.5/mean: 7.088e-02
cov**0.5/mean: 6.827e-02
cov**0.5/mean: 6.299e-02
cov**0.5/mean: 7.178e-02
cov**0.5/mean: 7.441e-02
cov**0.5/mean: 6.835e-02
cov**0.5/mean: 7.626e-02
cov**0.5/mean: 7.182e-02
cov**0.5/mean: 6.445e-02
cov**0.5/mean: 6.959e-02
cov**0.5/mean: 7.047e-02
cov**0.5/mean: 7.098e-02
cov**0.5/mean: 6.793e-02
cov**0.5/mean: nan
cov**0.5/mean: nan
cov**0.5/mean: nan
cov**0.5/mean: nan
cov**0.5/mean: 6.736e-02
cov**0.5/mean: 7.465e-02
cov**0.5/mean: 7.260e-02
cov**0.5/mean: 7.463e-02
cov**0.5/mean: 7.263e-02
cov**0.5/mean: 7.957e-02
cov**0.5/mean: 7.286e-02
cov**0.5/mean: 6.800e-02
cov**0.5/mean: 7.070e-02
cov**0.5/mean: 6.725e-02
cov**0.5/mean: 7.230e-02
cov**0.5/mean: 7.080e-02
cov**0.5/mean: 7.396e-02
cov**0.5/mean: 6.972e-02
cov**0.5/mean: nan
cov**0.5/mean: 8.641e-02
cov**0.5/mean: 6.814e-02
cov**0.5/mean: 6.503e-02
cov**0.5/mean: 7.267e-02
cov**0.5/mean: 6.594e-02
cov**0.5/mean: 7.224e-02
cov**0.5/mean: 6.996e-02
cov**0.5/mean: 6.802e-02
cov**0.5/mean: 6.715e-02
cov**0.5/mean: 7.064e-02
cov**0.5/mean: 7.039e-02
cov**0.5/mean: nan
cov**0.5/mean: nan
cov**0.5/mean: 6.670e-02
cov**0.5/mean: 6.764e-02
cov**0.5/mean: 7.380e-02
cov**0.5/mean: 7.232e-02
cov**0.5/mean: 7.296e-02
cov**0.5/mean: 7.071e-02
cov**0.5/mean: 7.087e-02
cov**0.5/mean: 7.346e-02
cov**0.5/mean: 6.188e-02
cov**0.5/mean: 7.352e-02
cov**0.5/mean: 6.420e-02
cov**0.5/mean: 6.485e-02
cov**0.5/mean: 7.008e-02
cov**0.5/mean: 7.067e-02
cov**0.5/mean: 7.134e-02
cov**0.5/mean: 7.275e-02
cov**0.5/mean: 6.939e-02
cov**0.5/mean: 6.819e-02
cov**0.5/mean: nan
cov**0.5/mean: nan
cov**0.5/mean: 6.406e-02
cov**0.5/mean: 7.470e-02
cov**0.5/mean: 7.143e-02
cov**0.5/mean: nan
cov**0.5/mean: 7.466e-02
cov**0.5/mean: 9.030e-02
cov**0.5/mean: 7.341e-02
cov**0.5/mean: 7.125e-02
cov**0.5/mean: 6.841e-02
cov**0.5/mean: 7.666e-02
cov**0.5/mean: 7.439e-02
cov**0.5/mean: 7.267e-02
cov**0.5/mean: 6.399e-02
cov**0.5/mean: 7.091e-02
cov**0.5/mean: 7.078e-02
cov**0.5/mean: 6.981e-02
cov**0.5/mean: 6.730e-02
cov**0.5/mean: 7.953e-02
cov**0.5/mean: 7.628e-02
cov**0.5/mean: 7.017e-02
cov**0.5/mean: 8.718e-02
cov**0.5/mean: 7.097e-02
cov**0.5/mean: 7.469e-02
cov**0.5/mean: 7.273e-02
cov**0.5/mean: 6.835e-02
cov**0.5/mean: 6.955e-02
cov**0.5/mean: 7.406e-02
cov**0.5/mean: 7.102e-02
cov**0.5/mean: 6.743e-02
cov**0.5/mean: nan
cov**0.5/mean: 7.085e-02
cov**0.5/mean: 7.482e-02
cov**0.5/mean: 7.258e-02
cov**0.5/mean: 7.184e-02
cov**0.5/mean: 7.734e-02
cov**0.5/mean: 6.636e-02
cov**0.5/mean: 7.499e-02
cov**0.5/mean: 8.584e-02
cov**0.5/mean: 6.812e-02
cov**0.5/mean: 7.036e-02
cov**0.5/mean: 7.061e-02
cov**0.5/mean: 6.331e-02
cov**0.5/mean: 6.882e-02
cov**0.5/mean: 7.143e-02
cov**0.5/mean: 6.775e-02
cov**0.5/mean: 7.751e-02
cov**0.5/mean: 7.080e-02
cov**0.5/mean: 7.646e-02
cov**0.5/mean: 7.275e-02
cov**0.5/mean: 7.470e-02
cov**0.5/mean: 6.834e-02
cov**0.5/mean: 7.227e-02
cov**0.5/mean: 6.984e-02
cov**0.5/mean: 7.121e-02
cov**0.5/mean: 6.501e-02
cov**0.5/mean: 6.365e-02
cov**0.5/mean: nan
cov**0.5/mean: 6.586e-02
cov**0.5/mean: 6.555e-02
cov**0.5/mean: nan
cov**0.5/mean: 7.088e-02
cov**0.5/mean: 7.281e-02
cov**0.5/mean: 7.189e-02
cov**0.5/mean: 7.311e-02
cov**0.5/mean: 7.307e-02
cov**0.5/mean: 7.710e-02
cov**0.5/mean: 7.038e-02
cov**0.5/mean: 7.191e-02
cov**0.5/mean: 7.178e-02
cov**0.5/mean: 7.222e-02
cov**0.5/mean: 6.916e-02
cov**0.5/mean: 6.382e-02
cov**0.5/mean: 6.903e-02
cov**0.5/mean: 6.814e-02
cov**0.5/mean: 6.441e-02
cov**0.5/mean: 5.930e-02
cov**0.5/mean: 6.585e-02
cov**0.5/mean: 7.261e-02
cov**0.5/mean: 7.120e-02
cov**0.5/mean: 7.480e-02
cov**0.5/mean: 6.237e-02
cov**0.5/mean: 6.991e-02
cov**0.5/mean: 6.859e-02
cov**0.5/mean: 7.005e-02
cov**0.5/mean: 6.833e-02
cov**0.5/mean: 6.535e-02
cov**0.5/mean: 7.404e-02
cov**0.5/mean: 7.322e-02
cov**0.5/mean: 6.719e-02
cov**0.5/mean: 7.081e-02
cov**0.5/mean: 7.062e-02
cov**0.5/mean: 7.729e-02
cov**0.5/mean: 7.179e-02
cov**0.5/mean: 6.494e-02
cov**0.5/mean: 6.817e-02
cov**0.5/mean: 7.276e-02
cov**0.5/mean: 7.183e-02
cov**0.5/mean: 7.075e-02
cov**0.5/mean: 6.676e-02
cov**0.5/mean: 7.242e-02
cov**0.5/mean: 7.498e-02
cov**0.5/mean: 7.337e-02
cov**0.5/mean: 7.554e-02
cov**0.5/mean: 6.994e-02
cov**0.5/mean: 7.065e-02
cov**0.5/mean: 7.051e-02
cov**0.5/mean: 6.511e-02
cov**0.5/mean: 7.374e-02
cov**0.5/mean: 7.379e-02
cov**0.5/mean: 6.946e-02
cov**0.5/mean: 7.166e-02
cov**0.5/mean: 7.160e-02
cov**0.5/mean: 7.551e-02
cov**0.5/mean: 6.322e-02
cov**0.5/mean: 6.392e-02
cov**0.5/mean: 6.260e-02
cov**0.5/mean: 6.498e-02
cov**0.5/mean: 6.617e-02
cov**0.5/mean: 6.848e-02
cov**0.5/mean: 6.868e-02
cov**0.5/mean: 7.272e-02
cov**0.5/mean: nan
cov**0.5/mean: 6.969e-02
cov**0.5/mean: 6.590e-02
cov**0.5/mean: nan
cov**0.5/mean: nan
cov**0.5/mean: nan
cov**0.5/mean: 7.333e-02
cov**0.5/mean: 7.317e-02
cov**0.5/mean: 7.276e-02
cov**0.5/mean: 6.680e-02
cov**0.5/mean: 6.923e-02
cov**0.5/mean: 7.136e-02
cov**0.5/mean: 6.478e-02
cov**0.5/mean: 7.580e-02
cov**0.5/mean: 7.285e-02
cov**0.5/mean: nan
cov**0.5/mean: 6.576e-02
cov**0.5/mean: 7.263e-02
cov**0.5/mean: 6.978e-02
cov**0.5/mean: 6.936e-02
cov**0.5/mean: 6.953e-02
cov**0.5/mean: nan
cov**0.5/mean: 8.289e-02
cov**0.5/mean: 7.159e-02
cov**0.5/mean: 7.315e-02
cov**0.5/mean: 7.047e-02
cov**0.5/mean: 7.531e-02
cov**0.5/mean: 8.068e-02
cov**0.5/mean: 7.316e-02
cov**0.5/mean: 6.957e-02
cov**0.5/mean: 7.242e-02
cov**0.5/mean: 7.055e-02
cov**0.5/mean: 7.100e-02
cov**0.5/mean: 7.096e-02
cov**0.5/mean: 7.008e-02
cov**0.5/mean: 6.598e-02
cov**0.5/mean: 6.575e-02
cov**0.5/mean: 6.451e-02
cov**0.5/mean: 7.336e-02
cov**0.5/mean: 7.522e-02
cov**0.5/mean: 7.262e-02
cov**0.5/mean: 7.236e-02
cov**0.5/mean: 7.387e-02
cov**0.5/mean: 7.325e-02
cov**0.5/mean: 7.544e-02
cov**0.5/mean: 7.484e-02
cov**0.5/mean: 6.656e-02
cov**0.5/mean: nan
cov**0.5/mean: 6.847e-02
cov**0.5/mean: nan
cov**0.5/mean: 8.041e-02
cov**0.5/mean: 7.103e-02
cov**0.5/mean: 6.735e-02
cov**0.5/mean: 7.487e-02
cov**0.5/mean: 6.769e-02
cov**0.5/mean: 7.411e-02
cov**0.5/mean: nan
cov**0.5/mean: 7.008e-02
cov**0.5/mean: 7.160e-02
cov**0.5/mean: 7.314e-02
cov**0.5/mean: 7.158e-02
cov**0.5/mean: 6.481e-02
cov**0.5/mean: 6.845e-02
cov**0.5/mean: 6.942e-02
cov**0.5/mean: 6.582e-02
cov**0.5/mean: 7.040e-02
cov**0.5/mean: 7.335e-02
cov**0.5/mean: 7.130e-02
cov**0.5/mean: 6.690e-02
cov**0.5/mean: 7.340e-02
cov**0.5/mean: 6.616e-02
cov**0.5/mean: 7.255e-02
cov**0.5/mean: 7.133e-02
cov**0.5/mean: nan
cov**0.5/mean: nan
cov**0.5/mean: 7.176e-02
cov**0.5/mean: 7.282e-02
cov**0.5/mean: 7.206e-02
cov**0.5/mean: 7.494e-02
cov**0.5/mean: 6.688e-02
cov**0.5/mean: 6.848e-02
cov**0.5/mean: 7.359e-02
cov**0.5/mean: 6.966e-02
cov**0.5/mean: 6.663e-02
cov**0.5/mean: 7.072e-02
cov**0.5/mean: nan
cov**0.5/mean: 6.825e-02
cov**0.5/mean: nan
cov**0.5/mean: nan
cov**0.5/mean: 7.164e-02
cov**0.5/mean: 6.616e-02
cov**0.5/mean: 6.971e-02
cov**0.5/mean: 6.951e-02
cov**0.5/mean: 6.997e-02
cov**0.5/mean: 7.118e-02
cov**0.5/mean: 7.273e-02
cov**0.5/mean: 6.440e-02
cov**0.5/mean: nan
cov**0.5/mean: 7.166e-02
cov**0.5/mean: 7.264e-02
cov**0.5/mean: 7.537e-02
cov**0.5/mean: 7.779e-02
cov**0.5/mean: 6.994e-02
cov**0.5/mean: 7.295e-02
cov**0.5/mean: 7.310e-02
cov**0.5/mean: nan
cov**0.5/mean: 7.449e-02
cov**0.5/mean: 6.964e-02
cov**0.5/mean: 7.461e-02
cov**0.5/mean: 7.332e-02
cov**0.5/mean: 7.518e-02
cov**0.5/mean: 7.009e-02
cov**0.5/mean: 6.964e-02
cov**0.5/mean: 7.248e-02
cov**0.5/mean: 7.193e-02
cov**0.5/mean: 7.185e-02
cov**0.5/mean: 7.199e-02
cov**0.5/mean: 6.946e-02
cov**0.5/mean: 6.507e-02
cov**0.5/mean: 7.033e-02
cov**0.5/mean: 7.366e-02
cov**0.5/mean: 7.358e-02
cov**0.5/mean: 6.824e-02
cov**0.5/mean: 7.482e-02
cov**0.5/mean: 7.427e-02
cov**0.5/mean: 7.131e-02
cov**0.5/mean: 7.056e-02
cov**0.5/mean: 7.345e-02
cov**0.5/mean: 7.193e-02
cov**0.5/mean: 6.819e-02
cov**0.5/mean: 7.462e-02
cov**0.5/mean: 7.333e-02
cov**0.5/mean: 7.156e-02
cov**0.5/mean: 7.146e-02
cov**0.5/mean: 7.274e-02
cov**0.5/mean: 7.378e-02
cov**0.5/mean: 7.023e-02
cov**0.5/mean: 6.754e-02
cov**0.5/mean: 7.304e-02
cov**0.5/mean: 6.805e-02
cov**0.5/mean: 7.109e-02
cov**0.5/mean: 7.035e-02
cov**0.5/mean: 7.183e-02
cov**0.5/mean: 7.179e-02
cov**0.5/mean: 6.432e-02
cov**0.5/mean: nan
cov**0.5/mean: 6.605e-02
cov**0.5/mean: 7.064e-02
cov**0.5/mean: 7.169e-02
cov**0.5/mean: 6.952e-02
cov**0.5/mean: 6.598e-02
cov**0.5/mean: 7.075e-02
cov**0.5/mean: 6.878e-02
cov**0.5/mean: 6.497e-02
cov**0.5/mean: 6.988e-02
cov**0.5/mean: 7.093e-02
cov**0.5/mean: 7.108e-02
cov**0.5/mean: 7.466e-02
cov**0.5/mean: 6.934e-02
cov**0.5/mean: 6.633e-02
cov**0.5/mean: 8.761e-02
cov**0.5/mean: 7.242e-02
cov**0.5/mean: 7.538e-02
cov**0.5/mean: 7.603e-02
cov**0.5/mean: 7.380e-02
cov**0.5/mean: 6.923e-02
cov**0.5/mean: 8.303e-02
cov**0.5/mean: 6.618e-02
cov**0.5/mean: 6.970e-02
cov**0.5/mean: 6.906e-02
cov**0.5/mean: 7.062e-02
cov**0.5/mean: 7.684e-02
cov**0.5/mean: 6.909e-02
cov**0.5/mean: 7.011e-02
cov**0.5/mean: 7.435e-02
cov**0.5/mean: 7.458e-02
cov**0.5/mean: 6.916e-02
cov**0.5/mean: 6.316e-02
cov**0.5/mean: 7.203e-02
cov**0.5/mean: 7.401e-02
cov**0.5/mean: 7.121e-02
cov**0.5/mean: nan
cov**0.5/mean: 7.279e-02
cov**0.5/mean: 7.056e-02
cov**0.5/mean: 6.919e-02
cov**0.5/mean: 6.885e-02
cov**0.5/mean: 7.613e-02
cov**0.5/mean: 7.654e-02
cov**0.5/mean: 7.629e-02
cov**0.5/mean: 6.970e-02
cov**0.5/mean: 6.859e-02
cov**0.5/mean: 6.830e-02
cov**0.5/mean: 8.069e-02
cov**0.5/mean: 7.759e-02
cov**0.5/mean: 7.061e-02
cov**0.5/mean: 7.445e-02
cov**0.5/mean: 9.354e-02
cov**0.5/mean: 7.412e-02
cov**0.5/mean: 7.300e-02
cov**0.5/mean: 7.111e-02
cov**0.5/mean: 7.439e-02
cov**0.5/mean: 7.265e-02
cov**0.5/mean: 6.930e-02
cov**0.5/mean: 7.612e-02
cov**0.5/mean: 7.409e-02
cov**0.5/mean: 7.076e-02
cov**0.5/mean: 7.026e-02
cov**0.5/mean: 7.483e-02
cov**0.5/mean: 7.416e-02
cov**0.5/mean: 7.205e-02
cov**0.5/mean: 7.104e-02
cov**0.5/mean: 6.982e-02
cov**0.5/mean: 7.638e-02
cov**0.5/mean: 7.140e-02
cov**0.5/mean: 6.904e-02
cov**0.5/mean: 6.464e-02
cov**0.5/mean: 7.625e-02
cov**0.5/mean: 7.068e-02
cov**0.5/mean: 7.410e-02
cov**0.5/mean: 7.671e-02
cov**0.5/mean: 6.839e-02
cov**0.5/mean: 7.046e-02
cov**0.5/mean: 6.596e-02
cov**0.5/mean: 7.574e-02
cov**0.5/mean: 6.443e-02
cov**0.5/mean: nan
cov**0.5/mean: 7.413e-02
cov**0.5/mean: 7.101e-02
cov**0.5/mean: 6.785e-02
cov**0.5/mean: 7.489e-02
cov**0.5/mean: 7.031e-02
cov**0.5/mean: 7.236e-02
cov**0.5/mean: 7.263e-02
cov**0.5/mean: 7.244e-02
cov**0.5/mean: 6.696e-02
cov**0.5/mean: 8.229e-02
cov**0.5/mean: 7.237e-02
cov**0.5/mean: 6.790e-02
cov**0.5/mean: 6.744e-02
cov**0.5/mean: 6.979e-02
cov**0.5/mean: 6.781e-02
cov**0.5/mean: 7.029e-02
cov**0.5/mean: 7.047e-02
cov**0.5/mean: 6.765e-02
cov**0.5/mean: 6.939e-02
cov**0.5/mean: 7.179e-02
cov**0.5/mean: 6.834e-02
cov**0.5/mean: nan
cov**0.5/mean: 6.933e-02
cov**0.5/mean: 7.053e-02
cov**0.5/mean: 7.285e-02
cov**0.5/mean: nan
cov**0.5/mean: 7.240e-02
cov**0.5/mean: 7.694e-02
cov**0.5/mean: 7.022e-02
cov**0.5/mean: 6.968e-02
cov**0.5/mean: 7.129e-02
cov**0.5/mean: 7.341e-02
cov**0.5/mean: 7.036e-02
cov**0.5/mean: 6.432e-02
cov**0.5/mean: 6.845e-02
cov**0.5/mean: 6.700e-02
cov**0.5/mean: nan
cov**0.5/mean: nan
cov**0.5/mean: 7.082e-02
cov**0.5/mean: 7.237e-02
cov**0.5/mean: 7.264e-02
cov**0.5/mean: 7.034e-02
cov**0.5/mean: 7.025e-02
cov**0.5/mean: 7.237e-02
cov**0.5/mean: 6.669e-02
cov**0.5/mean: 6.952e-02
cov**0.5/mean: 7.367e-02
cov**0.5/mean: 7.074e-02
cov**0.5/mean: 7.319e-02
cov**0.5/mean: 7.176e-02
cov**0.5/mean: 7.036e-02
cov**0.5/mean: 7.404e-02
cov**0.5/mean: 7.284e-02
cov**0.5/mean: 7.344e-02
cov**0.5/mean: nan
cov**0.5/mean: 6.810e-02
cov**0.5/mean: 6.926e-02
cov**0.5/mean: 6.690e-02
cov**0.5/mean: 7.314e-02
cov**0.5/mean: 7.007e-02
cov**0.5/mean: 7.007e-02
cov**0.5/mean: 6.486e-02
cov**0.5/mean: 6.560e-02
cov**0.5/mean: 7.510e-02
cov**0.5/mean: 7.280e-02
cov**0.5/mean: 6.915e-02
cov**0.5/mean: 7.127e-02
cov**0.5/mean: 6.744e-02
cov**0.5/mean: 6.864e-02
cov**0.5/mean: 7.545e-02
cov**0.5/mean: 7.411e-02
cov**0.5/mean: 7.309e-02
cov**0.5/mean: 7.455e-02
cov**0.5/mean: 7.624e-02
cov**0.5/mean: 7.302e-02
cov**0.5/mean: 6.683e-02
cov**0.5/mean: 6.857e-02
cov**0.5/mean: 7.207e-02
cov**0.5/mean: 6.585e-02
cov**0.5/mean: 6.459e-02
cov**0.5/mean: 7.214e-02
cov**0.5/mean: 6.703e-02
cov**0.5/mean: 7.164e-02
cov**0.5/mean: 6.895e-02
cov**0.5/mean: 7.355e-02
cov**0.5/mean: 6.304e-02
cov**0.5/mean: 6.479e-02
cov**0.5/mean: 7.605e-02
cov**0.5/mean: 7.220e-02
cov**0.5/mean: 7.521e-02
cov**0.5/mean: 6.657e-02
cov**0.5/mean: 6.773e-02
cov**0.5/mean: 7.195e-02
cov**0.5/mean: 8.246e-02
cov**0.5/mean: 7.304e-02
cov**0.5/mean: 7.157e-02
cov**0.5/mean: 7.215e-02
cov**0.5/mean: 7.135e-02
cov**0.5/mean: 6.450e-02
cov**0.5/mean: 6.437e-02
cov**0.5/mean: 8.560e-02
cov**0.5/mean: 7.251e-02
cov**0.5/mean: 6.979e-02
cov**0.5/mean: 7.433e-02
cov**0.5/mean: 6.947e-02
cov**0.5/mean: 7.326e-02
cov**0.5/mean: 7.375e-02
cov**0.5/mean: 7.138e-02
cov**0.5/mean: 7.225e-02
cov**0.5/mean: 7.631e-02
cov**0.5/mean: 7.122e-02
cov**0.5/mean: 7.158e-02
cov**0.5/mean: 7.753e-02
cov**0.5/mean: 6.820e-02
cov**0.5/mean: 7.463e-02
cov**0.5/mean: 6.956e-02
cov**0.5/mean: 7.076e-02
cov**0.5/mean: 7.286e-02
cov**0.5/mean: nan
cov**0.5/mean: 7.250e-02
cov**0.5/mean: 7.260e-02
cov**0.5/mean: 7.311e-02
cov**0.5/mean: 7.401e-02
cov**0.5/mean: 7.201e-02
cov**0.5/mean: 5.611e-02
cov**0.5/mean: 7.471e-02
cov**0.5/mean: 7.015e-02
cov**0.5/mean: 7.167e-02
cov**0.5/mean: 7.445e-02
cov**0.5/mean: 6.791e-02
cov**0.5/mean: 7.194e-02
cov**0.5/mean: 6.635e-02
cov**0.5/mean: 7.476e-02
cov**0.5/mean: 7.582e-02
cov**0.5/mean: 6.880e-02
cov**0.5/mean: 7.605e-02
cov**0.5/mean: 7.265e-02
cov**0.5/mean: 8.316e-02
cov**0.5/mean: 6.677e-02
cov**0.5/mean: 7.037e-02
cov**0.5/mean: 7.249e-02
cov**0.5/mean: 7.035e-02
cov**0.5/mean: 6.927e-02
cov**0.5/mean: 7.151e-02
cov**0.5/mean: 7.210e-02
cov**0.5/mean: 7.409e-02
cov**0.5/mean: 8.710e-02
cov**0.5/mean: 6.804e-02
cov**0.5/mean: nan
cov**0.5/mean: 6.739e-02
cov**0.5/mean: 7.940e-02
cov**0.5/mean: 6.744e-02
cov**0.5/mean: 7.212e-02
cov**0.5/mean: 7.825e-02
cov**0.5/mean: 6.761e-02
cov**0.5/mean: 7.481e-02
cov**0.5/mean: 7.143e-02
cov**0.5/mean: 6.251e-02
cov**0.5/mean: 6.982e-02
cov**0.5/mean: 7.198e-02
cov**0.5/mean: 7.313e-02
cov**0.5/mean: nan
cov**0.5/mean: 6.922e-02
cov**0.5/mean: 6.686e-02
cov**0.5/mean: 7.045e-02
cov**0.5/mean: 6.869e-02
cov**0.5/mean: 7.513e-02
cov**0.5/mean: 6.414e-02
cov**0.5/mean: 6.952e-02
cov**0.5/mean: 7.070e-02
cov**0.5/mean: 6.887e-02
cov**0.5/mean: 7.284e-02
cov**0.5/mean: 7.219e-02
cov**0.5/mean: 7.260e-02
cov**0.5/mean: 8.438e-02
cov**0.5/mean: 7.304e-02
cov**0.5/mean: 7.123e-02
cov**0.5/mean: 6.813e-02
cov**0.5/mean: 8.614e-02
cov**0.5/mean: 7.086e-02
cov**0.5/mean: 7.185e-02
cov**0.5/mean: 7.696e-02
cov**0.5/mean: 7.239e-02
cov**0.5/mean: 8.533e-02
cov**0.5/mean: 7.197e-02
cov**0.5/mean: 6.779e-02
cov**0.5/mean: 7.381e-02
cov**0.5/mean: 6.624e-02
cov**0.5/mean: 7.309e-02
cov**0.5/mean: 7.416e-02
cov**0.5/mean: 7.439e-02
cov**0.5/mean: 7.028e-02
cov**0.5/mean: nan
cov**0.5/mean: 7.082e-02
cov**0.5/mean: 7.294e-02
cov**0.5/mean: 6.844e-02
cov**0.5/mean: nan
cov**0.5/mean: 7.070e-02
cov**0.5/mean: nan
cov**0.5/mean: 7.236e-02
cov**0.5/mean: 7.131e-02
cov**0.5/mean: 7.464e-02
cov**0.5/mean: 6.885e-02
cov**0.5/mean: 7.870e-02
cov**0.5/mean: 7.040e-02
cov**0.5/mean: 7.821e-02
cov**0.5/mean: 6.936e-02
cov**0.5/mean: 7.104e-02
cov**0.5/mean: 6.954e-02
cov**0.5/mean: 7.158e-02
cov**0.5/mean: 9.151e-02
cov**0.5/mean: 7.197e-02
cov**0.5/mean: 7.148e-02
cov**0.5/mean: 7.360e-02
cov**0.5/mean: 7.194e-02
cov**0.5/mean: nan
cov**0.5/mean: nan
cov**0.5/mean: 7.391e-02
cov**0.5/mean: 7.059e-02
cov**0.5/mean: 7.393e-02
cov**0.5/mean: 7.053e-02
cov**0.5/mean: nan
cov**0.5/mean: 7.236e-02
cov**0.5/mean: 6.963e-02
cov**0.5/mean: 7.820e-02
cov**0.5/mean: 7.048e-02
cov**0.5/mean: 6.608e-02
cov**0.5/mean: 6.370e-02
cov**0.5/mean: 7.119e-02
cov**0.5/mean: 7.206e-02
cov**0.5/mean: 6.332e-02
cov**0.5/mean: 6.386e-02
cov**0.5/mean: 6.781e-02
cov**0.5/mean: 7.384e-02
cov**0.5/mean: 6.896e-02
cov**0.5/mean: 7.075e-02
cov**0.5/mean: 6.933e-02
cov**0.5/mean: 6.812e-02
cov**0.5/mean: nan
cov**0.5/mean: 6.721e-02
cov**0.5/mean: 6.483e-02
cov**0.5/mean: 6.218e-02
cov**0.5/mean: 6.620e-02
cov**0.5/mean: nan
cov**0.5/mean: 7.214e-02
cov**0.5/mean: 6.641e-02
cov**0.5/mean: 6.408e-02
cov**0.5/mean: 6.389e-02
cov**0.5/mean: 6.484e-02
cov**0.5/mean: 7.189e-02
cov**0.5/mean: 6.945e-02
cov**0.5/mean: 7.407e-02
cov**0.5/mean: 7.187e-02
cov**0.5/mean: 7.151e-02
cov**0.5/mean: 7.165e-02
cov**0.5/mean: 7.463e-02
cov**0.5/mean: 7.261e-02
cov**0.5/mean: 6.513e-02
cov**0.5/mean: nan
cov**0.5/mean: nan
cov**0.5/mean: 6.688e-02
cov**0.5/mean: 6.755e-02
cov**0.5/mean: nan
cov**0.5/mean: 6.882e-02
cov**0.5/mean: 6.994e-02
cov**0.5/mean: 6.733e-02
cov**0.5/mean: 6.382e-02
cov**0.5/mean: 7.006e-02
cov**0.5/mean: 6.735e-02
  Step 1000/10000, Time: 5.6s, Acceptance: nan
cov**0.5/mean: 7.107e-02
cov**0.5/mean: 7.185e-02
cov**0.5/mean: 8.073e-02
cov**0.5/mean: nan
cov**0.5/mean: 7.434e-02
cov**0.5/mean: 6.872e-02
cov**0.5/mean: nan
cov**0.5/mean: nan
cov**0.5/mean: 7.620e-02
cov**0.5/mean: 7.140e-02
cov**0.5/mean: 7.088e-02
cov**0.5/mean: 6.723e-02
cov**0.5/mean: 7.183e-02
cov**0.5/mean: 7.029e-02
cov**0.5/mean: 6.976e-02
cov**0.5/mean: 7.048e-02
cov**0.5/mean: 7.151e-02
cov**0.5/mean: 7.295e-02
cov**0.5/mean: 6.979e-02
cov**0.5/mean: 7.564e-02
cov**0.5/mean: 6.790e-02
cov**0.5/mean: nan
cov**0.5/mean: 6.805e-02
cov**0.5/mean: 7.685e-02
cov**0.5/mean: 7.063e-02
cov**0.5/mean: 7.576e-02
cov**0.5/mean: 7.682e-02
cov**0.5/mean: 7.074e-02
cov**0.5/mean: 7.397e-02
cov**0.5/mean: 7.272e-02
cov**0.5/mean: 7.320e-02
cov**0.5/mean: 7.319e-02
cov**0.5/mean: 7.243e-02
cov**0.5/mean: 7.303e-02
cov**0.5/mean: 6.541e-02
cov**0.5/mean: 6.986e-02
cov**0.5/mean: 6.605e-02
cov**0.5/mean: 7.689e-02
cov**0.5/mean: 7.331e-02
cov**0.5/mean: 6.928e-02
cov**0.5/mean: 7.119e-02
cov**0.5/mean: 7.232e-02
cov**0.5/mean: 6.704e-02
cov**0.5/mean: 6.731e-02
cov**0.5/mean: 6.789e-02
cov**0.5/mean: 7.280e-02
cov**0.5/mean: 7.522e-02
cov**0.5/mean: 7.430e-02
cov**0.5/mean: 7.036e-02
cov**0.5/mean: nan
cov**0.5/mean: 7.183e-02
cov**0.5/mean: 7.282e-02
cov**0.5/mean: nan
cov**0.5/mean: 6.170e-02
cov**0.5/mean: 7.040e-02
cov**0.5/mean: 6.509e-02
cov**0.5/mean: 6.575e-02
cov**0.5/mean: 7.260e-02
cov**0.5/mean: 7.169e-02
cov**0.5/mean: 7.316e-02
cov**0.5/mean: 8.028e-02
cov**0.5/mean: 6.652e-02
cov**0.5/mean: nan
cov**0.5/mean: 7.289e-02
cov**0.5/mean: 7.121e-02
cov**0.5/mean: 7.657e-02
cov**0.5/mean: 7.447e-02
cov**0.5/mean: 6.671e-02
cov**0.5/mean: 9.267e-02
cov**0.5/mean: 7.095e-02
cov**0.5/mean: 7.289e-02
cov**0.5/mean: 7.459e-02
cov**0.5/mean: 7.170e-02
cov**0.5/mean: 7.204e-02
cov**0.5/mean: 7.162e-02
cov**0.5/mean: 7.183e-02
cov**0.5/mean: 8.302e-02
cov**0.5/mean: 7.274e-02
cov**0.5/mean: 6.417e-02
cov**0.5/mean: 7.155e-02
cov**0.5/mean: 7.638e-02
cov**0.5/mean: 7.287e-02
cov**0.5/mean: 7.674e-02
cov**0.5/mean: 7.856e-02
cov**0.5/mean: 6.963e-02
cov**0.5/mean: 6.859e-02
cov**0.5/mean: 7.188e-02
cov**0.5/mean: 6.355e-02
cov**0.5/mean: 6.653e-02
cov**0.5/mean: 6.975e-02
cov**0.5/mean: 6.841e-02
cov**0.5/mean: 7.727e-02
cov**0.5/mean: 7.425e-02
cov**0.5/mean: 6.752e-02
cov**0.5/mean: 6.397e-02
cov**0.5/mean: 7.616e-02
cov**0.5/mean: 7.686e-02
cov**0.5/mean: nan
cov**0.5/mean: 7.056e-02
cov**0.5/mean: 7.235e-02
cov**0.5/mean: 7.289e-02
cov**0.5/mean: 7.637e-02
cov**0.5/mean: 7.494e-02
cov**0.5/mean: 7.235e-02
cov**0.5/mean: 7.165e-02
cov**0.5/mean: nan
cov**0.5/mean: 6.666e-02
cov**0.5/mean: 6.856e-02
cov**0.5/mean: 7.351e-02
cov**0.5/mean: 7.423e-02
cov**0.5/mean: 7.176e-02
cov**0.5/mean: 7.304e-02
cov**0.5/mean: 6.288e-02
cov**0.5/mean: 7.263e-02
cov**0.5/mean: 7.172e-02
cov**0.5/mean: 7.086e-02
cov**0.5/mean: nan
cov**0.5/mean: 6.803e-02
cov**0.5/mean: 7.143e-02
cov**0.5/mean: 7.600e-02
cov**0.5/mean: 7.140e-02
cov**0.5/mean: 6.255e-02
cov**0.5/mean: 6.967e-02
cov**0.5/mean: 7.421e-02
cov**0.5/mean: 7.105e-02
cov**0.5/mean: 6.875e-02
cov**0.5/mean: 7.212e-02
cov**0.5/mean: 7.506e-02
cov**0.5/mean: 7.239e-02
cov**0.5/mean: 7.705e-02
cov**0.5/mean: 7.044e-02
cov**0.5/mean: 6.100e-02
cov**0.5/mean: 7.711e-02
cov**0.5/mean: 6.149e-02
cov**0.5/mean: 7.275e-02
cov**0.5/mean: 6.862e-02
cov**0.5/mean: 6.970e-02
cov**0.5/mean: 6.635e-02
cov**0.5/mean: 6.620e-02
cov**0.5/mean: 6.880e-02
cov**0.5/mean: 6.852e-02
cov**0.5/mean: 6.266e-02
cov**0.5/mean: 6.135e-02
cov**0.5/mean: 7.450e-02
cov**0.5/mean: 6.999e-02
cov**0.5/mean: 7.082e-02
cov**0.5/mean: 6.364e-02
cov**0.5/mean: 6.842e-02
cov**0.5/mean: nan
cov**0.5/mean: 7.121e-02
cov**0.5/mean: 6.900e-02
cov**0.5/mean: nan
cov**0.5/mean: nan
cov**0.5/mean: 7.293e-02
cov**0.5/mean: 7.345e-02
cov**0.5/mean: 7.046e-02
cov**0.5/mean: 7.039e-02
cov**0.5/mean: 7.209e-02
cov**0.5/mean: 7.351e-02
cov**0.5/mean: 7.455e-02
cov**0.5/mean: 7.197e-02
cov**0.5/mean: 7.255e-02
cov**0.5/mean: 7.402e-02
cov**0.5/mean: 7.553e-02
cov**0.5/mean: 7.574e-02
cov**0.5/mean: 7.544e-02
cov**0.5/mean: 7.619e-02
cov**0.5/mean: 7.265e-02
cov**0.5/mean: nan
cov**0.5/mean: 7.007e-02
cov**0.5/mean: nan
cov**0.5/mean: 7.084e-02
cov**0.5/mean: 7.100e-02
cov**0.5/mean: 7.240e-02
cov**0.5/mean: 6.673e-02
cov**0.5/mean: 7.805e-02
cov**0.5/mean: 6.805e-02
cov**0.5/mean: 7.420e-02
cov**0.5/mean: 6.991e-02
cov**0.5/mean: 6.498e-02
cov**0.5/mean: 7.409e-02
cov**0.5/mean: nan
cov**0.5/mean: 6.640e-02
cov**0.5/mean: 7.004e-02
cov**0.5/mean: nan
cov**0.5/mean: nan
cov**0.5/mean: 7.002e-02
cov**0.5/mean: 8.261e-02
cov**0.5/mean: 6.740e-02
cov**0.5/mean: 7.163e-02
cov**0.5/mean: 6.790e-02
cov**0.5/mean: nan
cov**0.5/mean: nan
cov**0.5/mean: 7.105e-02
cov**0.5/mean: 8.370e-02
cov**0.5/mean: 6.755e-02
cov**0.5/mean: 6.812e-02
cov**0.5/mean: 7.082e-02
cov**0.5/mean: 7.499e-02
cov**0.5/mean: 6.715e-02
cov**0.5/mean: 6.948e-02
cov**0.5/mean: 7.400e-02
cov**0.5/mean: 7.284e-02
cov**0.5/mean: 6.646e-02
cov**0.5/mean: 6.920e-02
cov**0.5/mean: 7.076e-02
cov**0.5/mean: 7.299e-02
cov**0.5/mean: 6.970e-02
cov**0.5/mean: 7.313e-02
cov**0.5/mean: 7.512e-02
cov**0.5/mean: 6.590e-02
cov**0.5/mean: nan
cov**0.5/mean: nan
cov**0.5/mean: 7.532e-02
cov**0.5/mean: 7.361e-02
cov**0.5/mean: 6.913e-02
cov**0.5/mean: nan
cov**0.5/mean: 7.413e-02
cov**0.5/mean: 7.192e-02
cov**0.5/mean: 7.272e-02
cov**0.5/mean: 6.923e-02
cov**0.5/mean: 7.298e-02
cov**0.5/mean: 7.151e-02
cov**0.5/mean: 7.325e-02
cov**0.5/mean: 7.088e-02
cov**0.5/mean: 7.141e-02
cov**0.5/mean: 7.440e-02
cov**0.5/mean: 7.065e-02
cov**0.5/mean: 6.900e-02
cov**0.5/mean: nan
cov**0.5/mean: 7.270e-02
cov**0.5/mean: 7.277e-02
cov**0.5/mean: 6.922e-02
cov**0.5/mean: 6.984e-02
cov**0.5/mean: 6.875e-02
cov**0.5/mean: 7.256e-02
cov**0.5/mean: 7.403e-02
cov**0.5/mean: 7.273e-02
cov**0.5/mean: 8.116e-02
cov**0.5/mean: 6.824e-02
cov**0.5/mean: 7.188e-02
cov**0.5/mean: 6.782e-02
cov**0.5/mean: 7.392e-02
cov**0.5/mean: 7.020e-02
cov**0.5/mean: 7.332e-02
cov**0.5/mean: 7.235e-02
cov**0.5/mean: 6.916e-02
cov**0.5/mean: 6.789e-02
cov**0.5/mean: 6.382e-02
cov**0.5/mean: 7.086e-02
cov**0.5/mean: 6.992e-02
cov**0.5/mean: 7.077e-02
cov**0.5/mean: 7.009e-02
cov**0.5/mean: 6.942e-02
cov**0.5/mean: 7.880e-02
cov**0.5/mean: 7.665e-02
cov**0.5/mean: 7.349e-02
cov**0.5/mean: 6.936e-02
cov**0.5/mean: 7.295e-02
cov**0.5/mean: 6.988e-02
cov**0.5/mean: 7.595e-02
cov**0.5/mean: 7.178e-02
cov**0.5/mean: 6.841e-02
cov**0.5/mean: 6.947e-02
cov**0.5/mean: 7.690e-02
cov**0.5/mean: nan
cov**0.5/mean: 6.742e-02
cov**0.5/mean: 7.902e-02
cov**0.5/mean: 7.091e-02
cov**0.5/mean: 7.587e-02
cov**0.5/mean: 6.953e-02
cov**0.5/mean: 7.115e-02
cov**0.5/mean: 6.600e-02
cov**0.5/mean: 6.968e-02
cov**0.5/mean: 7.224e-02
cov**0.5/mean: 6.775e-02
cov**0.5/mean: 7.200e-02
cov**0.5/mean: 7.290e-02
cov**0.5/mean: 7.129e-02
cov**0.5/mean: 6.889e-02
cov**0.5/mean: 6.811e-02
cov**0.5/mean: 6.517e-02
cov**0.5/mean: nan
cov**0.5/mean: 7.065e-02
cov**0.5/mean: 7.682e-02
cov**0.5/mean: 7.237e-02
cov**0.5/mean: 6.644e-02
cov**0.5/mean: 7.356e-02
cov**0.5/mean: 7.368e-02
cov**0.5/mean: 7.285e-02
cov**0.5/mean: 7.535e-02
cov**0.5/mean: 7.255e-02
cov**0.5/mean: 7.140e-02
cov**0.5/mean: 7.057e-02
cov**0.5/mean: nan
cov**0.5/mean: 7.200e-02
cov**0.5/mean: 6.512e-02
cov**0.5/mean: 6.622e-02
cov**0.5/mean: 5.636e-02
cov**0.5/mean: 7.094e-02
cov**0.5/mean: 7.152e-02
cov**0.5/mean: 6.496e-02
cov**0.5/mean: 5.915e-02
cov**0.5/mean: 7.200e-02
cov**0.5/mean: 7.573e-02
cov**0.5/mean: 7.894e-02
cov**0.5/mean: 6.724e-02
cov**0.5/mean: 7.058e-02
cov**0.5/mean: 7.498e-02
cov**0.5/mean: 7.201e-02
cov**0.5/mean: 7.114e-02
cov**0.5/mean: 6.932e-02
cov**0.5/mean: 7.219e-02
cov**0.5/mean: 7.084e-02
cov**0.5/mean: 7.129e-02
cov**0.5/mean: nan
cov**0.5/mean: 6.799e-02
cov**0.5/mean: 7.444e-02
cov**0.5/mean: 7.354e-02
cov**0.5/mean: 7.317e-02
cov**0.5/mean: nan
cov**0.5/mean: 7.142e-02
cov**0.5/mean: 7.292e-02
cov**0.5/mean: 7.226e-02
cov**0.5/mean: 7.691e-02
cov**0.5/mean: 6.673e-02
cov**0.5/mean: 6.902e-02
cov**0.5/mean: 6.530e-02
cov**0.5/mean: 7.289e-02
cov**0.5/mean: 7.498e-02
cov**0.5/mean: 6.970e-02
cov**0.5/mean: 7.482e-02
cov**0.5/mean: 6.961e-02
cov**0.5/mean: 7.351e-02
cov**0.5/mean: nan
cov**0.5/mean: 7.026e-02
cov**0.5/mean: 7.160e-02
cov**0.5/mean: 6.724e-02
cov**0.5/mean: 7.445e-02
cov**0.5/mean: 7.022e-02
cov**0.5/mean: 7.358e-02
cov**0.5/mean: 7.127e-02
cov**0.5/mean: 6.453e-02
cov**0.5/mean: 7.410e-02
cov**0.5/mean: 9.030e-02
cov**0.5/mean: 7.334e-02
cov**0.5/mean: 7.754e-02
cov**0.5/mean: 7.066e-02
cov**0.5/mean: 7.494e-02
cov**0.5/mean: 6.111e-02
cov**0.5/mean: 6.554e-02
cov**0.5/mean: 7.152e-02
cov**0.5/mean: 6.692e-02
cov**0.5/mean: 6.439e-02
cov**0.5/mean: 6.940e-02
cov**0.5/mean: 6.932e-02
cov**0.5/mean: 7.037e-02
cov**0.5/mean: 7.116e-02
cov**0.5/mean: 6.954e-02
cov**0.5/mean: 7.129e-02
cov**0.5/mean: 7.201e-02
cov**0.5/mean: 6.877e-02
cov**0.5/mean: 7.231e-02
cov**0.5/mean: nan
cov**0.5/mean: 6.964e-02
cov**0.5/mean: 7.270e-02
cov**0.5/mean: 7.208e-02
cov**0.5/mean: 7.406e-02
cov**0.5/mean: 7.055e-02
cov**0.5/mean: 7.215e-02
cov**0.5/mean: nan
cov**0.5/mean: 6.922e-02
cov**0.5/mean: 6.462e-02
cov**0.5/mean: 7.717e-02
cov**0.5/mean: 6.896e-02
cov**0.5/mean: 6.672e-02
cov**0.5/mean: 6.984e-02
cov**0.5/mean: 7.138e-02
cov**0.5/mean: 8.943e-02
cov**0.5/mean: 6.683e-02
cov**0.5/mean: 6.731e-02
cov**0.5/mean: 7.195e-02
cov**0.5/mean: 7.177e-02
cov**0.5/mean: 6.650e-02
cov**0.5/mean: 7.169e-02
cov**0.5/mean: 6.764e-02
cov**0.5/mean: nan
cov**0.5/mean: 6.979e-02
cov**0.5/mean: 7.085e-02
cov**0.5/mean: 6.965e-02
cov**0.5/mean: 7.143e-02
cov**0.5/mean: 7.531e-02
cov**0.5/mean: 7.497e-02
cov**0.5/mean: 7.121e-02
cov**0.5/mean: 7.212e-02
cov**0.5/mean: 7.226e-02
cov**0.5/mean: 7.491e-02
cov**0.5/mean: 6.776e-02
cov**0.5/mean: 6.951e-02
cov**0.5/mean: 8.574e-02
cov**0.5/mean: 6.777e-02
cov**0.5/mean: 7.230e-02
cov**0.5/mean: 7.061e-02
cov**0.5/mean: 6.934e-02
cov**0.5/mean: 6.635e-02
cov**0.5/mean: 6.796e-02
cov**0.5/mean: 7.528e-02
cov**0.5/mean: 7.405e-02
cov**0.5/mean: 7.096e-02
cov**0.5/mean: 7.443e-02
cov**0.5/mean: 6.315e-02
cov**0.5/mean: 7.136e-02
cov**0.5/mean: 7.279e-02
cov**0.5/mean: nan
cov**0.5/mean: 7.072e-02
cov**0.5/mean: nan
cov**0.5/mean: nan
cov**0.5/mean: 7.091e-02
cov**0.5/mean: 6.329e-02
cov**0.5/mean: nan
cov**0.5/mean: 7.126e-02
cov**0.5/mean: 7.236e-02
cov**0.5/mean: 6.749e-02
cov**0.5/mean: 6.976e-02
cov**0.5/mean: 7.836e-02
cov**0.5/mean: nan
cov**0.5/mean: 6.840e-02
cov**0.5/mean: 7.773e-02
cov**0.5/mean: 6.798e-02
cov**0.5/mean: 7.300e-02
cov**0.5/mean: 7.689e-02
cov**0.5/mean: 6.829e-02
cov**0.5/mean: 6.944e-02
cov**0.5/mean: 7.090e-02
cov**0.5/mean: 7.213e-02
cov**0.5/mean: 7.258e-02
cov**0.5/mean: 7.572e-02
cov**0.5/mean: 6.692e-02
cov**0.5/mean: 7.053e-02
cov**0.5/mean: 7.294e-02
cov**0.5/mean: 6.619e-02
cov**0.5/mean: 7.297e-02
cov**0.5/mean: 7.038e-02
cov**0.5/mean: 7.248e-02
cov**0.5/mean: 6.986e-02
cov**0.5/mean: nan
cov**0.5/mean: 6.905e-02
cov**0.5/mean: 7.218e-02
cov**0.5/mean: 7.386e-02
cov**0.5/mean: 6.822e-02
cov**0.5/mean: 7.319e-02
cov**0.5/mean: 7.173e-02
cov**0.5/mean: 7.334e-02
cov**0.5/mean: 6.751e-02
cov**0.5/mean: 6.905e-02
cov**0.5/mean: 7.058e-02
cov**0.5/mean: 7.118e-02
cov**0.5/mean: 7.684e-02
cov**0.5/mean: 7.151e-02
cov**0.5/mean: 7.452e-02
cov**0.5/mean: 7.151e-02
cov**0.5/mean: 7.572e-02
cov**0.5/mean: 6.564e-02
cov**0.5/mean: 7.171e-02
cov**0.5/mean: 6.622e-02
cov**0.5/mean: 6.801e-02
cov**0.5/mean: 7.409e-02
cov**0.5/mean: 6.906e-02
cov**0.5/mean: 6.899e-02
cov**0.5/mean: 7.138e-02
cov**0.5/mean: nan
cov**0.5/mean: 7.456e-02
cov**0.5/mean: 6.583e-02
cov**0.5/mean: 6.299e-02
cov**0.5/mean: 6.922e-02
cov**0.5/mean: 6.787e-02
cov**0.5/mean: 7.109e-02
cov**0.5/mean: 6.795e-02
cov**0.5/mean: nan
cov**0.5/mean: nan
cov**0.5/mean: 6.631e-02
cov**0.5/mean: 6.511e-02
cov**0.5/mean: 6.691e-02
cov**0.5/mean: 7.429e-02
cov**0.5/mean: 7.324e-02
cov**0.5/mean: 6.433e-02
cov**0.5/mean: 7.405e-02
cov**0.5/mean: 7.333e-02
cov**0.5/mean: 6.531e-02
cov**0.5/mean: 7.184e-02
cov**0.5/mean: 7.188e-02
cov**0.5/mean: 6.631e-02
cov**0.5/mean: 7.599e-02
cov**0.5/mean: 6.775e-02
cov**0.5/mean: 7.194e-02
cov**0.5/mean: 7.138e-02
cov**0.5/mean: 7.332e-02
cov**0.5/mean: 7.690e-02
cov**0.5/mean: 7.129e-02
cov**0.5/mean: 7.492e-02
cov**0.5/mean: 7.407e-02
cov**0.5/mean: 6.963e-02
cov**0.5/mean: 7.279e-02
cov**0.5/mean: 7.270e-02
cov**0.5/mean: 6.849e-02
cov**0.5/mean: 7.163e-02
cov**0.5/mean: 6.794e-02
cov**0.5/mean: nan
cov**0.5/mean: 7.447e-02
cov**0.5/mean: 6.854e-02
cov**0.5/mean: 7.194e-02
cov**0.5/mean: 6.583e-02
cov**0.5/mean: 6.493e-02
cov**0.5/mean: 6.181e-02
cov**0.5/mean: 6.390e-02
cov**0.5/mean: 6.285e-02
cov**0.5/mean: 7.224e-02
cov**0.5/mean: 7.478e-02
cov**0.5/mean: 6.985e-02
cov**0.5/mean: nan
cov**0.5/mean: 6.661e-02
cov**0.5/mean: 9.288e-02
cov**0.5/mean: 7.453e-02
cov**0.5/mean: 6.956e-02
cov**0.5/mean: 7.265e-02
cov**0.5/mean: 7.148e-02
cov**0.5/mean: 6.886e-02
cov**0.5/mean: 7.047e-02
cov**0.5/mean: 7.759e-02
cov**0.5/mean: 6.466e-02
cov**0.5/mean: 7.144e-02
cov**0.5/mean: 6.848e-02
cov**0.5/mean: 6.942e-02
cov**0.5/mean: 7.117e-02
cov**0.5/mean: 7.429e-02
cov**0.5/mean: 7.156e-02
cov**0.5/mean: 7.412e-02
cov**0.5/mean: 6.523e-02
cov**0.5/mean: 7.648e-02
cov**0.5/mean: 6.977e-02
cov**0.5/mean: 6.457e-02
cov**0.5/mean: 6.452e-02
cov**0.5/mean: 7.154e-02
cov**0.5/mean: 6.710e-02
cov**0.5/mean: 7.090e-02
cov**0.5/mean: 7.024e-02
cov**0.5/mean: 7.456e-02
cov**0.5/mean: 6.986e-02
cov**0.5/mean: 6.801e-02
cov**0.5/mean: 7.405e-02
cov**0.5/mean: 7.381e-02
cov**0.5/mean: nan
cov**0.5/mean: 6.684e-02
cov**0.5/mean: nan
cov**0.5/mean: 8.490e-02
cov**0.5/mean: 7.309e-02
cov**0.5/mean: 7.298e-02
cov**0.5/mean: 6.774e-02
cov**0.5/mean: 7.238e-02
cov**0.5/mean: 6.719e-02
cov**0.5/mean: 6.805e-02
cov**0.5/mean: nan
cov**0.5/mean: 7.009e-02
cov**0.5/mean: 6.788e-02
cov**0.5/mean: 7.124e-02
cov**0.5/mean: 7.103e-02
cov**0.5/mean: 7.242e-02
cov**0.5/mean: nan
cov**0.5/mean: 7.227e-02
cov**0.5/mean: 7.613e-02
cov**0.5/mean: nan
cov**0.5/mean: 7.120e-02
cov**0.5/mean: 6.592e-02
cov**0.5/mean: 7.100e-02
cov**0.5/mean: 7.166e-02
cov**0.5/mean: 7.049e-02
cov**0.5/mean: 7.177e-02
cov**0.5/mean: 7.586e-02
cov**0.5/mean: 7.188e-02
cov**0.5/mean: 6.504e-02
cov**0.5/mean: 6.767e-02
cov**0.5/mean: 7.095e-02
cov**0.5/mean: 6.157e-02
cov**0.5/mean: 6.484e-02
cov**0.5/mean: 6.049e-02
cov**0.5/mean: 6.959e-02
cov**0.5/mean: 7.370e-02
cov**0.5/mean: 6.429e-02
cov**0.5/mean: 6.354e-02
cov**0.5/mean: nan
cov**0.5/mean: 6.620e-02
cov**0.5/mean: 6.514e-02
cov**0.5/mean: 6.474e-02
cov**0.5/mean: 7.425e-02
cov**0.5/mean: 7.043e-02
cov**0.5/mean: 7.019e-02
cov**0.5/mean: 7.256e-02
cov**0.5/mean: 6.846e-02
cov**0.5/mean: 7.500e-02
cov**0.5/mean: 7.048e-02
cov**0.5/mean: 6.815e-02
cov**0.5/mean: 6.673e-02
cov**0.5/mean: nan
cov**0.5/mean: 7.095e-02
cov**0.5/mean: 7.537e-02
cov**0.5/mean: 6.987e-02
cov**0.5/mean: 7.256e-02
cov**0.5/mean: 6.797e-02
cov**0.5/mean: 7.042e-02
cov**0.5/mean: nan
cov**0.5/mean: 6.814e-02
cov**0.5/mean: 7.124e-02
cov**0.5/mean: 7.304e-02
cov**0.5/mean: 7.249e-02
cov**0.5/mean: 6.742e-02
cov**0.5/mean: 7.043e-02
cov**0.5/mean: 7.331e-02
cov**0.5/mean: 7.344e-02
cov**0.5/mean: 6.934e-02
cov**0.5/mean: 7.243e-02
cov**0.5/mean: 6.682e-02
cov**0.5/mean: 6.776e-02
cov**0.5/mean: 7.057e-02
cov**0.5/mean: 6.865e-02
cov**0.5/mean: 7.380e-02
cov**0.5/mean: 6.931e-02
cov**0.5/mean: 7.484e-02
cov**0.5/mean: 6.915e-02
cov**0.5/mean: 7.217e-02
cov**0.5/mean: nan
cov**0.5/mean: 7.289e-02
cov**0.5/mean: nan
cov**0.5/mean: 6.914e-02
cov**0.5/mean: 6.931e-02
cov**0.5/mean: 7.051e-02
cov**0.5/mean: 6.008e-02
cov**0.5/mean: 7.570e-02
cov**0.5/mean: 7.367e-02
cov**0.5/mean: 6.013e-02
cov**0.5/mean: 6.902e-02
cov**0.5/mean: 7.323e-02
cov**0.5/mean: 7.049e-02
cov**0.5/mean: 6.362e-02
cov**0.5/mean: 6.330e-02
cov**0.5/mean: 5.771e-02
cov**0.5/mean: 6.503e-02
cov**0.5/mean: 6.275e-02
cov**0.5/mean: 5.711e-02
cov**0.5/mean: 6.318e-02
cov**0.5/mean: 6.172e-02
cov**0.5/mean: 6.055e-02
cov**0.5/mean: nan
cov**0.5/mean: 6.010e-02
cov**0.5/mean: 6.083e-02
cov**0.5/mean: 5.608e-02
cov**0.5/mean: nan
cov**0.5/mean: 5.697e-02
cov**0.5/mean: 5.695e-02
cov**0.5/mean: 5.808e-02
cov**0.5/mean: 6.018e-02
cov**0.5/mean: nan
cov**0.5/mean: 6.538e-02
cov**0.5/mean: 6.528e-02
cov**0.5/mean: 5.970e-02
cov**0.5/mean: nan
cov**0.5/mean: 7.066e-02
cov**0.5/mean: 7.572e-02
cov**0.5/mean: 7.320e-02
cov**0.5/mean: nan
cov**0.5/mean: 6.942e-02
cov**0.5/mean: 6.942e-02
cov**0.5/mean: 6.730e-02
cov**0.5/mean: 7.805e-02
cov**0.5/mean: 7.455e-02
cov**0.5/mean: 6.336e-02
cov**0.5/mean: 7.249e-02
cov**0.5/mean: 7.388e-02
cov**0.5/mean: 7.415e-02
cov**0.5/mean: 7.168e-02
cov**0.5/mean: 6.809e-02
cov**0.5/mean: 8.773e-02
cov**0.5/mean: 7.478e-02
cov**0.5/mean: 8.989e-02
cov**0.5/mean: 9.350e-02
cov**0.5/mean: 7.234e-02
cov**0.5/mean: 7.820e-02
cov**0.5/mean: 6.892e-02
cov**0.5/mean: 7.448e-02
cov**0.5/mean: 7.043e-02
cov**0.5/mean: 6.836e-02
cov**0.5/mean: nan
cov**0.5/mean: 7.104e-02
cov**0.5/mean: 7.285e-02
cov**0.5/mean: nan
cov**0.5/mean: nan
cov**0.5/mean: nan
cov**0.5/mean: 6.747e-02
cov**0.5/mean: 6.448e-02
cov**0.5/mean: 6.769e-02
cov**0.5/mean: 6.401e-02
cov**0.5/mean: 7.181e-02
cov**0.5/mean: 7.356e-02
cov**0.5/mean: 6.682e-02
cov**0.5/mean: 7.116e-02
cov**0.5/mean: nan
cov**0.5/mean: 6.895e-02
cov**0.5/mean: nan
cov**0.5/mean: 6.694e-02
cov**0.5/mean: nan
cov**0.5/mean: 6.741e-02
cov**0.5/mean: 7.387e-02
cov**0.5/mean: 7.043e-02
cov**0.5/mean: 6.948e-02
cov**0.5/mean: 6.410e-02
cov**0.5/mean: nan
cov**0.5/mean: 7.029e-02
cov**0.5/mean: 6.406e-02
cov**0.5/mean: 7.405e-02
cov**0.5/mean: nan
cov**0.5/mean: 6.396e-02
cov**0.5/mean: 6.469e-02
cov**0.5/mean: 7.222e-02
cov**0.5/mean: 7.266e-02
cov**0.5/mean: 7.196e-02
cov**0.5/mean: 6.714e-02
cov**0.5/mean: 6.607e-02
cov**0.5/mean: 7.417e-02
cov**0.5/mean: 6.877e-02
cov**0.5/mean: 7.177e-02
cov**0.5/mean: 7.572e-02
cov**0.5/mean: 7.142e-02
cov**0.5/mean: 7.002e-02
cov**0.5/mean: 6.446e-02
cov**0.5/mean: 7.290e-02
cov**0.5/mean: 7.310e-02
cov**0.5/mean: 7.318e-02
cov**0.5/mean: 7.346e-02
cov**0.5/mean: 6.939e-02
cov**0.5/mean: 6.884e-02
cov**0.5/mean: 6.853e-02
cov**0.5/mean: 6.887e-02
cov**0.5/mean: 7.063e-02
cov**0.5/mean: 6.578e-02
cov**0.5/mean: 6.959e-02
cov**0.5/mean: 6.949e-02
cov**0.5/mean: 8.398e-02
cov**0.5/mean: 7.223e-02
cov**0.5/mean: 7.175e-02
cov**0.5/mean: 7.275e-02
cov**0.5/mean: 6.675e-02
cov**0.5/mean: 7.670e-02
cov**0.5/mean: 7.288e-02
cov**0.5/mean: 7.412e-02
cov**0.5/mean: 7.650e-02
cov**0.5/mean: 6.624e-02
cov**0.5/mean: 7.157e-02
cov**0.5/mean: 6.733e-02
cov**0.5/mean: 6.952e-02
cov**0.5/mean: 6.972e-02
cov**0.5/mean: 7.204e-02
cov**0.5/mean: 6.918e-02
cov**0.5/mean: 7.241e-02
cov**0.5/mean: 7.299e-02
cov**0.5/mean: 7.557e-02
cov**0.5/mean: nan
cov**0.5/mean: 7.152e-02
cov**0.5/mean: 8.215e-02
cov**0.5/mean: 6.722e-02
cov**0.5/mean: 7.231e-02
cov**0.5/mean: 7.006e-02
cov**0.5/mean: 7.400e-02
cov**0.5/mean: 6.901e-02
cov**0.5/mean: 6.983e-02
cov**0.5/mean: 7.242e-02
cov**0.5/mean: 6.616e-02
cov**0.5/mean: 6.909e-02
cov**0.5/mean: 7.682e-02
cov**0.5/mean: 7.188e-02
cov**0.5/mean: 7.021e-02
cov**0.5/mean: nan
cov**0.5/mean: 7.194e-02
cov**0.5/mean: 7.377e-02
cov**0.5/mean: nan
cov**0.5/mean: 6.869e-02
cov**0.5/mean: 7.063e-02
cov**0.5/mean: 7.203e-02
cov**0.5/mean: 7.213e-02
cov**0.5/mean: 7.020e-02
cov**0.5/mean: 6.674e-02
cov**0.5/mean: 7.005e-02
cov**0.5/mean: 7.282e-02
cov**0.5/mean: 7.552e-02
cov**0.5/mean: 6.940e-02
cov**0.5/mean: 7.260e-02
cov**0.5/mean: 6.588e-02
cov**0.5/mean: 6.858e-02
cov**0.5/mean: 7.998e-02
cov**0.5/mean: nan
cov**0.5/mean: 7.130e-02
cov**0.5/mean: 7.268e-02
cov**0.5/mean: 6.603e-02
cov**0.5/mean: 6.164e-02
cov**0.5/mean: nan
cov**0.5/mean: 7.444e-02
cov**0.5/mean: 6.830e-02
cov**0.5/mean: 6.972e-02
cov**0.5/mean: nan
cov**0.5/mean: 7.048e-02
cov**0.5/mean: nan
cov**0.5/mean: 6.805e-02
cov**0.5/mean: 7.712e-02
cov**0.5/mean: 7.595e-02
cov**0.5/mean: 7.189e-02
cov**0.5/mean: nan
cov**0.5/mean: 7.128e-02
cov**0.5/mean: 6.867e-02
cov**0.5/mean: 6.340e-02
cov**0.5/mean: 6.998e-02
cov**0.5/mean: 7.066e-02
cov**0.5/mean: 6.856e-02
cov**0.5/mean: 6.896e-02
cov**0.5/mean: nan
cov**0.5/mean: 7.318e-02
cov**0.5/mean: 7.046e-02
cov**0.5/mean: 7.218e-02
cov**0.5/mean: nan
cov**0.5/mean: 7.197e-02
cov**0.5/mean: 6.997e-02
cov**0.5/mean: 7.511e-02
cov**0.5/mean: 7.243e-02
cov**0.5/mean: 6.607e-02
cov**0.5/mean: 7.181e-02
cov**0.5/mean: 6.631e-02
cov**0.5/mean: 7.249e-02
cov**0.5/mean: 7.178e-02
cov**0.5/mean: 8.367e-02
cov**0.5/mean: 6.873e-02
cov**0.5/mean: 7.093e-02
cov**0.5/mean: 6.626e-02
cov**0.5/mean: 7.081e-02
cov**0.5/mean: 7.660e-02
cov**0.5/mean: 7.409e-02
cov**0.5/mean: 7.211e-02
cov**0.5/mean: 6.943e-02
cov**0.5/mean: 7.140e-02
cov**0.5/mean: nan
cov**0.5/mean: nan
cov**0.5/mean: 7.309e-02
cov**0.5/mean: 6.836e-02
cov**0.5/mean: 7.088e-02
cov**0.5/mean: nan
cov**0.5/mean: nan
cov**0.5/mean: 6.951e-02
cov**0.5/mean: 7.149e-02
cov**0.5/mean: 7.106e-02
cov**0.5/mean: 7.249e-02
cov**0.5/mean: 6.720e-02
cov**0.5/mean: 7.090e-02
cov**0.5/mean: 6.693e-02
cov**0.5/mean: 6.850e-02
cov**0.5/mean: 7.017e-02
cov**0.5/mean: 7.211e-02
cov**0.5/mean: 5.701e-02
cov**0.5/mean: nan
cov**0.5/mean: 6.290e-02
cov**0.5/mean: 6.509e-02
cov**0.5/mean: 7.070e-02
cov**0.5/mean: 7.544e-02
cov**0.5/mean: 7.406e-02
cov**0.5/mean: 6.839e-02
cov**0.5/mean: 6.884e-02
cov**0.5/mean: 7.260e-02
cov**0.5/mean: 7.072e-02
cov**0.5/mean: 7.438e-02
cov**0.5/mean: 7.629e-02
cov**0.5/mean: nan
cov**0.5/mean: 7.029e-02
cov**0.5/mean: 7.980e-02
cov**0.5/mean: 7.676e-02
cov**0.5/mean: 7.289e-02
cov**0.5/mean: 6.801e-02
cov**0.5/mean: 6.686e-02
cov**0.5/mean: 7.082e-02
cov**0.5/mean: 6.728e-02
cov**0.5/mean: 7.377e-02
cov**0.5/mean: 7.364e-02
cov**0.5/mean: 6.694e-02
cov**0.5/mean: 7.374e-02
cov**0.5/mean: 7.643e-02
cov**0.5/mean: 7.347e-02
cov**0.5/mean: 6.691e-02
cov**0.5/mean: 7.990e-02
cov**0.5/mean: 8.836e-02
cov**0.5/mean: 7.355e-02
cov**0.5/mean: 7.462e-02
cov**0.5/mean: 7.300e-02
cov**0.5/mean: 8.018e-02
cov**0.5/mean: 6.674e-02
cov**0.5/mean: 7.368e-02
cov**0.5/mean: 7.415e-02
cov**0.5/mean: 6.539e-02
cov**0.5/mean: 7.361e-02
cov**0.5/mean: 7.135e-02
cov**0.5/mean: 7.468e-02
cov**0.5/mean: 7.564e-02
cov**0.5/mean: 6.925e-02
cov**0.5/mean: 7.412e-02
cov**0.5/mean: 7.396e-02
cov**0.5/mean: 7.152e-02
cov**0.5/mean: 7.339e-02
cov**0.5/mean: 6.824e-02
cov**0.5/mean: 7.013e-02
cov**0.5/mean: 7.363e-02
cov**0.5/mean: 7.164e-02
cov**0.5/mean: nan
cov**0.5/mean: nan
cov**0.5/mean: 7.289e-02
cov**0.5/mean: 6.970e-02
cov**0.5/mean: 6.897e-02
cov**0.5/mean: 7.541e-02
cov**0.5/mean: 7.261e-02
cov**0.5/mean: nan
cov**0.5/mean: 7.545e-02
cov**0.5/mean: 6.967e-02
cov**0.5/mean: 6.963e-02
cov**0.5/mean: 6.831e-02
cov**0.5/mean: 8.493e-02
cov**0.5/mean: 7.105e-02
cov**0.5/mean: 7.621e-02
cov**0.5/mean: 7.451e-02
cov**0.5/mean: 7.248e-02
cov**0.5/mean: 7.246e-02
cov**0.5/mean: 7.678e-02
cov**0.5/mean: 7.126e-02
cov**0.5/mean: 7.317e-02
cov**0.5/mean: nan
cov**0.5/mean: 7.297e-02
cov**0.5/mean: 7.476e-02
cov**0.5/mean: 7.390e-02
cov**0.5/mean: 7.534e-02
cov**0.5/mean: 7.141e-02
cov**0.5/mean: 6.857e-02
cov**0.5/mean: 7.160e-02
cov**0.5/mean: 7.148e-02
cov**0.5/mean: 6.686e-02
cov**0.5/mean: 8.434e-02
cov**0.5/mean: 7.462e-02
cov**0.5/mean: 6.663e-02
cov**0.5/mean: 6.894e-02
cov**0.5/mean: 6.920e-02
cov**0.5/mean: 7.309e-02
cov**0.5/mean: 7.306e-02
cov**0.5/mean: nan
cov**0.5/mean: 6.847e-02
cov**0.5/mean: 7.232e-02
cov**0.5/mean: 8.737e-02
cov**0.5/mean: 7.220e-02
cov**0.5/mean: 7.151e-02
cov**0.5/mean: 7.307e-02
cov**0.5/mean: 7.266e-02
cov**0.5/mean: 6.264e-02
cov**0.5/mean: 7.146e-02
cov**0.5/mean: 7.440e-02
cov**0.5/mean: 7.325e-02
cov**0.5/mean: 6.682e-02
cov**0.5/mean: 6.786e-02
cov**0.5/mean: 7.067e-02
cov**0.5/mean: 7.301e-02
cov**0.5/mean: 6.552e-02
cov**0.5/mean: nan
cov**0.5/mean: 6.886e-02
cov**0.5/mean: 7.244e-02
cov**0.5/mean: 7.155e-02
cov**0.5/mean: 7.289e-02
cov**0.5/mean: 7.440e-02
cov**0.5/mean: 7.241e-02
cov**0.5/mean: 7.208e-02
cov**0.5/mean: 7.236e-02
cov**0.5/mean: 6.916e-02
cov**0.5/mean: 7.166e-02
cov**0.5/mean: 6.722e-02
cov**0.5/mean: nan
cov**0.5/mean: 7.336e-02
cov**0.5/mean: 7.228e-02
cov**0.5/mean: 6.909e-02
cov**0.5/mean: 7.289e-02
cov**0.5/mean: 7.826e-02
cov**0.5/mean: 7.610e-02
cov**0.5/mean: nan
cov**0.5/mean: 7.277e-02
cov**0.5/mean: 7.314e-02
cov**0.5/mean: 7.985e-02
cov**0.5/mean: 7.468e-02
cov**0.5/mean: 7.559e-02
cov**0.5/mean: 7.738e-02
cov**0.5/mean: 7.242e-02
cov**0.5/mean: 7.149e-02
cov**0.5/mean: 7.544e-02
cov**0.5/mean: 7.248e-02
cov**0.5/mean: 6.411e-02
  Step 2000/10000, Time: 5.5s, Acceptance: nan
cov**0.5/mean: 6.087e-02
cov**0.5/mean: nan
cov**0.5/mean: nan
cov**0.5/mean: 6.631e-02
cov**0.5/mean: 7.377e-02
cov**0.5/mean: 7.380e-02
cov**0.5/mean: 7.300e-02
cov**0.5/mean: 6.388e-02
cov**0.5/mean: 6.423e-02
cov**0.5/mean: 7.424e-02
cov**0.5/mean: 6.988e-02
cov**0.5/mean: 6.851e-02
cov**0.5/mean: 7.064e-02
cov**0.5/mean: 6.695e-02
cov**0.5/mean: 7.396e-02
cov**0.5/mean: 7.096e-02
cov**0.5/mean: 7.227e-02
cov**0.5/mean: 8.324e-02
cov**0.5/mean: 6.951e-02
cov**0.5/mean: 7.015e-02
cov**0.5/mean: 7.007e-02
cov**0.5/mean: 6.786e-02
cov**0.5/mean: 6.699e-02
cov**0.5/mean: 6.350e-02
cov**0.5/mean: 7.656e-02
cov**0.5/mean: 7.317e-02
cov**0.5/mean: 7.270e-02
cov**0.5/mean: 6.637e-02
cov**0.5/mean: 7.188e-02
cov**0.5/mean: 7.253e-02
cov**0.5/mean: 7.056e-02
cov**0.5/mean: 7.633e-02
cov**0.5/mean: 7.147e-02
cov**0.5/mean: 6.783e-02
cov**0.5/mean: nan
cov**0.5/mean: nan
cov**0.5/mean: 7.687e-02
cov**0.5/mean: 7.209e-02
cov**0.5/mean: 8.143e-02
cov**0.5/mean: 6.968e-02
cov**0.5/mean: 7.556e-02
cov**0.5/mean: 6.716e-02
cov**0.5/mean: 7.284e-02
cov**0.5/mean: 7.370e-02
cov**0.5/mean: 7.502e-02
cov**0.5/mean: 6.719e-02
cov**0.5/mean: 6.641e-02
cov**0.5/mean: 6.753e-02
cov**0.5/mean: nan
cov**0.5/mean: 6.734e-02
cov**0.5/mean: nan
cov**0.5/mean: 6.961e-02
cov**0.5/mean: 6.906e-02
cov**0.5/mean: 6.527e-02
cov**0.5/mean: 7.473e-02
cov**0.5/mean: 7.295e-02
cov**0.5/mean: 6.783e-02
cov**0.5/mean: 6.853e-02
cov**0.5/mean: 6.750e-02
cov**0.5/mean: 7.071e-02
cov**0.5/mean: 7.350e-02
cov**0.5/mean: 7.122e-02
cov**0.5/mean: 6.969e-02
cov**0.5/mean: 7.522e-02
cov**0.5/mean: 9.080e-02
cov**0.5/mean: 7.086e-02
cov**0.5/mean: 7.347e-02
cov**0.5/mean: 6.939e-02
cov**0.5/mean: 7.115e-02
cov**0.5/mean: 7.542e-02
cov**0.5/mean: 7.052e-02
cov**0.5/mean: 7.440e-02
cov**0.5/mean: 7.090e-02
cov**0.5/mean: 7.229e-02
cov**0.5/mean: 6.763e-02
cov**0.5/mean: 7.191e-02
cov**0.5/mean: 7.323e-02
cov**0.5/mean: 7.632e-02
cov**0.5/mean: 7.078e-02
cov**0.5/mean: 7.041e-02
cov**0.5/mean: 7.062e-02
cov**0.5/mean: 7.366e-02
cov**0.5/mean: 7.222e-02
cov**0.5/mean: 6.829e-02
cov**0.5/mean: 7.306e-02
cov**0.5/mean: 6.702e-02
cov**0.5/mean: 7.341e-02
cov**0.5/mean: 7.410e-02
cov**0.5/mean: 7.735e-02
cov**0.5/mean: 7.102e-02
cov**0.5/mean: 7.245e-02
cov**0.5/mean: 7.092e-02
cov**0.5/mean: 7.067e-02
cov**0.5/mean: 7.582e-02
cov**0.5/mean: 7.362e-02
cov**0.5/mean: 7.254e-02
cov**0.5/mean: 6.936e-02
cov**0.5/mean: 6.660e-02
cov**0.5/mean: 7.030e-02
cov**0.5/mean: nan
cov**0.5/mean: 6.375e-02
cov**0.5/mean: 6.022e-02
cov**0.5/mean: 6.945e-02
cov**0.5/mean: 7.296e-02
cov**0.5/mean: 7.091e-02
cov**0.5/mean: 7.066e-02
cov**0.5/mean: 6.985e-02
cov**0.5/mean: 7.439e-02
cov**0.5/mean: 7.261e-02
cov**0.5/mean: 7.405e-02
cov**0.5/mean: 7.700e-02
cov**0.5/mean: 7.451e-02
cov**0.5/mean: 7.072e-02
cov**0.5/mean: 7.233e-02
cov**0.5/mean: 6.744e-02
cov**0.5/mean: 7.068e-02
cov**0.5/mean: 7.609e-02
cov**0.5/mean: 6.629e-02
cov**0.5/mean: 7.065e-02
cov**0.5/mean: 7.069e-02
cov**0.5/mean: 7.001e-02
cov**0.5/mean: 7.522e-02
cov**0.5/mean: 7.456e-02
cov**0.5/mean: 6.887e-02
cov**0.5/mean: 7.154e-02
cov**0.5/mean: 6.915e-02
cov**0.5/mean: 7.643e-02
cov**0.5/mean: 7.343e-02
cov**0.5/mean: nan
cov**0.5/mean: 7.099e-02
cov**0.5/mean: 6.663e-02
cov**0.5/mean: 6.701e-02
cov**0.5/mean: 6.753e-02
cov**0.5/mean: nan
cov**0.5/mean: 5.877e-02
cov**0.5/mean: 6.314e-02
cov**0.5/mean: 5.807e-02
cov**0.5/mean: 5.949e-02
cov**0.5/mean: 6.300e-02
cov**0.5/mean: 5.851e-02
cov**0.5/mean: 6.168e-02
cov**0.5/mean: nan
cov**0.5/mean: 6.166e-02
cov**0.5/mean: 6.085e-02
cov**0.5/mean: 6.431e-02
cov**0.5/mean: nan
cov**0.5/mean: 6.378e-02
cov**0.5/mean: 6.353e-02
cov**0.5/mean: 6.003e-02
cov**0.5/mean: 6.475e-02
cov**0.5/mean: 6.275e-02
cov**0.5/mean: 7.221e-02
cov**0.5/mean: nan
cov**0.5/mean: 7.260e-02
cov**0.5/mean: 7.735e-02
cov**0.5/mean: nan
cov**0.5/mean: 6.659e-02
cov**0.5/mean: 6.883e-02
cov**0.5/mean: 7.198e-02
cov**0.5/mean: 7.089e-02
cov**0.5/mean: 7.273e-02
cov**0.5/mean: 7.288e-02
cov**0.5/mean: 7.422e-02
cov**0.5/mean: 7.001e-02
cov**0.5/mean: 6.889e-02
cov**0.5/mean: 7.089e-02
cov**0.5/mean: nan
cov**0.5/mean: 6.985e-02
cov**0.5/mean: 7.417e-02
cov**0.5/mean: 7.093e-02
cov**0.5/mean: nan
cov**0.5/mean: 7.167e-02
cov**0.5/mean: 7.043e-02
cov**0.5/mean: 7.896e-02
cov**0.5/mean: 7.093e-02
cov**0.5/mean: nan
cov**0.5/mean: 7.059e-02
cov**0.5/mean: 7.241e-02
cov**0.5/mean: 8.810e-02
cov**0.5/mean: 6.260e-02
cov**0.5/mean: 7.325e-02
cov**0.5/mean: 7.574e-02
cov**0.5/mean: 7.758e-02
cov**0.5/mean: 7.183e-02
cov**0.5/mean: 7.173e-02
cov**0.5/mean: nan
cov**0.5/mean: 6.927e-02
cov**0.5/mean: 7.107e-02
cov**0.5/mean: nan
cov**0.5/mean: 7.434e-02
cov**0.5/mean: 8.089e-02
cov**0.5/mean: 6.853e-02
cov**0.5/mean: 7.140e-02
cov**0.5/mean: 7.323e-02
cov**0.5/mean: 7.912e-02
cov**0.5/mean: 7.606e-02
cov**0.5/mean: 7.295e-02
cov**0.5/mean: 7.117e-02
cov**0.5/mean: 7.296e-02
cov**0.5/mean: 6.882e-02
cov**0.5/mean: 7.301e-02
cov**0.5/mean: 6.908e-02
cov**0.5/mean: 7.755e-02
cov**0.5/mean: 7.633e-02
cov**0.5/mean: 6.356e-02
cov**0.5/mean: 6.735e-02
cov**0.5/mean: 7.111e-02
cov**0.5/mean: nan
cov**0.5/mean: nan
cov**0.5/mean: 7.336e-02
cov**0.5/mean: nan
cov**0.5/mean: 7.477e-02
cov**0.5/mean: 7.282e-02
cov**0.5/mean: 6.972e-02
cov**0.5/mean: 6.106e-02
cov**0.5/mean: 6.973e-02
cov**0.5/mean: 6.715e-02
cov**0.5/mean: 6.996e-02
cov**0.5/mean: 7.127e-02
cov**0.5/mean: 7.057e-02
cov**0.5/mean: 7.775e-02
cov**0.5/mean: 6.896e-02
cov**0.5/mean: 7.217e-02
cov**0.5/mean: 7.031e-02
cov**0.5/mean: 7.169e-02
cov**0.5/mean: 6.615e-02
cov**0.5/mean: 7.439e-02
cov**0.5/mean: 7.415e-02
cov**0.5/mean: 7.191e-02
cov**0.5/mean: 6.918e-02
cov**0.5/mean: 8.730e-02
cov**0.5/mean: 7.256e-02
cov**0.5/mean: 7.501e-02
cov**0.5/mean: 6.696e-02
cov**0.5/mean: 7.004e-02
cov**0.5/mean: 7.377e-02
cov**0.5/mean: 7.451e-02
cov**0.5/mean: 7.351e-02
cov**0.5/mean: 8.222e-02
cov**0.5/mean: 7.118e-02
cov**0.5/mean: 6.432e-02
cov**0.5/mean: 6.791e-02
cov**0.5/mean: 6.653e-02
cov**0.5/mean: 7.313e-02
cov**0.5/mean: 7.086e-02
cov**0.5/mean: 6.976e-02
cov**0.5/mean: 6.227e-02
cov**0.5/mean: 7.015e-02
cov**0.5/mean: 6.881e-02
cov**0.5/mean: 7.220e-02
cov**0.5/mean: 7.569e-02
cov**0.5/mean: 6.894e-02
cov**0.5/mean: 6.400e-02
cov**0.5/mean: 7.662e-02
cov**0.5/mean: 7.128e-02
cov**0.5/mean: 7.281e-02
cov**0.5/mean: 6.868e-02
cov**0.5/mean: nan
cov**0.5/mean: 7.721e-02
cov**0.5/mean: 7.407e-02
cov**0.5/mean: 6.429e-02
cov**0.5/mean: 6.507e-02
cov**0.5/mean: 6.573e-02
cov**0.5/mean: 6.584e-02
cov**0.5/mean: 6.853e-02
cov**0.5/mean: 7.040e-02
cov**0.5/mean: 6.524e-02
cov**0.5/mean: 7.192e-02
cov**0.5/mean: 7.199e-02
cov**0.5/mean: nan
cov**0.5/mean: 7.325e-02
cov**0.5/mean: 7.233e-02
cov**0.5/mean: 7.480e-02
cov**0.5/mean: 6.880e-02
cov**0.5/mean: 6.927e-02
cov**0.5/mean: 7.136e-02
cov**0.5/mean: 7.349e-02
cov**0.5/mean: 6.868e-02
cov**0.5/mean: 7.319e-02
cov**0.5/mean: 6.767e-02
cov**0.5/mean: 7.304e-02
cov**0.5/mean: 6.384e-02
cov**0.5/mean: 7.074e-02
cov**0.5/mean: 6.808e-02
cov**0.5/mean: 7.645e-02
cov**0.5/mean: nan
cov**0.5/mean: 8.216e-02
cov**0.5/mean: 6.996e-02
cov**0.5/mean: 7.112e-02
cov**0.5/mean: 6.637e-02
cov**0.5/mean: 6.999e-02
cov**0.5/mean: 6.991e-02
cov**0.5/mean: 6.903e-02
cov**0.5/mean: 7.543e-02
cov**0.5/mean: 6.766e-02
cov**0.5/mean: 6.975e-02
cov**0.5/mean: 7.052e-02
cov**0.5/mean: 7.293e-02
cov**0.5/mean: nan
cov**0.5/mean: 7.081e-02
cov**0.5/mean: 7.112e-02
cov**0.5/mean: 6.273e-02
cov**0.5/mean: 7.087e-02
cov**0.5/mean: 6.888e-02
cov**0.5/mean: 7.576e-02
cov**0.5/mean: nan
cov**0.5/mean: 7.206e-02
cov**0.5/mean: 7.587e-02
cov**0.5/mean: 7.477e-02
cov**0.5/mean: 7.368e-02
cov**0.5/mean: 7.000e-02
cov**0.5/mean: 7.339e-02
cov**0.5/mean: 7.196e-02
cov**0.5/mean: 6.673e-02
cov**0.5/mean: 6.797e-02
cov**0.5/mean: 7.598e-02
cov**0.5/mean: nan
cov**0.5/mean: 7.032e-02
cov**0.5/mean: nan
cov**0.5/mean: nan
cov**0.5/mean: 6.721e-02
cov**0.5/mean: nan
cov**0.5/mean: 8.162e-02
cov**0.5/mean: nan
cov**0.5/mean: 7.116e-02
cov**0.5/mean: 6.673e-02
cov**0.5/mean: 6.700e-02
cov**0.5/mean: nan
cov**0.5/mean: 7.497e-02
cov**0.5/mean: 7.250e-02
cov**0.5/mean: 6.923e-02
cov**0.5/mean: 7.177e-02
cov**0.5/mean: 6.728e-02
cov**0.5/mean: 7.955e-02
cov**0.5/mean: 7.719e-02
cov**0.5/mean: 7.140e-02
cov**0.5/mean: 7.196e-02
cov**0.5/mean: nan
cov**0.5/mean: 7.321e-02
cov**0.5/mean: 6.389e-02
cov**0.5/mean: 7.686e-02
cov**0.5/mean: 7.491e-02
cov**0.5/mean: 7.366e-02
cov**0.5/mean: 6.910e-02
cov**0.5/mean: 7.192e-02
cov**0.5/mean: 7.450e-02
cov**0.5/mean: 6.845e-02
cov**0.5/mean: nan
cov**0.5/mean: 6.855e-02
cov**0.5/mean: 7.159e-02
cov**0.5/mean: 7.272e-02
cov**0.5/mean: 7.388e-02
cov**0.5/mean: 7.191e-02
cov**0.5/mean: 6.964e-02
cov**0.5/mean: 7.123e-02
cov**0.5/mean: 7.281e-02
cov**0.5/mean: 7.280e-02
cov**0.5/mean: 7.008e-02
cov**0.5/mean: 6.975e-02
cov**0.5/mean: 7.233e-02
cov**0.5/mean: 7.055e-02
cov**0.5/mean: 6.894e-02
cov**0.5/mean: 6.605e-02
cov**0.5/mean: 7.274e-02
cov**0.5/mean: 6.971e-02
cov**0.5/mean: 7.366e-02
cov**0.5/mean: 7.667e-02
cov**0.5/mean: 7.421e-02
cov**0.5/mean: 7.268e-02
cov**0.5/mean: 7.226e-02
cov**0.5/mean: 7.062e-02
cov**0.5/mean: 7.452e-02
cov**0.5/mean: 7.143e-02
cov**0.5/mean: 7.334e-02
cov**0.5/mean: 7.414e-02
cov**0.5/mean: 7.155e-02
cov**0.5/mean: 7.426e-02
cov**0.5/mean: 7.313e-02
cov**0.5/mean: 7.141e-02
cov**0.5/mean: 7.541e-02
cov**0.5/mean: 7.045e-02
cov**0.5/mean: 7.212e-02
cov**0.5/mean: 7.690e-02
cov**0.5/mean: 7.179e-02
cov**0.5/mean: 6.755e-02
cov**0.5/mean: 7.151e-02
cov**0.5/mean: nan
cov**0.5/mean: 6.882e-02
cov**0.5/mean: 7.659e-02
cov**0.5/mean: 7.006e-02
cov**0.5/mean: 7.082e-02
cov**0.5/mean: 6.939e-02
cov**0.5/mean: 7.193e-02
cov**0.5/mean: 7.026e-02
cov**0.5/mean: 7.219e-02
cov**0.5/mean: 7.189e-02
cov**0.5/mean: 7.573e-02
cov**0.5/mean: 9.065e-02
cov**0.5/mean: nan
cov**0.5/mean: 7.386e-02
cov**0.5/mean: 7.200e-02
cov**0.5/mean: 6.456e-02
cov**0.5/mean: 7.698e-02
cov**0.5/mean: 7.162e-02
cov**0.5/mean: 6.962e-02
cov**0.5/mean: 7.619e-02
cov**0.5/mean: 7.174e-02
cov**0.5/mean: 6.867e-02
cov**0.5/mean: 6.593e-02
cov**0.5/mean: 6.469e-02
cov**0.5/mean: 7.132e-02
cov**0.5/mean: 6.301e-02
cov**0.5/mean: 6.342e-02
cov**0.5/mean: 5.714e-02
cov**0.5/mean: nan
cov**0.5/mean: 6.979e-02
cov**0.5/mean: 6.229e-02
cov**0.5/mean: 7.126e-02
cov**0.5/mean: 6.771e-02
cov**0.5/mean: 7.519e-02
cov**0.5/mean: 6.301e-02
cov**0.5/mean: 6.494e-02
cov**0.5/mean: 6.392e-02
cov**0.5/mean: 7.153e-02
cov**0.5/mean: 6.493e-02
cov**0.5/mean: 7.434e-02
cov**0.5/mean: 6.470e-02
cov**0.5/mean: 6.405e-02
cov**0.5/mean: 6.367e-02
cov**0.5/mean: nan
cov**0.5/mean: 6.475e-02
cov**0.5/mean: 5.697e-02
cov**0.5/mean: 6.880e-02
cov**0.5/mean: nan
cov**0.5/mean: 6.429e-02
cov**0.5/mean: 7.589e-02
cov**0.5/mean: nan
cov**0.5/mean: 6.751e-02
cov**0.5/mean: 6.691e-02
cov**0.5/mean: 6.694e-02
cov**0.5/mean: 7.709e-02
cov**0.5/mean: 6.798e-02
cov**0.5/mean: 8.597e-02
cov**0.5/mean: 9.037e-02
cov**0.5/mean: 6.889e-02
cov**0.5/mean: 6.641e-02
cov**0.5/mean: 7.097e-02
cov**0.5/mean: 6.884e-02
cov**0.5/mean: 8.421e-02
cov**0.5/mean: 6.706e-02
cov**0.5/mean: nan
cov**0.5/mean: 6.886e-02
cov**0.5/mean: 7.320e-02
cov**0.5/mean: 6.788e-02
cov**0.5/mean: 6.247e-02
cov**0.5/mean: 7.392e-02
cov**0.5/mean: nan
cov**0.5/mean: 7.085e-02
cov**0.5/mean: 7.440e-02
cov**0.5/mean: 6.770e-02
cov**0.5/mean: 6.452e-02
cov**0.5/mean: 7.135e-02
cov**0.5/mean: 6.736e-02
cov**0.5/mean: 7.231e-02
cov**0.5/mean: 6.801e-02
cov**0.5/mean: 7.281e-02
cov**0.5/mean: 7.379e-02
cov**0.5/mean: 7.218e-02
cov**0.5/mean: 6.827e-02
cov**0.5/mean: 7.167e-02
cov**0.5/mean: 7.422e-02
cov**0.5/mean: 6.901e-02
cov**0.5/mean: 7.441e-02
cov**0.5/mean: nan
cov**0.5/mean: 7.288e-02
cov**0.5/mean: 7.161e-02
cov**0.5/mean: 7.434e-02
cov**0.5/mean: 7.367e-02
cov**0.5/mean: nan
cov**0.5/mean: 6.738e-02
cov**0.5/mean: 7.488e-02
cov**0.5/mean: 7.534e-02
cov**0.5/mean: 6.269e-02
cov**0.5/mean: 7.228e-02
cov**0.5/mean: 6.640e-02
cov**0.5/mean: 7.219e-02
cov**0.5/mean: 7.731e-02
cov**0.5/mean: 7.573e-02
cov**0.5/mean: 7.307e-02
cov**0.5/mean: 7.116e-02
cov**0.5/mean: 7.096e-02
cov**0.5/mean: 7.850e-02
cov**0.5/mean: nan
cov**0.5/mean: 6.698e-02
cov**0.5/mean: 6.309e-02
cov**0.5/mean: 7.007e-02
cov**0.5/mean: 7.277e-02
cov**0.5/mean: 7.085e-02
cov**0.5/mean: 6.731e-02
cov**0.5/mean: 7.275e-02
cov**0.5/mean: 7.132e-02
cov**0.5/mean: 6.996e-02
cov**0.5/mean: 7.184e-02
cov**0.5/mean: 6.348e-02
cov**0.5/mean: 7.102e-02
cov**0.5/mean: 7.131e-02
cov**0.5/mean: nan
cov**0.5/mean: 6.258e-02
cov**0.5/mean: 6.134e-02
cov**0.5/mean: 7.313e-02
cov**0.5/mean: 7.092e-02
cov**0.5/mean: 6.941e-02
cov**0.5/mean: 7.476e-02
cov**0.5/mean: nan
cov**0.5/mean: 7.645e-02
cov**0.5/mean: 7.022e-02
cov**0.5/mean: 7.026e-02
cov**0.5/mean: 6.665e-02
cov**0.5/mean: 6.648e-02
cov**0.5/mean: nan
cov**0.5/mean: 6.722e-02
cov**0.5/mean: 6.469e-02
cov**0.5/mean: 7.359e-02
cov**0.5/mean: 6.713e-02
cov**0.5/mean: 7.324e-02
cov**0.5/mean: 7.013e-02
cov**0.5/mean: 7.260e-02
cov**0.5/mean: 6.880e-02
cov**0.5/mean: 7.006e-02
cov**0.5/mean: 7.346e-02
cov**0.5/mean: 7.194e-02
cov**0.5/mean: 6.697e-02
cov**0.5/mean: 7.424e-02
cov**0.5/mean: 7.541e-02
cov**0.5/mean: 7.029e-02
cov**0.5/mean: 6.495e-02
cov**0.5/mean: 7.038e-02
cov**0.5/mean: 6.647e-02
cov**0.5/mean: 7.466e-02
cov**0.5/mean: 7.029e-02
cov**0.5/mean: 7.011e-02
cov**0.5/mean: 7.525e-02
cov**0.5/mean: 7.064e-02
cov**0.5/mean: 7.140e-02
cov**0.5/mean: nan
cov**0.5/mean: 6.974e-02
cov**0.5/mean: 7.626e-02
cov**0.5/mean: 7.159e-02
cov**0.5/mean: 7.451e-02
cov**0.5/mean: 7.356e-02
cov**0.5/mean: 7.297e-02
cov**0.5/mean: 6.433e-02
cov**0.5/mean: 6.973e-02
cov**0.5/mean: 7.368e-02
cov**0.5/mean: 6.438e-02
cov**0.5/mean: 6.521e-02
cov**0.5/mean: 7.074e-02
cov**0.5/mean: 7.218e-02
cov**0.5/mean: 7.223e-02
cov**0.5/mean: 7.557e-02
cov**0.5/mean: 7.362e-02
cov**0.5/mean: 7.587e-02
cov**0.5/mean: 7.199e-02
cov**0.5/mean: 7.464e-02
cov**0.5/mean: 7.257e-02
cov**0.5/mean: nan
cov**0.5/mean: nan
cov**0.5/mean: 7.161e-02
cov**0.5/mean: 7.159e-02
cov**0.5/mean: 6.912e-02
cov**0.5/mean: nan
cov**0.5/mean: 6.825e-02
cov**0.5/mean: 6.982e-02
cov**0.5/mean: 6.970e-02
cov**0.5/mean: 7.534e-02
cov**0.5/mean: 6.849e-02
cov**0.5/mean: 7.470e-02
cov**0.5/mean: 7.045e-02
cov**0.5/mean: 7.389e-02
cov**0.5/mean: 7.059e-02
cov**0.5/mean: 7.500e-02
cov**0.5/mean: 7.208e-02
cov**0.5/mean: nan
cov**0.5/mean: 7.439e-02
cov**0.5/mean: 6.157e-02
cov**0.5/mean: 7.155e-02
cov**0.5/mean: nan
cov**0.5/mean: nan
cov**0.5/mean: 7.186e-02
cov**0.5/mean: 7.254e-02
cov**0.5/mean: 6.541e-02
cov**0.5/mean: 6.943e-02
cov**0.5/mean: 7.291e-02
cov**0.5/mean: 7.245e-02
cov**0.5/mean: 7.186e-02
cov**0.5/mean: 7.031e-02
cov**0.5/mean: 7.294e-02
cov**0.5/mean: 7.201e-02
cov**0.5/mean: 6.675e-02
cov**0.5/mean: 6.415e-02
cov**0.5/mean: 7.512e-02
cov**0.5/mean: 7.209e-02
cov**0.5/mean: 7.112e-02
cov**0.5/mean: 6.996e-02
cov**0.5/mean: 6.930e-02
cov**0.5/mean: 7.304e-02
cov**0.5/mean: 6.695e-02
cov**0.5/mean: 6.761e-02
cov**0.5/mean: 7.231e-02
cov**0.5/mean: 7.018e-02
cov**0.5/mean: 9.271e-02
cov**0.5/mean: 7.384e-02
cov**0.5/mean: 6.550e-02
cov**0.5/mean: 7.303e-02
cov**0.5/mean: 5.944e-02
cov**0.5/mean: 7.171e-02
cov**0.5/mean: 7.214e-02
cov**0.5/mean: 7.332e-02
cov**0.5/mean: 7.349e-02
cov**0.5/mean: 7.513e-02
cov**0.5/mean: 6.789e-02
cov**0.5/mean: 6.140e-02
cov**0.5/mean: 7.110e-02
cov**0.5/mean: 7.102e-02
cov**0.5/mean: nan
cov**0.5/mean: 7.357e-02
cov**0.5/mean: 6.581e-02
cov**0.5/mean: 6.632e-02
cov**0.5/mean: 7.448e-02
cov**0.5/mean: nan
cov**0.5/mean: 6.847e-02
cov**0.5/mean: 6.547e-02
cov**0.5/mean: 6.434e-02
cov**0.5/mean: 6.140e-02
cov**0.5/mean: 7.403e-02
cov**0.5/mean: 7.198e-02
cov**0.5/mean: 7.504e-02
cov**0.5/mean: 7.350e-02
cov**0.5/mean: 7.229e-02
cov**0.5/mean: 7.347e-02
cov**0.5/mean: 7.015e-02
cov**0.5/mean: 6.874e-02
cov**0.5/mean: 7.412e-02
cov**0.5/mean: 6.956e-02
cov**0.5/mean: 7.372e-02
cov**0.5/mean: 7.407e-02
cov**0.5/mean: 7.266e-02
cov**0.5/mean: 7.303e-02
cov**0.5/mean: 7.143e-02
cov**0.5/mean: 6.961e-02
cov**0.5/mean: 7.135e-02
cov**0.5/mean: 7.050e-02
cov**0.5/mean: 6.728e-02
cov**0.5/mean: 7.194e-02
cov**0.5/mean: 6.732e-02
cov**0.5/mean: 7.179e-02
cov**0.5/mean: 6.872e-02
cov**0.5/mean: 6.696e-02
cov**0.5/mean: 6.507e-02
cov**0.5/mean: 6.799e-02
cov**0.5/mean: 7.232e-02
cov**0.5/mean: 6.700e-02
cov**0.5/mean: 7.049e-02
cov**0.5/mean: 7.191e-02
cov**0.5/mean: 7.017e-02
cov**0.5/mean: nan
cov**0.5/mean: 7.093e-02
cov**0.5/mean: 8.541e-02
cov**0.5/mean: 6.920e-02
cov**0.5/mean: 6.583e-02
cov**0.5/mean: 7.463e-02
cov**0.5/mean: 6.964e-02
cov**0.5/mean: 6.708e-02
cov**0.5/mean: 7.030e-02
cov**0.5/mean: 7.603e-02
cov**0.5/mean: nan
cov**0.5/mean: 6.953e-02
cov**0.5/mean: 7.451e-02
cov**0.5/mean: 6.966e-02
cov**0.5/mean: 6.542e-02
cov**0.5/mean: 7.188e-02
cov**0.5/mean: 7.341e-02
cov**0.5/mean: 7.032e-02
cov**0.5/mean: 6.907e-02
cov**0.5/mean: 6.388e-02
cov**0.5/mean: 7.182e-02
cov**0.5/mean: 7.454e-02
cov**0.5/mean: 7.418e-02
cov**0.5/mean: nan
cov**0.5/mean: nan
cov**0.5/mean: 7.271e-02
cov**0.5/mean: 7.346e-02
cov**0.5/mean: 7.432e-02
cov**0.5/mean: nan
cov**0.5/mean: 7.298e-02
cov**0.5/mean: 7.094e-02
cov**0.5/mean: 7.062e-02
cov**0.5/mean: 7.285e-02
cov**0.5/mean: 6.977e-02
cov**0.5/mean: 7.150e-02
cov**0.5/mean: 7.303e-02
cov**0.5/mean: 6.422e-02
cov**0.5/mean: 7.545e-02
cov**0.5/mean: 6.472e-02
cov**0.5/mean: 8.561e-02
cov**0.5/mean: 7.093e-02
cov**0.5/mean: 6.919e-02
cov**0.5/mean: 7.322e-02
cov**0.5/mean: 6.976e-02
cov**0.5/mean: 7.228e-02
cov**0.5/mean: 7.415e-02
cov**0.5/mean: nan
cov**0.5/mean: 7.364e-02
cov**0.5/mean: 7.099e-02
cov**0.5/mean: nan
cov**0.5/mean: 7.563e-02
cov**0.5/mean: 6.873e-02
cov**0.5/mean: 6.807e-02
cov**0.5/mean: 7.198e-02
cov**0.5/mean: 7.118e-02
cov**0.5/mean: 6.892e-02
cov**0.5/mean: 7.549e-02
cov**0.5/mean: nan
cov**0.5/mean: 7.005e-02
cov**0.5/mean: 7.165e-02
cov**0.5/mean: 7.674e-02
cov**0.5/mean: 7.368e-02
cov**0.5/mean: 7.569e-02
cov**0.5/mean: 7.607e-02
cov**0.5/mean: 6.589e-02
cov**0.5/mean: 7.072e-02
cov**0.5/mean: 7.418e-02
cov**0.5/mean: 7.174e-02
cov**0.5/mean: 7.047e-02
cov**0.5/mean: 7.275e-02
cov**0.5/mean: 7.347e-02
cov**0.5/mean: 7.253e-02
cov**0.5/mean: 6.632e-02
cov**0.5/mean: 7.243e-02
cov**0.5/mean: 7.151e-02
cov**0.5/mean: 6.968e-02
cov**0.5/mean: 7.457e-02
cov**0.5/mean: 6.476e-02
cov**0.5/mean: 7.904e-02
cov**0.5/mean: 6.693e-02
cov**0.5/mean: 7.110e-02
cov**0.5/mean: 7.080e-02
cov**0.5/mean: 6.953e-02
cov**0.5/mean: 7.313e-02
cov**0.5/mean: nan
cov**0.5/mean: 6.682e-02
cov**0.5/mean: 6.946e-02
cov**0.5/mean: 6.954e-02
cov**0.5/mean: 6.752e-02
cov**0.5/mean: 7.763e-02
cov**0.5/mean: 7.157e-02
cov**0.5/mean: 6.599e-02
cov**0.5/mean: 7.053e-02
cov**0.5/mean: 7.173e-02
cov**0.5/mean: 6.900e-02
cov**0.5/mean: 7.257e-02
cov**0.5/mean: 6.911e-02
cov**0.5/mean: 8.478e-02
cov**0.5/mean: 6.664e-02
cov**0.5/mean: 7.051e-02
cov**0.5/mean: 6.956e-02
cov**0.5/mean: 7.507e-02
cov**0.5/mean: 7.188e-02
cov**0.5/mean: 7.442e-02
cov**0.5/mean: 7.281e-02
cov**0.5/mean: 7.539e-02
cov**0.5/mean: 6.959e-02
cov**0.5/mean: 6.446e-02
cov**0.5/mean: 7.824e-02
cov**0.5/mean: nan
cov**0.5/mean: 6.849e-02
cov**0.5/mean: 6.530e-02
cov**0.5/mean: 7.173e-02
cov**0.5/mean: 7.273e-02
cov**0.5/mean: 7.599e-02
cov**0.5/mean: 6.540e-02
cov**0.5/mean: 7.345e-02
cov**0.5/mean: nan
cov**0.5/mean: 6.809e-02
cov**0.5/mean: 6.882e-02
cov**0.5/mean: 7.150e-02
cov**0.5/mean: 6.698e-02
cov**0.5/mean: 7.026e-02
cov**0.5/mean: 7.198e-02
cov**0.5/mean: 6.966e-02
cov**0.5/mean: 6.946e-02
cov**0.5/mean: nan
cov**0.5/mean: nan
cov**0.5/mean: 7.193e-02
cov**0.5/mean: 7.161e-02
cov**0.5/mean: 6.837e-02
cov**0.5/mean: 7.651e-02
cov**0.5/mean: nan
cov**0.5/mean: 7.379e-02
cov**0.5/mean: 7.005e-02
cov**0.5/mean: 7.442e-02
cov**0.5/mean: 6.908e-02
cov**0.5/mean: 7.269e-02
cov**0.5/mean: 6.843e-02
cov**0.5/mean: nan
cov**0.5/mean: 6.786e-02
cov**0.5/mean: nan
cov**0.5/mean: 6.675e-02
cov**0.5/mean: 7.284e-02
cov**0.5/mean: 6.308e-02
cov**0.5/mean: 7.210e-02
cov**0.5/mean: 6.579e-02
cov**0.5/mean: 6.800e-02
cov**0.5/mean: 6.618e-02
cov**0.5/mean: 7.098e-02
cov**0.5/mean: 7.020e-02
cov**0.5/mean: 7.175e-02
cov**0.5/mean: 7.544e-02
cov**0.5/mean: 7.042e-02
cov**0.5/mean: 7.207e-02
cov**0.5/mean: 6.360e-02
cov**0.5/mean: 6.521e-02
cov**0.5/mean: 6.775e-02
cov**0.5/mean: 6.949e-02
cov**0.5/mean: 7.588e-02
cov**0.5/mean: 6.885e-02
cov**0.5/mean: 7.053e-02
cov**0.5/mean: 6.362e-02
cov**0.5/mean: 6.958e-02
cov**0.5/mean: 7.211e-02
cov**0.5/mean: 7.275e-02
cov**0.5/mean: 7.392e-02
cov**0.5/mean: 7.156e-02
cov**0.5/mean: 7.156e-02
cov**0.5/mean: 7.512e-02
cov**0.5/mean: 8.036e-02
cov**0.5/mean: 7.131e-02
cov**0.5/mean: 7.453e-02
cov**0.5/mean: 7.390e-02
cov**0.5/mean: 7.122e-02
cov**0.5/mean: 7.228e-02
cov**0.5/mean: 7.543e-02
cov**0.5/mean: 6.391e-02
cov**0.5/mean: 7.673e-02
cov**0.5/mean: 7.190e-02
cov**0.5/mean: nan
cov**0.5/mean: nan
cov**0.5/mean: 6.900e-02
cov**0.5/mean: 6.435e-02
cov**0.5/mean: nan
cov**0.5/mean: 7.482e-02
cov**0.5/mean: nan
cov**0.5/mean: 7.196e-02
cov**0.5/mean: 7.337e-02
cov**0.5/mean: 7.168e-02
cov**0.5/mean: 7.116e-02
cov**0.5/mean: 8.677e-02
cov**0.5/mean: 7.314e-02
cov**0.5/mean: 7.438e-02
cov**0.5/mean: 7.102e-02
cov**0.5/mean: 7.470e-02
cov**0.5/mean: 6.506e-02
cov**0.5/mean: 6.439e-02
cov**0.5/mean: 6.462e-02
cov**0.5/mean: 6.064e-02
cov**0.5/mean: 6.484e-02
cov**0.5/mean: 7.220e-02
cov**0.5/mean: 6.489e-02
cov**0.5/mean: 6.309e-02
cov**0.5/mean: 6.697e-02
cov**0.5/mean: 6.339e-02
cov**0.5/mean: 6.564e-02
cov**0.5/mean: 6.958e-02
cov**0.5/mean: nan
cov**0.5/mean: nan
cov**0.5/mean: nan
cov**0.5/mean: 7.203e-02
cov**0.5/mean: 6.717e-02
cov**0.5/mean: 6.560e-02
cov**0.5/mean: 6.398e-02
cov**0.5/mean: 7.135e-02
cov**0.5/mean: 7.089e-02
cov**0.5/mean: 7.219e-02
cov**0.5/mean: 6.363e-02
cov**0.5/mean: 6.183e-02
cov**0.5/mean: nan
cov**0.5/mean: 7.417e-02
cov**0.5/mean: 7.079e-02
cov**0.5/mean: 7.508e-02
cov**0.5/mean: 7.848e-02
cov**0.5/mean: 7.625e-02
cov**0.5/mean: 7.454e-02
cov**0.5/mean: 7.123e-02
cov**0.5/mean: 7.376e-02
cov**0.5/mean: 7.691e-02
cov**0.5/mean: 7.356e-02
cov**0.5/mean: 7.418e-02
cov**0.5/mean: 7.186e-02
cov**0.5/mean: 7.765e-02
cov**0.5/mean: 7.097e-02
cov**0.5/mean: 7.087e-02
cov**0.5/mean: 7.236e-02
cov**0.5/mean: 7.164e-02
cov**0.5/mean: 6.615e-02
cov**0.5/mean: 7.131e-02
cov**0.5/mean: 7.288e-02
cov**0.5/mean: 6.607e-02
cov**0.5/mean: 6.923e-02
cov**0.5/mean: 6.832e-02
cov**0.5/mean: 6.651e-02
cov**0.5/mean: 6.697e-02
cov**0.5/mean: 7.309e-02
cov**0.5/mean: 7.205e-02
cov**0.5/mean: nan
cov**0.5/mean: 7.263e-02
cov**0.5/mean: 6.860e-02
cov**0.5/mean: 7.603e-02
cov**0.5/mean: 7.051e-02
cov**0.5/mean: 7.084e-02
cov**0.5/mean: 7.130e-02
cov**0.5/mean: 7.116e-02
cov**0.5/mean: 7.485e-02
cov**0.5/mean: 7.282e-02
cov**0.5/mean: 7.573e-02
cov**0.5/mean: 6.961e-02
cov**0.5/mean: 7.212e-02
cov**0.5/mean: 7.257e-02
cov**0.5/mean: 7.142e-02
cov**0.5/mean: 7.401e-02
cov**0.5/mean: 7.323e-02
cov**0.5/mean: 7.153e-02
cov**0.5/mean: 7.117e-02
cov**0.5/mean: 6.812e-02
cov**0.5/mean: 7.617e-02
cov**0.5/mean: 6.653e-02
cov**0.5/mean: 7.261e-02
cov**0.5/mean: 6.254e-02
cov**0.5/mean: 6.514e-02
cov**0.5/mean: 6.359e-02
cov**0.5/mean: 7.256e-02
cov**0.5/mean: 7.414e-02
cov**0.5/mean: 7.378e-02
cov**0.5/mean: 7.169e-02
cov**0.5/mean: 7.076e-02
cov**0.5/mean: 6.717e-02
cov**0.5/mean: 7.352e-02
cov**0.5/mean: 7.248e-02
cov**0.5/mean: 7.142e-02
cov**0.5/mean: 6.933e-02
cov**0.5/mean: 6.731e-02
cov**0.5/mean: 6.578e-02
cov**0.5/mean: 6.402e-02
cov**0.5/mean: 7.033e-02
cov**0.5/mean: 6.984e-02
cov**0.5/mean: nan
cov**0.5/mean: 7.586e-02
cov**0.5/mean: 6.979e-02
cov**0.5/mean: 6.352e-02
cov**0.5/mean: 7.249e-02
cov**0.5/mean: 7.223e-02
cov**0.5/mean: 6.350e-02
cov**0.5/mean: 7.162e-02
cov**0.5/mean: 7.300e-02
cov**0.5/mean: 6.525e-02
cov**0.5/mean: 6.207e-02
cov**0.5/mean: 6.542e-02
cov**0.5/mean: 6.887e-02
cov**0.5/mean: nan
cov**0.5/mean: 7.211e-02
cov**0.5/mean: 6.722e-02
cov**0.5/mean: 7.665e-02
cov**0.5/mean: 6.869e-02
cov**0.5/mean: 8.539e-02
cov**0.5/mean: 7.387e-02
cov**0.5/mean: 7.191e-02
cov**0.5/mean: 8.330e-02
cov**0.5/mean: 7.331e-02
cov**0.5/mean: 7.548e-02
cov**0.5/mean: 7.156e-02
cov**0.5/mean: 6.823e-02
cov**0.5/mean: 7.221e-02
cov**0.5/mean: 7.163e-02
cov**0.5/mean: 7.050e-02
cov**0.5/mean: 6.915e-02
cov**0.5/mean: 7.216e-02
cov**0.5/mean: 7.180e-02
cov**0.5/mean: 7.030e-02
cov**0.5/mean: 6.182e-02
cov**0.5/mean: 6.406e-02
cov**0.5/mean: 6.896e-02
cov**0.5/mean: 6.940e-02
cov**0.5/mean: 7.260e-02
cov**0.5/mean: 7.356e-02
cov**0.5/mean: 7.538e-02
cov**0.5/mean: 7.098e-02
cov**0.5/mean: 7.571e-02
cov**0.5/mean: 6.772e-02
cov**0.5/mean: 7.466e-02
cov**0.5/mean: 7.022e-02
cov**0.5/mean: nan
  Step 3000/10000, Time: 5.5s, Acceptance: nan
cov**0.5/mean: 6.623e-02
cov**0.5/mean: 6.612e-02
cov**0.5/mean: 7.398e-02
cov**0.5/mean: 7.138e-02
cov**0.5/mean: 6.939e-02
cov**0.5/mean: 7.152e-02
cov**0.5/mean: 7.100e-02
cov**0.5/mean: 7.148e-02
cov**0.5/mean: 7.146e-02
cov**0.5/mean: nan
cov**0.5/mean: 6.809e-02
cov**0.5/mean: 6.774e-02
cov**0.5/mean: 7.054e-02
cov**0.5/mean: 7.247e-02
cov**0.5/mean: 7.044e-02
cov**0.5/mean: 6.901e-02
cov**0.5/mean: 7.267e-02
cov**0.5/mean: 6.479e-02
cov**0.5/mean: 7.816e-02
cov**0.5/mean: 7.105e-02
cov**0.5/mean: nan
cov**0.5/mean: 7.143e-02
cov**0.5/mean: 7.101e-02
cov**0.5/mean: 6.882e-02
cov**0.5/mean: nan
cov**0.5/mean: 6.892e-02
cov**0.5/mean: 7.148e-02
cov**0.5/mean: 7.066e-02
cov**0.5/mean: 7.246e-02
cov**0.5/mean: 7.496e-02
cov**0.5/mean: nan
cov**0.5/mean: 6.983e-02
cov**0.5/mean: 7.549e-02
cov**0.5/mean: 6.849e-02
cov**0.5/mean: 8.774e-02
cov**0.5/mean: 7.603e-02
cov**0.5/mean: 8.670e-02
cov**0.5/mean: 7.051e-02
cov**0.5/mean: nan
cov**0.5/mean: 6.783e-02
cov**0.5/mean: 7.180e-02
cov**0.5/mean: 6.700e-02
cov**0.5/mean: 8.369e-02
cov**0.5/mean: 7.768e-02
cov**0.5/mean: 7.425e-02
cov**0.5/mean: 7.313e-02
cov**0.5/mean: 7.494e-02
cov**0.5/mean: 6.708e-02
cov**0.5/mean: 7.294e-02
cov**0.5/mean: 8.118e-02
cov**0.5/mean: 6.807e-02
cov**0.5/mean: nan
cov**0.5/mean: 7.566e-02
cov**0.5/mean: 7.962e-02
cov**0.5/mean: 7.062e-02
cov**0.5/mean: 7.373e-02
cov**0.5/mean: 7.202e-02
cov**0.5/mean: 7.061e-02
cov**0.5/mean: 7.053e-02
cov**0.5/mean: 7.337e-02
cov**0.5/mean: 7.096e-02
cov**0.5/mean: 6.831e-02
cov**0.5/mean: nan
cov**0.5/mean: 6.533e-02
cov**0.5/mean: 6.895e-02
cov**0.5/mean: 7.543e-02
cov**0.5/mean: 6.954e-02
cov**0.5/mean: 7.248e-02
cov**0.5/mean: nan
cov**0.5/mean: nan
cov**0.5/mean: 7.337e-02
cov**0.5/mean: 7.355e-02
cov**0.5/mean: 7.497e-02
cov**0.5/mean: 7.312e-02
cov**0.5/mean: 7.536e-02
cov**0.5/mean: 7.596e-02
cov**0.5/mean: 7.137e-02
cov**0.5/mean: 7.532e-02
cov**0.5/mean: 6.717e-02
cov**0.5/mean: 7.193e-02
cov**0.5/mean: 7.194e-02
cov**0.5/mean: 7.273e-02
cov**0.5/mean: 7.215e-02
cov**0.5/mean: nan
cov**0.5/mean: 7.318e-02
cov**0.5/mean: 6.948e-02
cov**0.5/mean: 7.029e-02
cov**0.5/mean: 7.283e-02
cov**0.5/mean: nan
cov**0.5/mean: 7.044e-02
cov**0.5/mean: nan
cov**0.5/mean: 6.955e-02
cov**0.5/mean: 6.446e-02
cov**0.5/mean: 6.309e-02
cov**0.5/mean: 6.978e-02
cov**0.5/mean: 6.936e-02
cov**0.5/mean: 7.140e-02
cov**0.5/mean: 7.226e-02
cov**0.5/mean: 6.846e-02
cov**0.5/mean: 7.106e-02
cov**0.5/mean: 6.998e-02
cov**0.5/mean: 7.335e-02
cov**0.5/mean: 7.557e-02
cov**0.5/mean: 7.057e-02
cov**0.5/mean: 7.372e-02
cov**0.5/mean: 7.273e-02
cov**0.5/mean: 6.879e-02
cov**0.5/mean: nan
cov**0.5/mean: 7.201e-02
cov**0.5/mean: 7.176e-02
cov**0.5/mean: 7.201e-02
cov**0.5/mean: 7.143e-02
cov**0.5/mean: 7.664e-02
cov**0.5/mean: 7.440e-02
cov**0.5/mean: 6.928e-02
cov**0.5/mean: 7.282e-02
cov**0.5/mean: 7.174e-02
cov**0.5/mean: 7.318e-02
cov**0.5/mean: 7.306e-02
cov**0.5/mean: 7.206e-02
cov**0.5/mean: 7.388e-02
cov**0.5/mean: 7.196e-02
cov**0.5/mean: 7.162e-02
cov**0.5/mean: 6.877e-02
cov**0.5/mean: 6.841e-02
cov**0.5/mean: 6.922e-02
cov**0.5/mean: 7.315e-02
cov**0.5/mean: nan
cov**0.5/mean: 6.945e-02
cov**0.5/mean: 6.561e-02
cov**0.5/mean: 7.036e-02
cov**0.5/mean: 8.197e-02
cov**0.5/mean: 7.179e-02
cov**0.5/mean: 6.957e-02
cov**0.5/mean: 7.146e-02
cov**0.5/mean: 7.098e-02
cov**0.5/mean: 7.102e-02
cov**0.5/mean: 7.155e-02
cov**0.5/mean: 7.406e-02
cov**0.5/mean: 6.932e-02
cov**0.5/mean: 7.017e-02
cov**0.5/mean: 7.263e-02
cov**0.5/mean: 6.854e-02
cov**0.5/mean: 6.997e-02
cov**0.5/mean: 7.111e-02
cov**0.5/mean: 7.291e-02
cov**0.5/mean: 7.276e-02
cov**0.5/mean: 6.740e-02
cov**0.5/mean: nan
cov**0.5/mean: nan
cov**0.5/mean: 8.011e-02
cov**0.5/mean: 7.135e-02
cov**0.5/mean: 7.261e-02
cov**0.5/mean: nan
cov**0.5/mean: 6.690e-02
cov**0.5/mean: 7.219e-02
cov**0.5/mean: 8.327e-02
cov**0.5/mean: 6.758e-02
cov**0.5/mean: 7.527e-02
cov**0.5/mean: 7.174e-02
cov**0.5/mean: 7.231e-02
cov**0.5/mean: 7.216e-02
cov**0.5/mean: 7.354e-02
cov**0.5/mean: 7.420e-02
cov**0.5/mean: 7.056e-02
cov**0.5/mean: 6.382e-02
cov**0.5/mean: 6.903e-02
cov**0.5/mean: 7.241e-02
cov**0.5/mean: 7.624e-02
cov**0.5/mean: 7.177e-02
cov**0.5/mean: 7.579e-02
cov**0.5/mean: 7.209e-02
cov**0.5/mean: 7.136e-02
cov**0.5/mean: nan
cov**0.5/mean: 7.212e-02
cov**0.5/mean: 6.933e-02
cov**0.5/mean: 6.549e-02
cov**0.5/mean: 7.139e-02
cov**0.5/mean: 6.720e-02
cov**0.5/mean: 7.461e-02
cov**0.5/mean: 7.498e-02
cov**0.5/mean: 7.662e-02
cov**0.5/mean: 8.460e-02
cov**0.5/mean: 7.187e-02
cov**0.5/mean: 6.981e-02
cov**0.5/mean: 6.452e-02
cov**0.5/mean: 7.212e-02
cov**0.5/mean: 6.699e-02
cov**0.5/mean: 6.959e-02
cov**0.5/mean: 6.072e-02
cov**0.5/mean: 6.338e-02
cov**0.5/mean: 6.898e-02
cov**0.5/mean: 7.265e-02
cov**0.5/mean: 6.969e-02
cov**0.5/mean: 6.811e-02
cov**0.5/mean: 7.089e-02
cov**0.5/mean: 6.902e-02
cov**0.5/mean: 6.409e-02
cov**0.5/mean: 6.966e-02
cov**0.5/mean: nan
cov**0.5/mean: 6.350e-02
cov**0.5/mean: 7.064e-02
cov**0.5/mean: 7.453e-02
cov**0.5/mean: 7.053e-02
cov**0.5/mean: nan
cov**0.5/mean: 6.509e-02
cov**0.5/mean: 7.370e-02
cov**0.5/mean: 6.866e-02
cov**0.5/mean: 6.797e-02
cov**0.5/mean: 7.230e-02
cov**0.5/mean: 7.204e-02
cov**0.5/mean: 7.259e-02
cov**0.5/mean: 6.722e-02
cov**0.5/mean: 6.685e-02
cov**0.5/mean: 7.295e-02
cov**0.5/mean: 7.470e-02
cov**0.5/mean: 7.433e-02
cov**0.5/mean: 7.037e-02
cov**0.5/mean: 6.927e-02
cov**0.5/mean: 7.669e-02
cov**0.5/mean: 7.366e-02
cov**0.5/mean: 6.872e-02
cov**0.5/mean: 6.797e-02
cov**0.5/mean: 9.202e-02
cov**0.5/mean: 7.213e-02
cov**0.5/mean: 8.399e-02
cov**0.5/mean: 7.148e-02
cov**0.5/mean: 6.807e-02
cov**0.5/mean: 6.628e-02
cov**0.5/mean: 7.392e-02
cov**0.5/mean: 7.635e-02
cov**0.5/mean: 7.483e-02
cov**0.5/mean: 6.625e-02
cov**0.5/mean: 6.724e-02
cov**0.5/mean: 7.133e-02
cov**0.5/mean: 7.336e-02
cov**0.5/mean: nan
cov**0.5/mean: 6.901e-02
cov**0.5/mean: nan
cov**0.5/mean: 6.813e-02
cov**0.5/mean: nan
cov**0.5/mean: 6.976e-02
cov**0.5/mean: 6.538e-02
cov**0.5/mean: 7.279e-02
cov**0.5/mean: 7.121e-02
cov**0.5/mean: 6.712e-02
cov**0.5/mean: 6.482e-02
cov**0.5/mean: 7.576e-02
cov**0.5/mean: 6.302e-02
cov**0.5/mean: 7.380e-02
cov**0.5/mean: 7.671e-02
cov**0.5/mean: 7.181e-02
cov**0.5/mean: 7.243e-02
cov**0.5/mean: 7.444e-02
cov**0.5/mean: 6.848e-02
cov**0.5/mean: 7.101e-02
cov**0.5/mean: 7.047e-02
cov**0.5/mean: 7.242e-02
cov**0.5/mean: nan
cov**0.5/mean: nan
cov**0.5/mean: 7.453e-02
cov**0.5/mean: nan
cov**0.5/mean: 6.853e-02
cov**0.5/mean: 7.234e-02
cov**0.5/mean: 7.359e-02
cov**0.5/mean: 7.250e-02
cov**0.5/mean: 8.072e-02
cov**0.5/mean: 7.357e-02
cov**0.5/mean: 7.631e-02
cov**0.5/mean: 6.858e-02
cov**0.5/mean: 7.651e-02
cov**0.5/mean: 7.045e-02
cov**0.5/mean: 7.203e-02
cov**0.5/mean: 7.086e-02
cov**0.5/mean: 7.256e-02
cov**0.5/mean: 6.965e-02
cov**0.5/mean: 6.638e-02
cov**0.5/mean: 6.822e-02
cov**0.5/mean: 7.399e-02
cov**0.5/mean: 7.043e-02
cov**0.5/mean: 7.228e-02
cov**0.5/mean: 7.413e-02
cov**0.5/mean: 7.110e-02
cov**0.5/mean: 7.203e-02
cov**0.5/mean: 7.334e-02
cov**0.5/mean: 6.829e-02
cov**0.5/mean: nan
cov**0.5/mean: 6.632e-02
cov**0.5/mean: 6.455e-02
cov**0.5/mean: 7.168e-02
cov**0.5/mean: 7.222e-02
cov**0.5/mean: 7.040e-02
cov**0.5/mean: 7.048e-02
cov**0.5/mean: 6.973e-02
cov**0.5/mean: 6.940e-02
cov**0.5/mean: 7.511e-02
cov**0.5/mean: 7.182e-02
cov**0.5/mean: 7.015e-02
cov**0.5/mean: 6.826e-02
cov**0.5/mean: 6.126e-02
cov**0.5/mean: 6.833e-02
cov**0.5/mean: 6.410e-02
cov**0.5/mean: 6.490e-02
cov**0.5/mean: 7.670e-02
cov**0.5/mean: 7.552e-02
cov**0.5/mean: 8.000e-02
cov**0.5/mean: 6.963e-02
cov**0.5/mean: 7.052e-02
cov**0.5/mean: 7.886e-02
cov**0.5/mean: 7.061e-02
cov**0.5/mean: 6.955e-02
cov**0.5/mean: 7.045e-02
cov**0.5/mean: 7.201e-02
cov**0.5/mean: 7.072e-02
cov**0.5/mean: 6.627e-02
cov**0.5/mean: 6.289e-02
cov**0.5/mean: 7.156e-02
cov**0.5/mean: 7.902e-02
cov**0.5/mean: nan
cov**0.5/mean: 7.711e-02
cov**0.5/mean: 7.000e-02
cov**0.5/mean: 8.451e-02
cov**0.5/mean: 7.647e-02
cov**0.5/mean: 7.276e-02
cov**0.5/mean: 6.844e-02
cov**0.5/mean: 6.434e-02
cov**0.5/mean: 7.511e-02
cov**0.5/mean: 7.065e-02
cov**0.5/mean: 6.967e-02
cov**0.5/mean: nan
cov**0.5/mean: nan
cov**0.5/mean: 7.170e-02
cov**0.5/mean: 7.320e-02
cov**0.5/mean: 6.635e-02
cov**0.5/mean: nan
cov**0.5/mean: 7.234e-02
cov**0.5/mean: 6.563e-02
cov**0.5/mean: 7.523e-02
cov**0.5/mean: 6.391e-02
cov**0.5/mean: 7.498e-02
cov**0.5/mean: 7.469e-02
cov**0.5/mean: 7.144e-02
cov**0.5/mean: 6.434e-02
cov**0.5/mean: nan
cov**0.5/mean: 7.169e-02
cov**0.5/mean: 7.262e-02
cov**0.5/mean: 6.782e-02
cov**0.5/mean: 7.472e-02
cov**0.5/mean: 7.354e-02
cov**0.5/mean: 7.348e-02
cov**0.5/mean: 7.083e-02
cov**0.5/mean: 7.244e-02
cov**0.5/mean: 7.274e-02
cov**0.5/mean: 7.215e-02
cov**0.5/mean: 6.508e-02
cov**0.5/mean: 6.975e-02
cov**0.5/mean: 6.268e-02
cov**0.5/mean: nan
cov**0.5/mean: 6.812e-02
cov**0.5/mean: 7.196e-02
cov**0.5/mean: 7.007e-02
cov**0.5/mean: 7.197e-02
cov**0.5/mean: 7.396e-02
cov**0.5/mean: 7.734e-02
cov**0.5/mean: 7.420e-02
cov**0.5/mean: 7.045e-02
cov**0.5/mean: 7.467e-02
cov**0.5/mean: 7.376e-02
cov**0.5/mean: 7.034e-02
cov**0.5/mean: 7.231e-02
cov**0.5/mean: 6.915e-02
cov**0.5/mean: 7.203e-02
cov**0.5/mean: 6.803e-02
cov**0.5/mean: 7.234e-02
cov**0.5/mean: 7.162e-02
cov**0.5/mean: 7.039e-02
cov**0.5/mean: 7.330e-02
cov**0.5/mean: 7.320e-02
cov**0.5/mean: 7.089e-02
cov**0.5/mean: 7.636e-02
cov**0.5/mean: 7.008e-02
cov**0.5/mean: 6.804e-02
cov**0.5/mean: 6.335e-02
cov**0.5/mean: 7.482e-02
cov**0.5/mean: 6.882e-02
cov**0.5/mean: 7.144e-02
cov**0.5/mean: 7.402e-02
cov**0.5/mean: 7.080e-02
cov**0.5/mean: 7.310e-02
cov**0.5/mean: 6.639e-02
cov**0.5/mean: 6.877e-02
cov**0.5/mean: 6.497e-02
cov**0.5/mean: 7.184e-02
cov**0.5/mean: 7.148e-02
cov**0.5/mean: 7.005e-02
cov**0.5/mean: 7.088e-02
cov**0.5/mean: 6.319e-02
cov**0.5/mean: 7.503e-02
cov**0.5/mean: 6.868e-02
cov**0.5/mean: 6.203e-02
cov**0.5/mean: 6.290e-02
cov**0.5/mean: 7.207e-02
cov**0.5/mean: 6.830e-02
cov**0.5/mean: 7.317e-02
cov**0.5/mean: 7.417e-02
cov**0.5/mean: 7.052e-02
cov**0.5/mean: 6.098e-02
cov**0.5/mean: nan
cov**0.5/mean: 6.307e-02
cov**0.5/mean: 6.984e-02
cov**0.5/mean: 7.253e-02
cov**0.5/mean: 6.935e-02
cov**0.5/mean: 7.450e-02
cov**0.5/mean: 7.437e-02
cov**0.5/mean: 6.667e-02
cov**0.5/mean: 7.271e-02
cov**0.5/mean: 7.664e-02
cov**0.5/mean: 7.209e-02
cov**0.5/mean: 7.505e-02
cov**0.5/mean: 7.368e-02
cov**0.5/mean: 7.167e-02
cov**0.5/mean: 7.601e-02
cov**0.5/mean: 7.585e-02
cov**0.5/mean: 8.336e-02
cov**0.5/mean: 7.507e-02
cov**0.5/mean: 7.332e-02
cov**0.5/mean: 7.657e-02
cov**0.5/mean: 7.119e-02
cov**0.5/mean: 7.038e-02
cov**0.5/mean: nan
cov**0.5/mean: 6.795e-02
cov**0.5/mean: 7.236e-02
cov**0.5/mean: nan
cov**0.5/mean: 6.377e-02
cov**0.5/mean: 7.206e-02
cov**0.5/mean: 7.434e-02
cov**0.5/mean: 6.510e-02
cov**0.5/mean: 7.169e-02
cov**0.5/mean: 7.180e-02
cov**0.5/mean: 7.576e-02
cov**0.5/mean: 7.392e-02
cov**0.5/mean: 6.953e-02
cov**0.5/mean: 7.302e-02
cov**0.5/mean: 7.266e-02
cov**0.5/mean: 6.761e-02
cov**0.5/mean: 6.940e-02
cov**0.5/mean: 7.268e-02
cov**0.5/mean: 6.904e-02
cov**0.5/mean: 6.809e-02
cov**0.5/mean: 7.109e-02
cov**0.5/mean: 6.965e-02
cov**0.5/mean: 7.173e-02
cov**0.5/mean: 7.380e-02
cov**0.5/mean: 7.375e-02
cov**0.5/mean: 6.875e-02
cov**0.5/mean: 7.070e-02
cov**0.5/mean: 7.634e-02
cov**0.5/mean: 7.063e-02
cov**0.5/mean: 8.873e-02
cov**0.5/mean: 7.288e-02
cov**0.5/mean: 7.179e-02
cov**0.5/mean: 7.291e-02
cov**0.5/mean: 7.558e-02
cov**0.5/mean: 6.954e-02
cov**0.5/mean: 6.752e-02
cov**0.5/mean: 7.011e-02
cov**0.5/mean: 7.176e-02
cov**0.5/mean: 6.835e-02
cov**0.5/mean: 7.184e-02
cov**0.5/mean: 6.939e-02
cov**0.5/mean: 6.984e-02
cov**0.5/mean: 7.418e-02
cov**0.5/mean: 7.214e-02
cov**0.5/mean: 6.651e-02
cov**0.5/mean: 7.263e-02
cov**0.5/mean: 7.149e-02
cov**0.5/mean: 7.524e-02
cov**0.5/mean: 7.239e-02
cov**0.5/mean: 6.465e-02
cov**0.5/mean: 8.362e-02
cov**0.5/mean: 7.249e-02
cov**0.5/mean: 7.156e-02
cov**0.5/mean: 7.238e-02
cov**0.5/mean: 7.361e-02
cov**0.5/mean: 7.254e-02
cov**0.5/mean: nan
cov**0.5/mean: 7.581e-02
cov**0.5/mean: 7.739e-02
cov**0.5/mean: 7.190e-02
cov**0.5/mean: 6.954e-02
cov**0.5/mean: 6.684e-02
cov**0.5/mean: 7.769e-02
cov**0.5/mean: 7.325e-02
cov**0.5/mean: 7.190e-02
cov**0.5/mean: 7.352e-02
cov**0.5/mean: 6.445e-02
cov**0.5/mean: 7.069e-02
cov**0.5/mean: 7.273e-02
cov**0.5/mean: 7.218e-02
cov**0.5/mean: 7.029e-02
cov**0.5/mean: 7.154e-02
cov**0.5/mean: 7.315e-02
cov**0.5/mean: 6.733e-02
cov**0.5/mean: 7.560e-02
cov**0.5/mean: 7.128e-02
cov**0.5/mean: 7.518e-02
cov**0.5/mean: 7.600e-02
cov**0.5/mean: 7.106e-02
cov**0.5/mean: 7.237e-02
cov**0.5/mean: 7.262e-02
cov**0.5/mean: nan
cov**0.5/mean: 7.018e-02
cov**0.5/mean: 7.220e-02
cov**0.5/mean: 7.048e-02
cov**0.5/mean: nan
cov**0.5/mean: 7.540e-02
cov**0.5/mean: 6.893e-02
cov**0.5/mean: 7.324e-02
cov**0.5/mean: 6.842e-02
cov**0.5/mean: 7.280e-02
cov**0.5/mean: 7.094e-02
cov**0.5/mean: 7.430e-02
cov**0.5/mean: 7.398e-02
cov**0.5/mean: 7.076e-02
cov**0.5/mean: nan
cov**0.5/mean: 6.636e-02
cov**0.5/mean: 7.250e-02
cov**0.5/mean: 6.984e-02
cov**0.5/mean: 6.818e-02
cov**0.5/mean: 6.757e-02
cov**0.5/mean: nan
cov**0.5/mean: 7.179e-02
cov**0.5/mean: 7.435e-02
cov**0.5/mean: 6.831e-02
cov**0.5/mean: 6.431e-02
cov**0.5/mean: 7.160e-02
cov**0.5/mean: 6.500e-02
cov**0.5/mean: 6.466e-02
cov**0.5/mean: 6.126e-02
cov**0.5/mean: 6.530e-02
cov**0.5/mean: 7.201e-02
cov**0.5/mean: 6.396e-02
cov**0.5/mean: 6.763e-02
cov**0.5/mean: 6.894e-02
cov**0.5/mean: 6.774e-02
cov**0.5/mean: 6.059e-02
cov**0.5/mean: 6.669e-02
cov**0.5/mean: nan
cov**0.5/mean: 6.310e-02
cov**0.5/mean: 6.188e-02
cov**0.5/mean: 7.226e-02
cov**0.5/mean: 6.851e-02
cov**0.5/mean: 6.395e-02
cov**0.5/mean: 7.052e-02
cov**0.5/mean: 6.458e-02
cov**0.5/mean: 6.447e-02
cov**0.5/mean: 7.514e-02
cov**0.5/mean: 6.346e-02
cov**0.5/mean: 6.614e-02
cov**0.5/mean: 7.186e-02
cov**0.5/mean: nan
cov**0.5/mean: 5.872e-02
cov**0.5/mean: 7.067e-02
cov**0.5/mean: 7.059e-02
cov**0.5/mean: 6.477e-02
cov**0.5/mean: nan
cov**0.5/mean: 6.611e-02
cov**0.5/mean: 7.511e-02
cov**0.5/mean: 7.050e-02
cov**0.5/mean: 6.524e-02
cov**0.5/mean: 7.038e-02
cov**0.5/mean: 7.269e-02
cov**0.5/mean: 7.407e-02
cov**0.5/mean: nan
cov**0.5/mean: 6.897e-02
cov**0.5/mean: 6.472e-02
cov**0.5/mean: 6.870e-02
cov**0.5/mean: 7.081e-02
cov**0.5/mean: 6.563e-02
cov**0.5/mean: 7.289e-02
cov**0.5/mean: 7.173e-02
cov**0.5/mean: 6.519e-02
cov**0.5/mean: 7.180e-02
cov**0.5/mean: nan
cov**0.5/mean: 6.320e-02
cov**0.5/mean: nan
cov**0.5/mean: 6.050e-02
cov**0.5/mean: nan
cov**0.5/mean: 6.010e-02
cov**0.5/mean: 5.825e-02
cov**0.5/mean: 5.593e-02
cov**0.5/mean: 6.509e-02
cov**0.5/mean: nan
cov**0.5/mean: 7.037e-02
cov**0.5/mean: 7.228e-02
cov**0.5/mean: 6.303e-02
cov**0.5/mean: 7.151e-02
cov**0.5/mean: 5.886e-02
cov**0.5/mean: nan
cov**0.5/mean: 6.374e-02
cov**0.5/mean: 6.732e-02
cov**0.5/mean: nan
cov**0.5/mean: nan
cov**0.5/mean: 6.903e-02
cov**0.5/mean: 7.641e-02
cov**0.5/mean: nan
cov**0.5/mean: 7.221e-02
cov**0.5/mean: nan
cov**0.5/mean: 7.064e-02
cov**0.5/mean: 7.386e-02
cov**0.5/mean: 6.745e-02
cov**0.5/mean: 8.833e-02
cov**0.5/mean: 7.474e-02
cov**0.5/mean: 7.047e-02
cov**0.5/mean: 7.411e-02
cov**0.5/mean: 6.930e-02
cov**0.5/mean: 9.321e-02
cov**0.5/mean: 7.962e-02
cov**0.5/mean: 7.183e-02
cov**0.5/mean: 6.735e-02
cov**0.5/mean: 7.318e-02
cov**0.5/mean: 7.284e-02
cov**0.5/mean: 6.887e-02
cov**0.5/mean: 8.869e-02
cov**0.5/mean: 6.681e-02
cov**0.5/mean: 7.491e-02
cov**0.5/mean: 6.993e-02
cov**0.5/mean: 7.296e-02
cov**0.5/mean: 7.111e-02
cov**0.5/mean: 7.364e-02
cov**0.5/mean: 6.840e-02
cov**0.5/mean: 7.234e-02
cov**0.5/mean: 6.604e-02
cov**0.5/mean: 6.057e-02
cov**0.5/mean: 6.846e-02
cov**0.5/mean: 5.651e-02
cov**0.5/mean: 6.704e-02
cov**0.5/mean: 7.330e-02
cov**0.5/mean: 6.433e-02
cov**0.5/mean: 7.150e-02
cov**0.5/mean: 6.919e-02
cov**0.5/mean: 7.045e-02
cov**0.5/mean: 7.144e-02
cov**0.5/mean: 7.278e-02
cov**0.5/mean: 7.163e-02
cov**0.5/mean: 6.817e-02
cov**0.5/mean: 6.791e-02
cov**0.5/mean: 7.217e-02
cov**0.5/mean: 7.348e-02
cov**0.5/mean: 7.728e-02
cov**0.5/mean: 7.485e-02
cov**0.5/mean: 6.898e-02
cov**0.5/mean: 6.807e-02
cov**0.5/mean: 6.977e-02
cov**0.5/mean: 7.229e-02
cov**0.5/mean: 6.975e-02
cov**0.5/mean: 7.369e-02
cov**0.5/mean: 7.261e-02
cov**0.5/mean: 7.213e-02
cov**0.5/mean: 7.473e-02
cov**0.5/mean: 7.321e-02
cov**0.5/mean: 7.034e-02
cov**0.5/mean: 6.601e-02
cov**0.5/mean: 7.114e-02
cov**0.5/mean: 7.353e-02
cov**0.5/mean: 7.535e-02
cov**0.5/mean: 7.294e-02
cov**0.5/mean: 7.190e-02
cov**0.5/mean: 7.310e-02
cov**0.5/mean: 7.391e-02
cov**0.5/mean: nan
cov**0.5/mean: 7.219e-02
cov**0.5/mean: 6.927e-02
cov**0.5/mean: 7.555e-02
cov**0.5/mean: 6.638e-02
cov**0.5/mean: 7.313e-02
cov**0.5/mean: 6.755e-02
cov**0.5/mean: 8.407e-02
cov**0.5/mean: 7.045e-02
cov**0.5/mean: 7.137e-02
cov**0.5/mean: 6.637e-02
cov**0.5/mean: 6.928e-02
cov**0.5/mean: 7.375e-02
cov**0.5/mean: 7.475e-02
cov**0.5/mean: 7.364e-02
cov**0.5/mean: 7.097e-02
cov**0.5/mean: 7.190e-02
cov**0.5/mean: 6.397e-02
cov**0.5/mean: 6.347e-02
cov**0.5/mean: 6.530e-02
cov**0.5/mean: 6.557e-02
cov**0.5/mean: 5.973e-02
cov**0.5/mean: 6.152e-02
cov**0.5/mean: nan
cov**0.5/mean: nan
cov**0.5/mean: 5.890e-02
cov**0.5/mean: 6.490e-02
cov**0.5/mean: 7.036e-02
cov**0.5/mean: 6.083e-02
cov**0.5/mean: nan
cov**0.5/mean: 6.156e-02
cov**0.5/mean: 6.460e-02
cov**0.5/mean: 6.777e-02
cov**0.5/mean: 7.507e-02
cov**0.5/mean: 7.154e-02
cov**0.5/mean: 7.103e-02
cov**0.5/mean: 7.204e-02
cov**0.5/mean: 7.477e-02
cov**0.5/mean: 6.770e-02
cov**0.5/mean: 6.780e-02
cov**0.5/mean: nan
cov**0.5/mean: 6.255e-02
cov**0.5/mean: 7.133e-02
cov**0.5/mean: 6.756e-02
cov**0.5/mean: 6.672e-02
cov**0.5/mean: 8.744e-02
cov**0.5/mean: 7.234e-02
cov**0.5/mean: 6.988e-02
cov**0.5/mean: 7.006e-02
cov**0.5/mean: 6.957e-02
cov**0.5/mean: 7.164e-02
cov**0.5/mean: 7.244e-02
cov**0.5/mean: nan
cov**0.5/mean: nan
cov**0.5/mean: 7.440e-02
cov**0.5/mean: 7.149e-02
cov**0.5/mean: 7.134e-02
cov**0.5/mean: 8.117e-02
cov**0.5/mean: nan
cov**0.5/mean: 6.890e-02
cov**0.5/mean: nan
cov**0.5/mean: 7.309e-02
cov**0.5/mean: 7.329e-02
cov**0.5/mean: 7.298e-02
cov**0.5/mean: 6.805e-02
cov**0.5/mean: 6.977e-02
cov**0.5/mean: 6.401e-02
cov**0.5/mean: 6.910e-02
cov**0.5/mean: 5.902e-02
cov**0.5/mean: 6.209e-02
cov**0.5/mean: 6.321e-02
cov**0.5/mean: nan
cov**0.5/mean: 7.013e-02
cov**0.5/mean: 8.273e-02
cov**0.5/mean: 7.584e-02
cov**0.5/mean: 7.078e-02
cov**0.5/mean: nan
cov**0.5/mean: 8.766e-02
cov**0.5/mean: 7.240e-02
cov**0.5/mean: 7.085e-02
cov**0.5/mean: 6.996e-02
cov**0.5/mean: 6.811e-02
cov**0.5/mean: nan
cov**0.5/mean: nan
cov**0.5/mean: 7.240e-02
cov**0.5/mean: 7.259e-02
cov**0.5/mean: 7.220e-02
cov**0.5/mean: 7.001e-02
cov**0.5/mean: 7.411e-02
cov**0.5/mean: 6.851e-02
cov**0.5/mean: 7.185e-02
cov**0.5/mean: 7.160e-02
cov**0.5/mean: 6.901e-02
cov**0.5/mean: 7.649e-02
cov**0.5/mean: 8.080e-02
cov**0.5/mean: 7.502e-02
cov**0.5/mean: 6.585e-02
cov**0.5/mean: 7.099e-02
cov**0.5/mean: 6.293e-02
cov**0.5/mean: 6.360e-02
cov**0.5/mean: 6.620e-02
cov**0.5/mean: 6.251e-02
cov**0.5/mean: 7.229e-02
cov**0.5/mean: 7.351e-02
cov**0.5/mean: 6.797e-02
cov**0.5/mean: 7.179e-02
cov**0.5/mean: 7.231e-02
cov**0.5/mean: 7.111e-02
cov**0.5/mean: 6.966e-02
cov**0.5/mean: 6.743e-02
cov**0.5/mean: 6.688e-02
cov**0.5/mean: 6.927e-02
cov**0.5/mean: 6.892e-02
cov**0.5/mean: 7.362e-02
cov**0.5/mean: nan
cov**0.5/mean: 6.940e-02
cov**0.5/mean: 7.458e-02
cov**0.5/mean: 6.834e-02
cov**0.5/mean: nan
cov**0.5/mean: nan
cov**0.5/mean: 6.663e-02
cov**0.5/mean: 7.276e-02
cov**0.5/mean: 7.464e-02
cov**0.5/mean: nan
cov**0.5/mean: 7.002e-02
cov**0.5/mean: 7.236e-02
cov**0.5/mean: 7.319e-02
cov**0.5/mean: 7.370e-02
cov**0.5/mean: 7.148e-02
cov**0.5/mean: 7.344e-02
cov**0.5/mean: 7.627e-02
cov**0.5/mean: 6.268e-02
cov**0.5/mean: 6.931e-02
cov**0.5/mean: 7.102e-02
cov**0.5/mean: 7.386e-02
cov**0.5/mean: 7.520e-02
cov**0.5/mean: 7.162e-02
cov**0.5/mean: 6.960e-02
cov**0.5/mean: 6.356e-02
cov**0.5/mean: 6.991e-02
cov**0.5/mean: 7.091e-02
cov**0.5/mean: 7.255e-02
cov**0.5/mean: 6.758e-02
cov**0.5/mean: 7.147e-02
cov**0.5/mean: 7.175e-02
cov**0.5/mean: 7.267e-02
cov**0.5/mean: 7.316e-02
cov**0.5/mean: 6.535e-02
cov**0.5/mean: 7.025e-02
cov**0.5/mean: 7.264e-02
cov**0.5/mean: 7.364e-02
cov**0.5/mean: 6.994e-02
cov**0.5/mean: 7.224e-02
cov**0.5/mean: 6.824e-02
cov**0.5/mean: 7.347e-02
cov**0.5/mean: nan
cov**0.5/mean: 7.296e-02
cov**0.5/mean: 7.312e-02
cov**0.5/mean: 7.277e-02
cov**0.5/mean: 7.171e-02
cov**0.5/mean: 7.086e-02
cov**0.5/mean: 6.771e-02
cov**0.5/mean: 6.879e-02
cov**0.5/mean: 6.877e-02
cov**0.5/mean: 7.237e-02
cov**0.5/mean: 7.330e-02
cov**0.5/mean: 7.161e-02
cov**0.5/mean: 6.937e-02
cov**0.5/mean: 6.790e-02
cov**0.5/mean: nan
cov**0.5/mean: 7.076e-02
cov**0.5/mean: 6.907e-02
cov**0.5/mean: 7.095e-02
cov**0.5/mean: 8.185e-02
cov**0.5/mean: 7.452e-02
cov**0.5/mean: 7.643e-02
cov**0.5/mean: 7.176e-02
cov**0.5/mean: 7.483e-02
cov**0.5/mean: 7.435e-02
cov**0.5/mean: 6.564e-02
cov**0.5/mean: 6.925e-02
cov**0.5/mean: 7.631e-02
cov**0.5/mean: 6.541e-02
cov**0.5/mean: 6.947e-02
cov**0.5/mean: 6.798e-02
cov**0.5/mean: 7.248e-02
cov**0.5/mean: 6.991e-02
cov**0.5/mean: 7.134e-02
cov**0.5/mean: 7.563e-02
cov**0.5/mean: nan
cov**0.5/mean: 7.513e-02
cov**0.5/mean: 7.350e-02
cov**0.5/mean: 7.040e-02
cov**0.5/mean: 7.080e-02
cov**0.5/mean: 7.308e-02
cov**0.5/mean: 7.217e-02
cov**0.5/mean: 7.228e-02
cov**0.5/mean: 7.117e-02
cov**0.5/mean: 7.463e-02
cov**0.5/mean: 7.531e-02
cov**0.5/mean: 6.977e-02
cov**0.5/mean: 6.713e-02
cov**0.5/mean: 7.293e-02
cov**0.5/mean: 7.130e-02
cov**0.5/mean: 7.246e-02
cov**0.5/mean: 7.272e-02
cov**0.5/mean: 7.051e-02
cov**0.5/mean: 7.433e-02
cov**0.5/mean: 7.623e-02
cov**0.5/mean: 6.671e-02
cov**0.5/mean: 7.100e-02
cov**0.5/mean: 7.354e-02
cov**0.5/mean: 7.204e-02
cov**0.5/mean: 7.211e-02
cov**0.5/mean: 7.558e-02
cov**0.5/mean: 7.456e-02
cov**0.5/mean: 7.668e-02
cov**0.5/mean: 7.013e-02
cov**0.5/mean: 7.499e-02
cov**0.5/mean: 6.902e-02
cov**0.5/mean: 7.179e-02
cov**0.5/mean: 7.191e-02
cov**0.5/mean: 6.936e-02
cov**0.5/mean: 7.224e-02
cov**0.5/mean: 7.436e-02
cov**0.5/mean: 7.028e-02
cov**0.5/mean: 7.572e-02
cov**0.5/mean: 8.949e-02
cov**0.5/mean: 7.354e-02
cov**0.5/mean: 7.054e-02
cov**0.5/mean: 7.401e-02
cov**0.5/mean: 7.253e-02
cov**0.5/mean: 6.932e-02
cov**0.5/mean: 7.613e-02
cov**0.5/mean: 7.475e-02
cov**0.5/mean: 7.407e-02
cov**0.5/mean: 6.976e-02
cov**0.5/mean: 7.217e-02
cov**0.5/mean: 6.447e-02
cov**0.5/mean: 6.926e-02
cov**0.5/mean: 7.055e-02
cov**0.5/mean: 7.311e-02
cov**0.5/mean: 6.764e-02
cov**0.5/mean: 6.970e-02
cov**0.5/mean: 6.729e-02
cov**0.5/mean: nan
cov**0.5/mean: 6.655e-02
cov**0.5/mean: nan
cov**0.5/mean: 7.183e-02
cov**0.5/mean: 8.168e-02
cov**0.5/mean: 6.721e-02
cov**0.5/mean: 6.766e-02
cov**0.5/mean: 6.963e-02
cov**0.5/mean: nan
cov**0.5/mean: 7.013e-02
cov**0.5/mean: 8.254e-02
cov**0.5/mean: 6.765e-02
cov**0.5/mean: 6.757e-02
cov**0.5/mean: 7.768e-02
cov**0.5/mean: 7.290e-02
cov**0.5/mean: 6.857e-02
cov**0.5/mean: 7.345e-02
cov**0.5/mean: 7.231e-02
cov**0.5/mean: 7.272e-02
cov**0.5/mean: 7.015e-02
cov**0.5/mean: 6.903e-02
cov**0.5/mean: 7.077e-02
cov**0.5/mean: 7.295e-02
cov**0.5/mean: 6.928e-02
cov**0.5/mean: 6.281e-02
cov**0.5/mean: 6.461e-02
cov**0.5/mean: 7.222e-02
cov**0.5/mean: 7.185e-02
cov**0.5/mean: 7.194e-02
cov**0.5/mean: 7.088e-02
cov**0.5/mean: 7.460e-02
cov**0.5/mean: 7.050e-02
cov**0.5/mean: 7.540e-02
cov**0.5/mean: 7.510e-02
cov**0.5/mean: 6.686e-02
cov**0.5/mean: 7.009e-02
cov**0.5/mean: 7.416e-02
cov**0.5/mean: 7.401e-02
cov**0.5/mean: 6.864e-02
cov**0.5/mean: nan
cov**0.5/mean: 7.039e-02
cov**0.5/mean: nan
cov**0.5/mean: 6.821e-02
cov**0.5/mean: 7.129e-02
cov**0.5/mean: 7.091e-02
cov**0.5/mean: nan
cov**0.5/mean: 6.599e-02
cov**0.5/mean: 7.109e-02
cov**0.5/mean: 7.594e-02
cov**0.5/mean: 7.336e-02
cov**0.5/mean: 9.077e-02
cov**0.5/mean: 7.044e-02
cov**0.5/mean: 7.306e-02
cov**0.5/mean: 7.137e-02
cov**0.5/mean: 7.269e-02
cov**0.5/mean: 8.597e-02
cov**0.5/mean: 7.216e-02
cov**0.5/mean: 7.445e-02
cov**0.5/mean: 7.844e-02
cov**0.5/mean: 7.440e-02
cov**0.5/mean: 7.592e-02
cov**0.5/mean: 8.190e-02
cov**0.5/mean: 7.422e-02
cov**0.5/mean: 7.063e-02
cov**0.5/mean: 7.279e-02
cov**0.5/mean: 7.154e-02
cov**0.5/mean: 7.172e-02
cov**0.5/mean: 6.611e-02
cov**0.5/mean: 7.317e-02
cov**0.5/mean: 6.782e-02
cov**0.5/mean: 7.200e-02
cov**0.5/mean: 7.352e-02
cov**0.5/mean: 6.642e-02
cov**0.5/mean: 6.378e-02
cov**0.5/mean: 7.385e-02
cov**0.5/mean: 6.827e-02
cov**0.5/mean: 6.800e-02
cov**0.5/mean: 6.307e-02
cov**0.5/mean: 7.111e-02
cov**0.5/mean: 7.428e-02
cov**0.5/mean: 7.070e-02
cov**0.5/mean: 6.533e-02
cov**0.5/mean: 6.990e-02
cov**0.5/mean: 7.005e-02
cov**0.5/mean: 6.997e-02
  Step 4000/10000, Time: 5.5s, Acceptance: nan
cov**0.5/mean: 6.511e-02
cov**0.5/mean: 7.071e-02
cov**0.5/mean: nan
cov**0.5/mean: 6.461e-02
cov**0.5/mean: 6.684e-02
cov**0.5/mean: nan
cov**0.5/mean: 7.513e-02
cov**0.5/mean: 7.256e-02
cov**0.5/mean: 7.029e-02
cov**0.5/mean: 6.654e-02
cov**0.5/mean: 7.186e-02
cov**0.5/mean: 7.079e-02
cov**0.5/mean: 7.425e-02
cov**0.5/mean: 7.065e-02
cov**0.5/mean: 7.066e-02
cov**0.5/mean: 6.882e-02
cov**0.5/mean: 7.119e-02
cov**0.5/mean: 6.420e-02
cov**0.5/mean: 6.446e-02
cov**0.5/mean: 7.239e-02
cov**0.5/mean: nan
cov**0.5/mean: 7.157e-02
cov**0.5/mean: 7.445e-02
cov**0.5/mean: 7.483e-02
cov**0.5/mean: 7.244e-02
cov**0.5/mean: 7.429e-02
cov**0.5/mean: 7.180e-02
cov**0.5/mean: 7.484e-02
cov**0.5/mean: 7.345e-02
cov**0.5/mean: 7.117e-02
cov**0.5/mean: 7.616e-02
cov**0.5/mean: 7.377e-02
cov**0.5/mean: 7.111e-02
cov**0.5/mean: 7.261e-02
cov**0.5/mean: 7.274e-02
cov**0.5/mean: 6.886e-02
cov**0.5/mean: 6.925e-02
cov**0.5/mean: 7.106e-02
cov**0.5/mean: 7.403e-02
cov**0.5/mean: 7.522e-02
cov**0.5/mean: 7.445e-02
cov**0.5/mean: 7.464e-02
cov**0.5/mean: 6.382e-02
cov**0.5/mean: 7.560e-02
cov**0.5/mean: 7.246e-02
cov**0.5/mean: 7.244e-02
cov**0.5/mean: 7.181e-02
cov**0.5/mean: 7.184e-02
cov**0.5/mean: 7.002e-02
cov**0.5/mean: 6.664e-02
cov**0.5/mean: 7.263e-02
cov**0.5/mean: 7.229e-02
cov**0.5/mean: 7.336e-02
cov**0.5/mean: nan
cov**0.5/mean: 6.862e-02
cov**0.5/mean: 7.575e-02
cov**0.5/mean: 7.382e-02
cov**0.5/mean: 6.964e-02
cov**0.5/mean: 7.143e-02
cov**0.5/mean: 7.406e-02
cov**0.5/mean: 6.683e-02
cov**0.5/mean: 7.618e-02
cov**0.5/mean: 6.552e-02
cov**0.5/mean: 7.959e-02
cov**0.5/mean: 6.734e-02
cov**0.5/mean: 7.237e-02
cov**0.5/mean: nan
cov**0.5/mean: 7.017e-02
cov**0.5/mean: nan
cov**0.5/mean: 7.421e-02
cov**0.5/mean: 7.221e-02
cov**0.5/mean: 7.084e-02
cov**0.5/mean: 7.092e-02
cov**0.5/mean: 7.284e-02
cov**0.5/mean: 6.793e-02
cov**0.5/mean: 7.197e-02
cov**0.5/mean: 7.573e-02
cov**0.5/mean: 7.461e-02
cov**0.5/mean: 7.240e-02
cov**0.5/mean: 6.820e-02
cov**0.5/mean: 7.228e-02
cov**0.5/mean: nan
cov**0.5/mean: nan
cov**0.5/mean: 6.852e-02
cov**0.5/mean: 6.747e-02
cov**0.5/mean: 7.112e-02
cov**0.5/mean: 7.354e-02
cov**0.5/mean: 9.293e-02
cov**0.5/mean: 7.229e-02
cov**0.5/mean: 7.142e-02
cov**0.5/mean: 7.035e-02
cov**0.5/mean: 6.634e-02
cov**0.5/mean: 6.998e-02
cov**0.5/mean: 8.075e-02
cov**0.5/mean: 7.117e-02
cov**0.5/mean: 8.000e-02
cov**0.5/mean: 7.262e-02
cov**0.5/mean: 6.773e-02
cov**0.5/mean: 7.153e-02
cov**0.5/mean: 7.361e-02
cov**0.5/mean: 6.727e-02
cov**0.5/mean: 7.145e-02
cov**0.5/mean: 7.393e-02
cov**0.5/mean: nan
cov**0.5/mean: 6.699e-02
cov**0.5/mean: 7.415e-02
cov**0.5/mean: 7.388e-02
cov**0.5/mean: 7.399e-02
cov**0.5/mean: 7.007e-02
cov**0.5/mean: 7.447e-02
cov**0.5/mean: 7.113e-02
cov**0.5/mean: 7.667e-02
cov**0.5/mean: 8.351e-02
cov**0.5/mean: 7.160e-02
cov**0.5/mean: 7.249e-02
cov**0.5/mean: 7.145e-02
cov**0.5/mean: 6.969e-02
cov**0.5/mean: 6.209e-02
cov**0.5/mean: nan
cov**0.5/mean: 7.098e-02
cov**0.5/mean: 6.551e-02
cov**0.5/mean: 6.775e-02
cov**0.5/mean: 5.855e-02
cov**0.5/mean: 6.774e-02
cov**0.5/mean: 7.011e-02
cov**0.5/mean: 7.198e-02
cov**0.5/mean: 7.580e-02
cov**0.5/mean: 6.816e-02
cov**0.5/mean: 7.223e-02
cov**0.5/mean: 7.116e-02
cov**0.5/mean: 7.711e-02
cov**0.5/mean: nan
cov**0.5/mean: 6.139e-02
cov**0.5/mean: 7.409e-02
cov**0.5/mean: 6.861e-02
cov**0.5/mean: 7.308e-02
cov**0.5/mean: 7.345e-02
cov**0.5/mean: 8.201e-02
cov**0.5/mean: 7.232e-02
cov**0.5/mean: 7.476e-02
cov**0.5/mean: 7.707e-02
cov**0.5/mean: 6.963e-02
cov**0.5/mean: 7.595e-02
cov**0.5/mean: 6.887e-02
cov**0.5/mean: 7.038e-02
cov**0.5/mean: nan
cov**0.5/mean: 6.917e-02
cov**0.5/mean: 8.905e-02
cov**0.5/mean: 7.151e-02
cov**0.5/mean: 6.993e-02
cov**0.5/mean: 6.934e-02
cov**0.5/mean: 6.665e-02
cov**0.5/mean: 7.512e-02
cov**0.5/mean: 7.114e-02
cov**0.5/mean: 7.280e-02
cov**0.5/mean: 6.946e-02
cov**0.5/mean: 6.953e-02
cov**0.5/mean: nan
cov**0.5/mean: 6.367e-02
cov**0.5/mean: 7.117e-02
cov**0.5/mean: 6.708e-02
cov**0.5/mean: 7.156e-02
cov**0.5/mean: 7.175e-02
cov**0.5/mean: 7.294e-02
cov**0.5/mean: 6.577e-02
cov**0.5/mean: 7.297e-02
cov**0.5/mean: 7.437e-02
cov**0.5/mean: 7.282e-02
cov**0.5/mean: 7.333e-02
cov**0.5/mean: 7.203e-02
cov**0.5/mean: 7.313e-02
cov**0.5/mean: 8.387e-02
cov**0.5/mean: 7.033e-02
cov**0.5/mean: 7.671e-02
cov**0.5/mean: 7.133e-02
cov**0.5/mean: nan
cov**0.5/mean: 6.287e-02
cov**0.5/mean: 6.014e-02
cov**0.5/mean: nan
cov**0.5/mean: 6.964e-02
cov**0.5/mean: 7.385e-02
cov**0.5/mean: 7.473e-02
cov**0.5/mean: 7.451e-02
cov**0.5/mean: 6.629e-02
cov**0.5/mean: 7.068e-02
cov**0.5/mean: 7.137e-02
cov**0.5/mean: 6.681e-02
cov**0.5/mean: nan
cov**0.5/mean: 7.394e-02
cov**0.5/mean: 6.703e-02
cov**0.5/mean: 6.551e-02
cov**0.5/mean: 6.796e-02
cov**0.5/mean: 6.459e-02
cov**0.5/mean: 6.759e-02
cov**0.5/mean: 6.977e-02
cov**0.5/mean: 6.804e-02
cov**0.5/mean: 7.181e-02
cov**0.5/mean: 6.838e-02
cov**0.5/mean: 7.064e-02
cov**0.5/mean: 6.786e-02
cov**0.5/mean: 6.951e-02
cov**0.5/mean: 6.609e-02
cov**0.5/mean: 7.593e-02
cov**0.5/mean: 6.927e-02
cov**0.5/mean: 6.935e-02
cov**0.5/mean: 6.695e-02
cov**0.5/mean: 7.362e-02
cov**0.5/mean: 7.702e-02
cov**0.5/mean: 6.966e-02
cov**0.5/mean: 6.919e-02
cov**0.5/mean: 7.136e-02
cov**0.5/mean: 6.432e-02
cov**0.5/mean: nan
cov**0.5/mean: 7.285e-02
cov**0.5/mean: 7.132e-02
cov**0.5/mean: 7.005e-02
cov**0.5/mean: 6.519e-02
cov**0.5/mean: 6.688e-02
cov**0.5/mean: 6.726e-02
cov**0.5/mean: 7.520e-02
cov**0.5/mean: 7.138e-02
cov**0.5/mean: 7.854e-02
cov**0.5/mean: nan
cov**0.5/mean: 6.805e-02
cov**0.5/mean: 6.893e-02
cov**0.5/mean: 7.744e-02
cov**0.5/mean: 7.812e-02
cov**0.5/mean: 7.434e-02
cov**0.5/mean: 6.741e-02
cov**0.5/mean: 8.867e-02
cov**0.5/mean: 7.713e-02
cov**0.5/mean: 7.069e-02
cov**0.5/mean: 6.710e-02
cov**0.5/mean: 6.381e-02
cov**0.5/mean: nan
cov**0.5/mean: 6.264e-02
cov**0.5/mean: 6.189e-02
cov**0.5/mean: 6.895e-02
cov**0.5/mean: 7.132e-02
cov**0.5/mean: 7.317e-02
cov**0.5/mean: 7.137e-02
cov**0.5/mean: 6.403e-02
cov**0.5/mean: 7.422e-02
cov**0.5/mean: 6.564e-02
cov**0.5/mean: 7.111e-02
cov**0.5/mean: 7.526e-02
cov**0.5/mean: 6.964e-02
cov**0.5/mean: 7.273e-02
cov**0.5/mean: nan
cov**0.5/mean: 7.527e-02
cov**0.5/mean: 7.495e-02
cov**0.5/mean: 7.264e-02
cov**0.5/mean: 6.957e-02
cov**0.5/mean: 6.900e-02
cov**0.5/mean: nan
cov**0.5/mean: 7.337e-02
cov**0.5/mean: 6.581e-02
cov**0.5/mean: nan
cov**0.5/mean: 6.185e-02
cov**0.5/mean: 6.560e-02
cov**0.5/mean: 6.466e-02
cov**0.5/mean: 7.025e-02
cov**0.5/mean: 6.964e-02
cov**0.5/mean: 7.292e-02
cov**0.5/mean: 7.540e-02
cov**0.5/mean: 7.441e-02
cov**0.5/mean: 7.066e-02
cov**0.5/mean: 6.667e-02
cov**0.5/mean: 6.682e-02
cov**0.5/mean: 7.129e-02
cov**0.5/mean: 8.204e-02
cov**0.5/mean: 7.407e-02
cov**0.5/mean: 7.246e-02
cov**0.5/mean: 7.183e-02
cov**0.5/mean: 6.937e-02
cov**0.5/mean: 6.895e-02
cov**0.5/mean: 7.136e-02
cov**0.5/mean: 6.625e-02
cov**0.5/mean: 7.393e-02
cov**0.5/mean: 6.772e-02
cov**0.5/mean: nan
cov**0.5/mean: 6.780e-02
cov**0.5/mean: 7.285e-02
cov**0.5/mean: 8.559e-02
cov**0.5/mean: 7.481e-02
cov**0.5/mean: 6.906e-02
cov**0.5/mean: 7.100e-02
cov**0.5/mean: 6.853e-02
cov**0.5/mean: 7.429e-02
cov**0.5/mean: 7.776e-02
cov**0.5/mean: nan
cov**0.5/mean: nan
cov**0.5/mean: 7.066e-02
cov**0.5/mean: 8.694e-02
cov**0.5/mean: 7.213e-02
cov**0.5/mean: nan
cov**0.5/mean: 7.224e-02
cov**0.5/mean: 6.637e-02
cov**0.5/mean: nan
cov**0.5/mean: 7.300e-02
cov**0.5/mean: nan
cov**0.5/mean: 6.257e-02
cov**0.5/mean: 7.089e-02
cov**0.5/mean: 6.732e-02
cov**0.5/mean: 6.490e-02
cov**0.5/mean: 6.169e-02
cov**0.5/mean: 6.242e-02
cov**0.5/mean: 6.902e-02
cov**0.5/mean: 6.897e-02
cov**0.5/mean: 6.901e-02
cov**0.5/mean: 6.376e-02
cov**0.5/mean: 7.142e-02
cov**0.5/mean: 6.992e-02
cov**0.5/mean: 6.919e-02
cov**0.5/mean: nan
cov**0.5/mean: 7.194e-02
cov**0.5/mean: 7.131e-02
cov**0.5/mean: 7.200e-02
cov**0.5/mean: 6.897e-02
cov**0.5/mean: 7.585e-02
cov**0.5/mean: 6.183e-02
cov**0.5/mean: 6.810e-02
cov**0.5/mean: 6.608e-02
cov**0.5/mean: 7.218e-02
cov**0.5/mean: 6.783e-02
cov**0.5/mean: 6.351e-02
cov**0.5/mean: 6.031e-02
cov**0.5/mean: 7.427e-02
cov**0.5/mean: 7.253e-02
cov**0.5/mean: nan
cov**0.5/mean: nan
cov**0.5/mean: nan
cov**0.5/mean: 7.144e-02
cov**0.5/mean: 6.952e-02
cov**0.5/mean: 6.673e-02
cov**0.5/mean: 7.022e-02
cov**0.5/mean: 7.574e-02
cov**0.5/mean: 7.374e-02
cov**0.5/mean: 6.930e-02
cov**0.5/mean: 7.636e-02
cov**0.5/mean: 7.271e-02
cov**0.5/mean: 6.646e-02
cov**0.5/mean: 7.490e-02
cov**0.5/mean: 7.025e-02
cov**0.5/mean: 8.114e-02
cov**0.5/mean: 7.428e-02
cov**0.5/mean: 7.367e-02
cov**0.5/mean: 7.208e-02
cov**0.5/mean: 6.329e-02
cov**0.5/mean: 6.791e-02
cov**0.5/mean: 6.331e-02
cov**0.5/mean: 6.077e-02
cov**0.5/mean: 6.034e-02
cov**0.5/mean: 6.136e-02
cov**0.5/mean: 6.215e-02
cov**0.5/mean: 6.499e-02
cov**0.5/mean: 6.911e-02
cov**0.5/mean: 7.259e-02
cov**0.5/mean: 7.257e-02
cov**0.5/mean: 7.381e-02
cov**0.5/mean: 6.946e-02
cov**0.5/mean: 6.865e-02
cov**0.5/mean: 6.837e-02
cov**0.5/mean: nan
cov**0.5/mean: 7.426e-02
cov**0.5/mean: 7.399e-02
cov**0.5/mean: 7.414e-02
cov**0.5/mean: 7.373e-02
cov**0.5/mean: 6.306e-02
cov**0.5/mean: 7.311e-02
cov**0.5/mean: 7.505e-02
cov**0.5/mean: 7.285e-02
cov**0.5/mean: 6.954e-02
cov**0.5/mean: nan
cov**0.5/mean: 7.033e-02
cov**0.5/mean: 7.022e-02
cov**0.5/mean: 7.168e-02
cov**0.5/mean: 6.447e-02
cov**0.5/mean: 6.583e-02
cov**0.5/mean: 7.327e-02
cov**0.5/mean: 7.286e-02
cov**0.5/mean: 7.085e-02
cov**0.5/mean: 6.629e-02
cov**0.5/mean: 7.105e-02
cov**0.5/mean: 7.059e-02
cov**0.5/mean: 7.325e-02
cov**0.5/mean: 6.670e-02
cov**0.5/mean: 6.748e-02
cov**0.5/mean: 7.507e-02
cov**0.5/mean: 6.155e-02
cov**0.5/mean: 6.173e-02
cov**0.5/mean: 6.713e-02
cov**0.5/mean: 5.997e-02
cov**0.5/mean: 7.306e-02
cov**0.5/mean: 6.313e-02
cov**0.5/mean: 6.561e-02
cov**0.5/mean: 7.018e-02
cov**0.5/mean: 7.609e-02
cov**0.5/mean: 7.219e-02
cov**0.5/mean: 6.831e-02
cov**0.5/mean: 6.795e-02
cov**0.5/mean: 7.302e-02
cov**0.5/mean: 7.230e-02
cov**0.5/mean: 8.387e-02
cov**0.5/mean: 7.351e-02
cov**0.5/mean: 7.172e-02
cov**0.5/mean: 7.039e-02
cov**0.5/mean: 7.093e-02
cov**0.5/mean: 6.825e-02
cov**0.5/mean: 7.434e-02
cov**0.5/mean: 7.346e-02
cov**0.5/mean: 7.134e-02
cov**0.5/mean: 6.786e-02
cov**0.5/mean: 6.579e-02
cov**0.5/mean: 6.212e-02
cov**0.5/mean: 7.258e-02
cov**0.5/mean: 6.394e-02
cov**0.5/mean: 7.243e-02
cov**0.5/mean: nan
cov**0.5/mean: 7.441e-02
cov**0.5/mean: 7.154e-02
cov**0.5/mean: 7.289e-02
cov**0.5/mean: 6.485e-02
cov**0.5/mean: 6.618e-02
cov**0.5/mean: 7.579e-02
cov**0.5/mean: 7.141e-02
cov**0.5/mean: 6.813e-02
cov**0.5/mean: 7.366e-02
cov**0.5/mean: 7.004e-02
cov**0.5/mean: 8.835e-02
cov**0.5/mean: 7.566e-02
cov**0.5/mean: nan
cov**0.5/mean: 7.175e-02
cov**0.5/mean: 7.240e-02
cov**0.5/mean: 6.953e-02
cov**0.5/mean: 6.420e-02
cov**0.5/mean: 6.856e-02
cov**0.5/mean: 6.505e-02
cov**0.5/mean: 6.790e-02
cov**0.5/mean: 7.102e-02
cov**0.5/mean: 6.844e-02
cov**0.5/mean: 7.082e-02
cov**0.5/mean: 7.449e-02
cov**0.5/mean: nan
cov**0.5/mean: nan
cov**0.5/mean: 6.908e-02
cov**0.5/mean: 7.092e-02
cov**0.5/mean: 7.492e-02
cov**0.5/mean: 6.909e-02
cov**0.5/mean: nan
cov**0.5/mean: 6.948e-02
cov**0.5/mean: 8.552e-02
cov**0.5/mean: 7.171e-02
cov**0.5/mean: 6.638e-02
cov**0.5/mean: 7.566e-02
cov**0.5/mean: 6.637e-02
cov**0.5/mean: 7.423e-02
cov**0.5/mean: 7.398e-02
cov**0.5/mean: 6.870e-02
cov**0.5/mean: 7.133e-02
cov**0.5/mean: 7.571e-02
cov**0.5/mean: 7.394e-02
cov**0.5/mean: 6.827e-02
cov**0.5/mean: 7.762e-02
cov**0.5/mean: 7.117e-02
cov**0.5/mean: 7.037e-02
cov**0.5/mean: 6.350e-02
cov**0.5/mean: 7.100e-02
cov**0.5/mean: 9.177e-02
cov**0.5/mean: 6.687e-02
cov**0.5/mean: 6.934e-02
cov**0.5/mean: 7.712e-02
cov**0.5/mean: 7.046e-02
cov**0.5/mean: 6.848e-02
cov**0.5/mean: 7.168e-02
cov**0.5/mean: 7.419e-02
cov**0.5/mean: 7.143e-02
cov**0.5/mean: nan
cov**0.5/mean: 6.771e-02
cov**0.5/mean: 6.514e-02
cov**0.5/mean: 7.346e-02
cov**0.5/mean: 7.204e-02
cov**0.5/mean: 7.171e-02
cov**0.5/mean: 7.512e-02
cov**0.5/mean: 7.489e-02
cov**0.5/mean: 7.236e-02
cov**0.5/mean: 6.883e-02
cov**0.5/mean: 7.290e-02
cov**0.5/mean: 7.455e-02
cov**0.5/mean: 7.369e-02
cov**0.5/mean: 7.403e-02
cov**0.5/mean: 7.537e-02
cov**0.5/mean: 7.090e-02
cov**0.5/mean: 7.056e-02
cov**0.5/mean: 7.574e-02
cov**0.5/mean: 7.225e-02
cov**0.5/mean: 7.524e-02
cov**0.5/mean: 7.166e-02
cov**0.5/mean: 7.202e-02
cov**0.5/mean: 7.326e-02
cov**0.5/mean: 7.728e-02
cov**0.5/mean: 6.217e-02
cov**0.5/mean: 7.014e-02
cov**0.5/mean: 6.596e-02
cov**0.5/mean: 7.143e-02
cov**0.5/mean: 7.746e-02
cov**0.5/mean: 7.298e-02
cov**0.5/mean: 6.686e-02
cov**0.5/mean: 8.837e-02
cov**0.5/mean: 7.468e-02
cov**0.5/mean: 7.160e-02
cov**0.5/mean: 7.156e-02
cov**0.5/mean: 7.527e-02
cov**0.5/mean: 7.277e-02
cov**0.5/mean: 6.924e-02
cov**0.5/mean: nan
cov**0.5/mean: 7.245e-02
cov**0.5/mean: 7.712e-02
cov**0.5/mean: 7.271e-02
cov**0.5/mean: 7.509e-02
cov**0.5/mean: 7.342e-02
cov**0.5/mean: 7.522e-02
cov**0.5/mean: 6.622e-02
cov**0.5/mean: 7.084e-02
cov**0.5/mean: 6.861e-02
cov**0.5/mean: 7.196e-02
cov**0.5/mean: 7.361e-02
cov**0.5/mean: 6.899e-02
cov**0.5/mean: 7.582e-02
cov**0.5/mean: 7.707e-02
cov**0.5/mean: 7.453e-02
cov**0.5/mean: 7.127e-02
cov**0.5/mean: 7.290e-02
cov**0.5/mean: 7.074e-02
cov**0.5/mean: 6.637e-02
cov**0.5/mean: 7.294e-02
cov**0.5/mean: 7.481e-02
cov**0.5/mean: 7.395e-02
cov**0.5/mean: 7.362e-02
cov**0.5/mean: 6.687e-02
cov**0.5/mean: 7.234e-02
cov**0.5/mean: 7.478e-02
cov**0.5/mean: 8.742e-02
cov**0.5/mean: 6.802e-02
cov**0.5/mean: 8.716e-02
cov**0.5/mean: 7.253e-02
cov**0.5/mean: nan
cov**0.5/mean: 6.609e-02
cov**0.5/mean: 7.619e-02
cov**0.5/mean: 8.275e-02
cov**0.5/mean: 7.005e-02
cov**0.5/mean: 7.389e-02
cov**0.5/mean: 6.708e-02
cov**0.5/mean: 7.183e-02
cov**0.5/mean: 7.254e-02
cov**0.5/mean: 7.202e-02
cov**0.5/mean: 7.075e-02
cov**0.5/mean: nan
cov**0.5/mean: nan
cov**0.5/mean: 6.770e-02
cov**0.5/mean: 6.878e-02
cov**0.5/mean: 7.042e-02
cov**0.5/mean: 6.827e-02
cov**0.5/mean: 6.673e-02
cov**0.5/mean: 6.913e-02
cov**0.5/mean: 7.296e-02
cov**0.5/mean: nan
cov**0.5/mean: 6.263e-02
cov**0.5/mean: 6.514e-02
cov**0.5/mean: 6.031e-02
cov**0.5/mean: 6.127e-02
cov**0.5/mean: nan
cov**0.5/mean: 6.470e-02
cov**0.5/mean: 7.030e-02
cov**0.5/mean: 6.981e-02
cov**0.5/mean: 6.931e-02
cov**0.5/mean: 6.521e-02
cov**0.5/mean: 7.175e-02
cov**0.5/mean: 7.159e-02
cov**0.5/mean: 7.093e-02
cov**0.5/mean: 7.117e-02
cov**0.5/mean: 7.560e-02
cov**0.5/mean: 6.924e-02
cov**0.5/mean: 7.222e-02
cov**0.5/mean: 7.244e-02
cov**0.5/mean: 7.307e-02
cov**0.5/mean: 6.943e-02
cov**0.5/mean: 7.358e-02
cov**0.5/mean: 7.296e-02
cov**0.5/mean: 6.812e-02
cov**0.5/mean: 6.834e-02
cov**0.5/mean: 7.822e-02
cov**0.5/mean: 7.298e-02
cov**0.5/mean: 7.458e-02
cov**0.5/mean: 7.201e-02
cov**0.5/mean: 7.094e-02
cov**0.5/mean: 6.889e-02
cov**0.5/mean: nan
cov**0.5/mean: 6.992e-02
cov**0.5/mean: 6.399e-02
cov**0.5/mean: 6.423e-02
cov**0.5/mean: 6.902e-02
cov**0.5/mean: 7.045e-02
cov**0.5/mean: 7.046e-02
cov**0.5/mean: 8.051e-02
cov**0.5/mean: 7.065e-02
cov**0.5/mean: 6.943e-02
cov**0.5/mean: 6.211e-02
cov**0.5/mean: 7.027e-02
cov**0.5/mean: 6.970e-02
cov**0.5/mean: 6.486e-02
cov**0.5/mean: 6.993e-02
cov**0.5/mean: 7.030e-02
cov**0.5/mean: 7.696e-02
cov**0.5/mean: 6.951e-02
cov**0.5/mean: 7.141e-02
cov**0.5/mean: 6.963e-02
cov**0.5/mean: 6.192e-02
cov**0.5/mean: 7.454e-02
cov**0.5/mean: 7.325e-02
cov**0.5/mean: 7.547e-02
cov**0.5/mean: 7.294e-02
cov**0.5/mean: 7.192e-02
cov**0.5/mean: 7.200e-02
cov**0.5/mean: 7.152e-02
cov**0.5/mean: 7.182e-02
cov**0.5/mean: 7.145e-02
cov**0.5/mean: 7.562e-02
cov**0.5/mean: 7.305e-02
cov**0.5/mean: 6.958e-02
cov**0.5/mean: 6.716e-02
cov**0.5/mean: 7.051e-02
cov**0.5/mean: 6.325e-02
cov**0.5/mean: 7.437e-02
cov**0.5/mean: 7.336e-02
cov**0.5/mean: 6.784e-02
cov**0.5/mean: 6.906e-02
cov**0.5/mean: 7.294e-02
cov**0.5/mean: 7.478e-02
cov**0.5/mean: 7.060e-02
cov**0.5/mean: 7.330e-02
cov**0.5/mean: 7.185e-02
cov**0.5/mean: 6.670e-02
cov**0.5/mean: 7.022e-02
cov**0.5/mean: 6.880e-02
cov**0.5/mean: 7.067e-02
cov**0.5/mean: 7.234e-02
cov**0.5/mean: 6.744e-02
cov**0.5/mean: 7.089e-02
cov**0.5/mean: 7.317e-02
cov**0.5/mean: 6.560e-02
cov**0.5/mean: 7.414e-02
cov**0.5/mean: 6.879e-02
cov**0.5/mean: 7.254e-02
cov**0.5/mean: 8.447e-02
cov**0.5/mean: 6.785e-02
cov**0.5/mean: 6.857e-02
cov**0.5/mean: 6.645e-02
cov**0.5/mean: 6.888e-02
cov**0.5/mean: 6.486e-02
cov**0.5/mean: 7.123e-02
cov**0.5/mean: 6.726e-02
cov**0.5/mean: 7.177e-02
cov**0.5/mean: 7.277e-02
cov**0.5/mean: 7.329e-02
cov**0.5/mean: 7.155e-02
cov**0.5/mean: 6.825e-02
cov**0.5/mean: 7.612e-02
cov**0.5/mean: 6.887e-02
cov**0.5/mean: 7.059e-02
cov**0.5/mean: 6.683e-02
cov**0.5/mean: 7.128e-02
cov**0.5/mean: 6.828e-02
cov**0.5/mean: 8.074e-02
cov**0.5/mean: 7.547e-02
cov**0.5/mean: 7.175e-02
cov**0.5/mean: 7.234e-02
cov**0.5/mean: 6.877e-02
cov**0.5/mean: 6.359e-02
cov**0.5/mean: 6.820e-02
cov**0.5/mean: 7.519e-02
cov**0.5/mean: 7.405e-02
cov**0.5/mean: 6.038e-02
cov**0.5/mean: 7.159e-02
cov**0.5/mean: nan
cov**0.5/mean: 6.800e-02
cov**0.5/mean: 7.423e-02
cov**0.5/mean: 7.254e-02
cov**0.5/mean: 6.304e-02
cov**0.5/mean: nan
cov**0.5/mean: 7.369e-02
cov**0.5/mean: 7.319e-02
cov**0.5/mean: 6.878e-02
cov**0.5/mean: 7.120e-02
cov**0.5/mean: 7.558e-02
cov**0.5/mean: 7.095e-02
cov**0.5/mean: 7.096e-02
cov**0.5/mean: 6.842e-02
cov**0.5/mean: 6.854e-02
cov**0.5/mean: 6.663e-02
cov**0.5/mean: 6.994e-02
cov**0.5/mean: 6.781e-02
cov**0.5/mean: 7.624e-02
cov**0.5/mean: 7.551e-02
cov**0.5/mean: 7.009e-02
cov**0.5/mean: 8.809e-02
cov**0.5/mean: 6.815e-02
cov**0.5/mean: 7.076e-02
cov**0.5/mean: 7.273e-02
cov**0.5/mean: 8.433e-02
cov**0.5/mean: 6.907e-02
cov**0.5/mean: 7.269e-02
cov**0.5/mean: 7.114e-02
cov**0.5/mean: 7.223e-02
cov**0.5/mean: 7.541e-02
cov**0.5/mean: 6.970e-02
cov**0.5/mean: 7.020e-02
cov**0.5/mean: 7.224e-02
cov**0.5/mean: 5.925e-02
cov**0.5/mean: 6.619e-02
cov**0.5/mean: 6.824e-02
cov**0.5/mean: 6.800e-02
cov**0.5/mean: nan
cov**0.5/mean: 6.424e-02
cov**0.5/mean: 7.203e-02
cov**0.5/mean: 7.082e-02
cov**0.5/mean: 6.933e-02
cov**0.5/mean: 6.870e-02
cov**0.5/mean: 7.557e-02
cov**0.5/mean: 7.214e-02
cov**0.5/mean: nan
cov**0.5/mean: 7.121e-02
cov**0.5/mean: 6.068e-02
cov**0.5/mean: 7.533e-02
cov**0.5/mean: 6.963e-02
cov**0.5/mean: 6.711e-02
cov**0.5/mean: 7.039e-02
cov**0.5/mean: 7.343e-02
cov**0.5/mean: 7.445e-02
cov**0.5/mean: 6.693e-02
cov**0.5/mean: 6.445e-02
cov**0.5/mean: 6.451e-02
cov**0.5/mean: 7.560e-02
cov**0.5/mean: 7.258e-02
cov**0.5/mean: 7.043e-02
cov**0.5/mean: 6.980e-02
cov**0.5/mean: 7.292e-02
cov**0.5/mean: 6.284e-02
cov**0.5/mean: 6.354e-02
cov**0.5/mean: 7.656e-02
cov**0.5/mean: 7.026e-02
cov**0.5/mean: 6.239e-02
cov**0.5/mean: 6.520e-02
cov**0.5/mean: 6.669e-02
cov**0.5/mean: 5.989e-02
cov**0.5/mean: 7.153e-02
cov**0.5/mean: 7.692e-02
cov**0.5/mean: nan
cov**0.5/mean: 7.369e-02
cov**0.5/mean: 7.385e-02
cov**0.5/mean: 7.047e-02
cov**0.5/mean: 6.973e-02
cov**0.5/mean: 7.534e-02
cov**0.5/mean: 7.298e-02
cov**0.5/mean: 7.338e-02
cov**0.5/mean: 7.292e-02
cov**0.5/mean: 7.444e-02
cov**0.5/mean: 7.163e-02
cov**0.5/mean: 7.120e-02
cov**0.5/mean: 7.169e-02
cov**0.5/mean: 6.913e-02
cov**0.5/mean: 6.852e-02
cov**0.5/mean: 7.429e-02
cov**0.5/mean: 7.619e-02
cov**0.5/mean: 7.470e-02
cov**0.5/mean: 6.813e-02
cov**0.5/mean: 7.276e-02
cov**0.5/mean: 6.525e-02
cov**0.5/mean: 6.839e-02
cov**0.5/mean: 8.449e-02
cov**0.5/mean: 6.624e-02
cov**0.5/mean: nan
cov**0.5/mean: 7.267e-02
cov**0.5/mean: 7.343e-02
cov**0.5/mean: 7.049e-02
cov**0.5/mean: 7.015e-02
cov**0.5/mean: 6.451e-02
cov**0.5/mean: nan
cov**0.5/mean: 6.886e-02
cov**0.5/mean: 7.095e-02
cov**0.5/mean: 6.429e-02
cov**0.5/mean: nan
cov**0.5/mean: 6.724e-02
cov**0.5/mean: 6.926e-02
cov**0.5/mean: 7.114e-02
cov**0.5/mean: 7.095e-02
cov**0.5/mean: 7.415e-02
cov**0.5/mean: 7.252e-02
cov**0.5/mean: 7.346e-02
cov**0.5/mean: 7.177e-02
cov**0.5/mean: nan
cov**0.5/mean: 7.469e-02
cov**0.5/mean: 6.998e-02
cov**0.5/mean: 7.134e-02
cov**0.5/mean: 7.277e-02
cov**0.5/mean: 7.006e-02
cov**0.5/mean: 7.342e-02
cov**0.5/mean: 7.457e-02
cov**0.5/mean: 6.731e-02
cov**0.5/mean: 7.045e-02
cov**0.5/mean: 7.368e-02
cov**0.5/mean: 7.680e-02
cov**0.5/mean: 6.398e-02
cov**0.5/mean: 7.319e-02
cov**0.5/mean: 7.020e-02
cov**0.5/mean: 7.134e-02
cov**0.5/mean: 6.947e-02
cov**0.5/mean: 7.284e-02
cov**0.5/mean: 6.255e-02
cov**0.5/mean: 6.883e-02
cov**0.5/mean: 7.119e-02
cov**0.5/mean: 7.139e-02
cov**0.5/mean: 7.076e-02
cov**0.5/mean: 8.161e-02
cov**0.5/mean: 7.416e-02
cov**0.5/mean: 7.315e-02
cov**0.5/mean: nan
cov**0.5/mean: 7.107e-02
cov**0.5/mean: 6.783e-02
cov**0.5/mean: 7.160e-02
cov**0.5/mean: 7.696e-02
cov**0.5/mean: 7.323e-02
cov**0.5/mean: 7.504e-02
cov**0.5/mean: 7.660e-02
cov**0.5/mean: 6.490e-02
cov**0.5/mean: 6.863e-02
cov**0.5/mean: 7.150e-02
cov**0.5/mean: nan
cov**0.5/mean: 7.376e-02
cov**0.5/mean: 6.409e-02
cov**0.5/mean: 6.665e-02
cov**0.5/mean: 6.942e-02
cov**0.5/mean: 6.225e-02
cov**0.5/mean: 7.043e-02
cov**0.5/mean: 7.252e-02
cov**0.5/mean: 6.989e-02
cov**0.5/mean: 7.307e-02
cov**0.5/mean: 7.472e-02
cov**0.5/mean: 7.451e-02
cov**0.5/mean: 7.534e-02
cov**0.5/mean: nan
cov**0.5/mean: 7.326e-02
cov**0.5/mean: 7.318e-02
cov**0.5/mean: nan
cov**0.5/mean: nan
cov**0.5/mean: 6.973e-02
cov**0.5/mean: 6.669e-02
cov**0.5/mean: nan
cov**0.5/mean: 7.098e-02
cov**0.5/mean: 7.018e-02
cov**0.5/mean: 7.879e-02
cov**0.5/mean: 6.848e-02
cov**0.5/mean: 7.015e-02
cov**0.5/mean: 7.012e-02
cov**0.5/mean: 7.314e-02
cov**0.5/mean: 6.822e-02
cov**0.5/mean: 7.041e-02
cov**0.5/mean: 7.293e-02
cov**0.5/mean: 7.071e-02
cov**0.5/mean: 7.216e-02
cov**0.5/mean: 7.076e-02
cov**0.5/mean: 6.986e-02
cov**0.5/mean: 7.338e-02
cov**0.5/mean: 7.794e-02
cov**0.5/mean: 7.058e-02
cov**0.5/mean: 7.098e-02
cov**0.5/mean: 7.712e-02
cov**0.5/mean: 6.603e-02
cov**0.5/mean: 7.284e-02
cov**0.5/mean: 6.578e-02
cov**0.5/mean: 8.426e-02
cov**0.5/mean: 7.214e-02
cov**0.5/mean: nan
cov**0.5/mean: 7.430e-02
cov**0.5/mean: 7.231e-02
cov**0.5/mean: 7.870e-02
cov**0.5/mean: 7.069e-02
cov**0.5/mean: 6.759e-02
cov**0.5/mean: 7.430e-02
cov**0.5/mean: 7.046e-02
cov**0.5/mean: 6.702e-02
cov**0.5/mean: 7.030e-02
cov**0.5/mean: 6.766e-02
cov**0.5/mean: 7.418e-02
cov**0.5/mean: 6.623e-02
cov**0.5/mean: 7.415e-02
cov**0.5/mean: 7.639e-02
cov**0.5/mean: 7.058e-02
cov**0.5/mean: 6.125e-02
cov**0.5/mean: 7.636e-02
cov**0.5/mean: 6.886e-02
cov**0.5/mean: nan
cov**0.5/mean: 7.143e-02
cov**0.5/mean: 7.564e-02
cov**0.5/mean: 7.283e-02
cov**0.5/mean: 7.593e-02
cov**0.5/mean: 7.598e-02
cov**0.5/mean: 6.982e-02
cov**0.5/mean: 7.404e-02
cov**0.5/mean: 6.827e-02
cov**0.5/mean: 6.704e-02
cov**0.5/mean: nan
cov**0.5/mean: 6.925e-02
cov**0.5/mean: 6.531e-02
cov**0.5/mean: nan
cov**0.5/mean: 6.485e-02
cov**0.5/mean: 6.500e-02
cov**0.5/mean: nan
cov**0.5/mean: 6.407e-02
cov**0.5/mean: 6.251e-02
cov**0.5/mean: 6.927e-02
cov**0.5/mean: 6.628e-02
cov**0.5/mean: 7.189e-02
cov**0.5/mean: 7.062e-02
cov**0.5/mean: 6.601e-02
cov**0.5/mean: 7.310e-02
cov**0.5/mean: 7.525e-02
cov**0.5/mean: 7.316e-02
cov**0.5/mean: 7.085e-02
cov**0.5/mean: 6.642e-02
cov**0.5/mean: 6.918e-02
cov**0.5/mean: 7.194e-02
cov**0.5/mean: 6.952e-02
cov**0.5/mean: 7.546e-02
cov**0.5/mean: 7.288e-02
cov**0.5/mean: 7.142e-02
cov**0.5/mean: 6.633e-02
cov**0.5/mean: 7.364e-02
cov**0.5/mean: 7.663e-02
cov**0.5/mean: 7.305e-02
cov**0.5/mean: 7.148e-02
cov**0.5/mean: 7.499e-02
cov**0.5/mean: 6.855e-02
cov**0.5/mean: 7.199e-02
cov**0.5/mean: 7.080e-02
cov**0.5/mean: 6.977e-02
cov**0.5/mean: 6.933e-02
cov**0.5/mean: 7.246e-02
cov**0.5/mean: 7.098e-02
cov**0.5/mean: 7.196e-02
cov**0.5/mean: 7.663e-02
cov**0.5/mean: 7.061e-02
cov**0.5/mean: 7.047e-02
cov**0.5/mean: 7.353e-02
cov**0.5/mean: 6.357e-02
cov**0.5/mean: 6.441e-02
cov**0.5/mean: 7.159e-02
cov**0.5/mean: 6.295e-02
cov**0.5/mean: 7.038e-02
cov**0.5/mean: 6.280e-02
cov**0.5/mean: 7.049e-02
cov**0.5/mean: 6.441e-02
cov**0.5/mean: 7.030e-02
cov**0.5/mean: 7.682e-02
cov**0.5/mean: 6.996e-02
cov**0.5/mean: 7.329e-02
cov**0.5/mean: 7.457e-02
cov**0.5/mean: 7.229e-02
cov**0.5/mean: 7.037e-02
cov**0.5/mean: nan
cov**0.5/mean: 7.056e-02
cov**0.5/mean: 7.052e-02
cov**0.5/mean: 7.363e-02
cov**0.5/mean: 8.653e-02
cov**0.5/mean: 7.292e-02
cov**0.5/mean: 7.431e-02
cov**0.5/mean: 7.219e-02
cov**0.5/mean: nan
cov**0.5/mean: 9.026e-02
cov**0.5/mean: 7.243e-02
cov**0.5/mean: 7.060e-02
cov**0.5/mean: 6.342e-02
cov**0.5/mean: 6.046e-02
cov**0.5/mean: 6.504e-02
cov**0.5/mean: nan
cov**0.5/mean: 6.289e-02
cov**0.5/mean: 6.390e-02
cov**0.5/mean: 7.050e-02
cov**0.5/mean: 7.739e-02
cov**0.5/mean: 7.030e-02
cov**0.5/mean: 7.658e-02
cov**0.5/mean: 6.890e-02
cov**0.5/mean: nan
cov**0.5/mean: nan
cov**0.5/mean: 6.827e-02
cov**0.5/mean: 6.548e-02
cov**0.5/mean: 6.403e-02
cov**0.5/mean: 7.443e-02
cov**0.5/mean: 6.801e-02
cov**0.5/mean: 7.070e-02
  Step 5000/10000, Time: 5.5s, Acceptance: nan
cov**0.5/mean: 6.739e-02
cov**0.5/mean: 6.972e-02
cov**0.5/mean: 7.342e-02
cov**0.5/mean: 7.342e-02
cov**0.5/mean: 7.291e-02
cov**0.5/mean: 6.594e-02
cov**0.5/mean: 6.447e-02
cov**0.5/mean: 7.174e-02
cov**0.5/mean: 6.714e-02
cov**0.5/mean: nan
cov**0.5/mean: 6.089e-02
cov**0.5/mean: 6.831e-02
cov**0.5/mean: 7.490e-02
cov**0.5/mean: 7.119e-02
cov**0.5/mean: 6.810e-02
cov**0.5/mean: 7.628e-02
cov**0.5/mean: 6.909e-02
cov**0.5/mean: 6.294e-02
cov**0.5/mean: 7.418e-02
cov**0.5/mean: 6.963e-02
cov**0.5/mean: 7.325e-02
cov**0.5/mean: 7.231e-02
cov**0.5/mean: 7.611e-02
cov**0.5/mean: 6.821e-02
cov**0.5/mean: 7.150e-02
cov**0.5/mean: 7.147e-02
cov**0.5/mean: 7.113e-02
cov**0.5/mean: 7.181e-02
cov**0.5/mean: 7.519e-02
cov**0.5/mean: nan
cov**0.5/mean: 7.510e-02
cov**0.5/mean: 6.758e-02
cov**0.5/mean: 7.060e-02
cov**0.5/mean: 7.390e-02
cov**0.5/mean: 7.259e-02
cov**0.5/mean: 7.135e-02
cov**0.5/mean: 6.679e-02
cov**0.5/mean: 8.323e-02
cov**0.5/mean: 9.122e-02
cov**0.5/mean: nan
cov**0.5/mean: 7.262e-02
cov**0.5/mean: 6.791e-02
cov**0.5/mean: 7.711e-02
cov**0.5/mean: 7.409e-02
cov**0.5/mean: 6.968e-02
cov**0.5/mean: 7.253e-02
cov**0.5/mean: nan
cov**0.5/mean: 6.964e-02
cov**0.5/mean: 7.312e-02
cov**0.5/mean: 7.036e-02
cov**0.5/mean: 6.610e-02
cov**0.5/mean: 6.794e-02
cov**0.5/mean: 7.067e-02
cov**0.5/mean: 7.225e-02
cov**0.5/mean: nan
cov**0.5/mean: 7.142e-02
cov**0.5/mean: 6.515e-02
cov**0.5/mean: 7.134e-02
cov**0.5/mean: 7.316e-02
cov**0.5/mean: 6.583e-02
cov**0.5/mean: nan
cov**0.5/mean: 6.051e-02
cov**0.5/mean: nan
cov**0.5/mean: 6.463e-02
cov**0.5/mean: 6.930e-02
cov**0.5/mean: 6.695e-02
cov**0.5/mean: 7.123e-02
cov**0.5/mean: 7.234e-02
cov**0.5/mean: 8.407e-02
cov**0.5/mean: 7.601e-02
cov**0.5/mean: 6.913e-02
cov**0.5/mean: 7.416e-02
cov**0.5/mean: 6.925e-02
cov**0.5/mean: 7.197e-02
cov**0.5/mean: 7.137e-02
cov**0.5/mean: 7.147e-02
cov**0.5/mean: 7.375e-02
cov**0.5/mean: 7.211e-02
cov**0.5/mean: 6.617e-02
cov**0.5/mean: 7.055e-02
cov**0.5/mean: 7.671e-02
cov**0.5/mean: 7.686e-02
cov**0.5/mean: 6.887e-02
cov**0.5/mean: 8.139e-02
cov**0.5/mean: 7.297e-02
cov**0.5/mean: 8.273e-02
cov**0.5/mean: 7.736e-02
cov**0.5/mean: nan
cov**0.5/mean: 7.161e-02
cov**0.5/mean: 6.850e-02
cov**0.5/mean: 6.802e-02
cov**0.5/mean: 6.816e-02
cov**0.5/mean: 7.151e-02
cov**0.5/mean: 7.120e-02
cov**0.5/mean: 6.928e-02
cov**0.5/mean: 7.264e-02
cov**0.5/mean: 7.477e-02
cov**0.5/mean: 6.174e-02
cov**0.5/mean: 7.177e-02
cov**0.5/mean: 7.479e-02
cov**0.5/mean: 6.985e-02
cov**0.5/mean: 7.462e-02
cov**0.5/mean: nan
cov**0.5/mean: 6.929e-02
cov**0.5/mean: 6.437e-02
cov**0.5/mean: 6.542e-02
cov**0.5/mean: 7.159e-02
cov**0.5/mean: nan
cov**0.5/mean: 7.651e-02
cov**0.5/mean: 6.852e-02
cov**0.5/mean: 8.462e-02
cov**0.5/mean: 7.475e-02
cov**0.5/mean: 7.034e-02
cov**0.5/mean: 6.520e-02
cov**0.5/mean: 6.994e-02
cov**0.5/mean: 7.762e-02
cov**0.5/mean: 6.703e-02
cov**0.5/mean: 6.992e-02
cov**0.5/mean: 7.019e-02
cov**0.5/mean: 7.442e-02
cov**0.5/mean: 7.380e-02
cov**0.5/mean: 6.816e-02
cov**0.5/mean: 7.447e-02
cov**0.5/mean: 7.152e-02
cov**0.5/mean: 7.313e-02
cov**0.5/mean: 7.387e-02
cov**0.5/mean: 6.460e-02
cov**0.5/mean: 7.700e-02
cov**0.5/mean: 7.434e-02
cov**0.5/mean: 7.771e-02
cov**0.5/mean: 7.419e-02
cov**0.5/mean: 7.626e-02
cov**0.5/mean: 6.816e-02
cov**0.5/mean: 6.852e-02
cov**0.5/mean: 6.855e-02
cov**0.5/mean: 7.369e-02
cov**0.5/mean: 6.979e-02
cov**0.5/mean: 7.282e-02
cov**0.5/mean: 5.928e-02
cov**0.5/mean: 7.551e-02
cov**0.5/mean: 7.726e-02
cov**0.5/mean: 7.226e-02
cov**0.5/mean: 7.161e-02
cov**0.5/mean: 7.220e-02
cov**0.5/mean: 7.374e-02
cov**0.5/mean: 7.142e-02
cov**0.5/mean: nan
cov**0.5/mean: 6.648e-02
cov**0.5/mean: 6.505e-02
cov**0.5/mean: 6.242e-02
cov**0.5/mean: 7.299e-02
cov**0.5/mean: 7.213e-02
cov**0.5/mean: 6.603e-02
cov**0.5/mean: 6.402e-02
cov**0.5/mean: 7.072e-02
cov**0.5/mean: 6.515e-02
cov**0.5/mean: 7.109e-02
cov**0.5/mean: 6.923e-02
cov**0.5/mean: nan
cov**0.5/mean: 6.494e-02
cov**0.5/mean: 7.218e-02
cov**0.5/mean: 6.477e-02
cov**0.5/mean: 6.901e-02
cov**0.5/mean: 6.901e-02
cov**0.5/mean: 6.464e-02
cov**0.5/mean: 7.240e-02
cov**0.5/mean: 7.249e-02
cov**0.5/mean: 7.360e-02
cov**0.5/mean: 7.113e-02
cov**0.5/mean: 7.170e-02
cov**0.5/mean: 7.142e-02
cov**0.5/mean: 7.617e-02
cov**0.5/mean: 7.257e-02
cov**0.5/mean: 7.003e-02
cov**0.5/mean: nan
cov**0.5/mean: 8.008e-02
cov**0.5/mean: 7.037e-02
cov**0.5/mean: 7.124e-02
cov**0.5/mean: 6.324e-02
cov**0.5/mean: 7.204e-02
cov**0.5/mean: 7.112e-02
cov**0.5/mean: 7.243e-02
cov**0.5/mean: 7.420e-02
cov**0.5/mean: 7.111e-02
cov**0.5/mean: nan
cov**0.5/mean: 7.184e-02
cov**0.5/mean: nan
cov**0.5/mean: nan
cov**0.5/mean: 8.084e-02
cov**0.5/mean: 6.930e-02
cov**0.5/mean: 7.065e-02
cov**0.5/mean: 6.591e-02
cov**0.5/mean: nan
cov**0.5/mean: 6.580e-02
cov**0.5/mean: 6.869e-02
cov**0.5/mean: 7.251e-02
cov**0.5/mean: 7.065e-02
cov**0.5/mean: 8.298e-02
cov**0.5/mean: 7.194e-02
cov**0.5/mean: 6.747e-02
cov**0.5/mean: 7.313e-02
cov**0.5/mean: 7.304e-02
cov**0.5/mean: 7.011e-02
cov**0.5/mean: 8.615e-02
cov**0.5/mean: 8.037e-02
cov**0.5/mean: 6.825e-02
cov**0.5/mean: 6.073e-02
cov**0.5/mean: 7.319e-02
cov**0.5/mean: 6.900e-02
cov**0.5/mean: 6.860e-02
cov**0.5/mean: 7.549e-02
cov**0.5/mean: 7.393e-02
cov**0.5/mean: 7.589e-02
cov**0.5/mean: 7.398e-02
cov**0.5/mean: 7.244e-02
cov**0.5/mean: 7.332e-02
cov**0.5/mean: 8.870e-02
cov**0.5/mean: 7.599e-02
cov**0.5/mean: 7.297e-02
cov**0.5/mean: 7.065e-02
cov**0.5/mean: 7.157e-02
cov**0.5/mean: nan
cov**0.5/mean: 6.983e-02
cov**0.5/mean: 7.319e-02
cov**0.5/mean: 7.086e-02
cov**0.5/mean: nan
cov**0.5/mean: 7.155e-02
cov**0.5/mean: 6.848e-02
cov**0.5/mean: 6.922e-02
cov**0.5/mean: nan
cov**0.5/mean: 7.022e-02
cov**0.5/mean: 7.127e-02
cov**0.5/mean: 7.152e-02
cov**0.5/mean: 7.673e-02
cov**0.5/mean: 7.370e-02
cov**0.5/mean: 7.060e-02
cov**0.5/mean: 7.158e-02
cov**0.5/mean: 7.028e-02
cov**0.5/mean: 7.274e-02
cov**0.5/mean: 7.114e-02
cov**0.5/mean: 7.476e-02
cov**0.5/mean: 7.432e-02
cov**0.5/mean: 6.953e-02
cov**0.5/mean: 7.343e-02
cov**0.5/mean: 7.046e-02
cov**0.5/mean: 7.140e-02
cov**0.5/mean: 7.434e-02
cov**0.5/mean: 6.697e-02
cov**0.5/mean: 7.193e-02
cov**0.5/mean: 7.049e-02
cov**0.5/mean: 6.789e-02
cov**0.5/mean: 7.994e-02
cov**0.5/mean: 6.840e-02
cov**0.5/mean: 6.671e-02
cov**0.5/mean: 7.249e-02
cov**0.5/mean: 6.947e-02
cov**0.5/mean: 7.166e-02
cov**0.5/mean: 7.425e-02
cov**0.5/mean: 7.085e-02
cov**0.5/mean: 7.422e-02
cov**0.5/mean: 7.537e-02
cov**0.5/mean: 7.268e-02
cov**0.5/mean: 7.034e-02
cov**0.5/mean: 7.262e-02
cov**0.5/mean: 6.936e-02
cov**0.5/mean: 7.619e-02
cov**0.5/mean: 7.162e-02
cov**0.5/mean: 7.181e-02
cov**0.5/mean: 8.111e-02
cov**0.5/mean: 6.678e-02
cov**0.5/mean: 7.202e-02
cov**0.5/mean: 7.297e-02
cov**0.5/mean: 7.129e-02
cov**0.5/mean: nan
cov**0.5/mean: 7.563e-02
cov**0.5/mean: 7.204e-02
cov**0.5/mean: 7.289e-02
cov**0.5/mean: 7.204e-02
cov**0.5/mean: 7.461e-02
cov**0.5/mean: 7.214e-02
cov**0.5/mean: 7.510e-02
cov**0.5/mean: 8.291e-02
cov**0.5/mean: 7.568e-02
cov**0.5/mean: 7.133e-02
cov**0.5/mean: 7.228e-02
cov**0.5/mean: 6.805e-02
cov**0.5/mean: 7.099e-02
cov**0.5/mean: 6.358e-02
cov**0.5/mean: 7.095e-02
cov**0.5/mean: 7.142e-02
cov**0.5/mean: 7.441e-02
cov**0.5/mean: nan
cov**0.5/mean: 7.376e-02
cov**0.5/mean: 7.568e-02
cov**0.5/mean: 7.029e-02
cov**0.5/mean: 7.422e-02
cov**0.5/mean: 6.646e-02
cov**0.5/mean: 7.109e-02
cov**0.5/mean: 7.114e-02
cov**0.5/mean: 7.280e-02
cov**0.5/mean: 7.198e-02
cov**0.5/mean: 6.758e-02
cov**0.5/mean: 7.512e-02
cov**0.5/mean: 7.094e-02
cov**0.5/mean: 7.015e-02
cov**0.5/mean: 7.186e-02
cov**0.5/mean: 7.481e-02
cov**0.5/mean: 6.740e-02
cov**0.5/mean: 6.857e-02
cov**0.5/mean: 6.012e-02
cov**0.5/mean: 7.556e-02
cov**0.5/mean: 6.838e-02
cov**0.5/mean: 7.598e-02
cov**0.5/mean: 7.071e-02
cov**0.5/mean: 6.481e-02
cov**0.5/mean: 6.935e-02
cov**0.5/mean: 5.817e-02
cov**0.5/mean: nan
cov**0.5/mean: 6.662e-02
cov**0.5/mean: 6.977e-02
cov**0.5/mean: 6.808e-02
cov**0.5/mean: 7.563e-02
cov**0.5/mean: 6.155e-02
cov**0.5/mean: 7.431e-02
cov**0.5/mean: 7.095e-02
cov**0.5/mean: 7.655e-02
cov**0.5/mean: 7.582e-02
cov**0.5/mean: 7.458e-02
cov**0.5/mean: 6.930e-02
cov**0.5/mean: 7.010e-02
cov**0.5/mean: 7.546e-02
cov**0.5/mean: 7.496e-02
cov**0.5/mean: nan
cov**0.5/mean: 7.169e-02
cov**0.5/mean: 7.352e-02
cov**0.5/mean: 7.117e-02
cov**0.5/mean: 7.484e-02
cov**0.5/mean: 7.008e-02
cov**0.5/mean: 7.148e-02
cov**0.5/mean: 6.894e-02
cov**0.5/mean: 7.572e-02
cov**0.5/mean: 7.155e-02
cov**0.5/mean: 7.120e-02
cov**0.5/mean: 6.782e-02
cov**0.5/mean: 7.168e-02
cov**0.5/mean: 7.445e-02
cov**0.5/mean: 7.221e-02
cov**0.5/mean: 7.126e-02
cov**0.5/mean: nan
cov**0.5/mean: 7.352e-02
cov**0.5/mean: 7.161e-02
cov**0.5/mean: 7.191e-02
cov**0.5/mean: 7.055e-02
cov**0.5/mean: 6.953e-02
cov**0.5/mean: 6.827e-02
cov**0.5/mean: 6.546e-02
cov**0.5/mean: 7.450e-02
cov**0.5/mean: 7.640e-02
cov**0.5/mean: 6.557e-02
cov**0.5/mean: 7.648e-02
cov**0.5/mean: 7.262e-02
cov**0.5/mean: 7.461e-02
cov**0.5/mean: 7.010e-02
cov**0.5/mean: 7.105e-02
cov**0.5/mean: 7.126e-02
cov**0.5/mean: 7.609e-02
cov**0.5/mean: 7.355e-02
cov**0.5/mean: 7.371e-02
cov**0.5/mean: 7.160e-02
cov**0.5/mean: 6.350e-02
cov**0.5/mean: 7.476e-02
cov**0.5/mean: 7.223e-02
cov**0.5/mean: 7.271e-02
cov**0.5/mean: 7.335e-02
cov**0.5/mean: 7.387e-02
cov**0.5/mean: 7.281e-02
cov**0.5/mean: 7.232e-02
cov**0.5/mean: 7.636e-02
cov**0.5/mean: 7.550e-02
cov**0.5/mean: nan
cov**0.5/mean: 6.744e-02
cov**0.5/mean: 7.193e-02
cov**0.5/mean: 7.176e-02
cov**0.5/mean: 7.393e-02
cov**0.5/mean: 7.131e-02
cov**0.5/mean: 6.845e-02
cov**0.5/mean: 6.874e-02
cov**0.5/mean: 6.683e-02
cov**0.5/mean: 8.344e-02
cov**0.5/mean: 7.377e-02
cov**0.5/mean: 7.100e-02
cov**0.5/mean: 6.896e-02
cov**0.5/mean: 7.432e-02
cov**0.5/mean: 6.967e-02
cov**0.5/mean: 6.230e-02
cov**0.5/mean: 7.090e-02
cov**0.5/mean: 6.732e-02
cov**0.5/mean: 7.147e-02
cov**0.5/mean: 6.613e-02
cov**0.5/mean: 6.965e-02
cov**0.5/mean: 7.031e-02
cov**0.5/mean: nan
cov**0.5/mean: 6.944e-02
cov**0.5/mean: 6.803e-02
cov**0.5/mean: 8.222e-02
cov**0.5/mean: 7.256e-02
cov**0.5/mean: 7.004e-02
cov**0.5/mean: 7.407e-02
cov**0.5/mean: 6.866e-02
cov**0.5/mean: 6.852e-02
cov**0.5/mean: 7.105e-02
cov**0.5/mean: 7.192e-02
cov**0.5/mean: 7.047e-02
cov**0.5/mean: 6.956e-02
cov**0.5/mean: 7.368e-02
cov**0.5/mean: 7.358e-02
cov**0.5/mean: 6.821e-02
cov**0.5/mean: 7.575e-02
cov**0.5/mean: 7.374e-02
cov**0.5/mean: 7.329e-02
cov**0.5/mean: 7.155e-02
cov**0.5/mean: 6.049e-02
cov**0.5/mean: 7.003e-02
cov**0.5/mean: 7.129e-02
cov**0.5/mean: 7.285e-02
cov**0.5/mean: 7.048e-02
cov**0.5/mean: 6.928e-02
cov**0.5/mean: 7.150e-02
cov**0.5/mean: 6.625e-02
cov**0.5/mean: 6.890e-02
cov**0.5/mean: 7.076e-02
cov**0.5/mean: 7.128e-02
cov**0.5/mean: 7.215e-02
cov**0.5/mean: 6.717e-02
cov**0.5/mean: 7.327e-02
cov**0.5/mean: 7.055e-02
cov**0.5/mean: 6.012e-02
cov**0.5/mean: 7.161e-02
cov**0.5/mean: 7.453e-02
cov**0.5/mean: 7.631e-02
cov**0.5/mean: 7.312e-02
cov**0.5/mean: 7.357e-02
cov**0.5/mean: 6.863e-02
cov**0.5/mean: 6.487e-02
cov**0.5/mean: 6.989e-02
cov**0.5/mean: 6.459e-02
cov**0.5/mean: nan
cov**0.5/mean: nan
cov**0.5/mean: 6.918e-02
cov**0.5/mean: 7.031e-02
cov**0.5/mean: 6.061e-02
cov**0.5/mean: 7.408e-02
cov**0.5/mean: 6.491e-02
cov**0.5/mean: 7.702e-02
cov**0.5/mean: 7.502e-02
cov**0.5/mean: 7.115e-02
cov**0.5/mean: 7.144e-02
cov**0.5/mean: nan
cov**0.5/mean: nan
cov**0.5/mean: 6.731e-02
cov**0.5/mean: 7.308e-02
cov**0.5/mean: 7.384e-02
cov**0.5/mean: 7.140e-02
cov**0.5/mean: 6.962e-02
cov**0.5/mean: 7.067e-02
cov**0.5/mean: 7.207e-02
cov**0.5/mean: 7.215e-02
cov**0.5/mean: 7.328e-02
cov**0.5/mean: 6.983e-02
cov**0.5/mean: 6.352e-02
cov**0.5/mean: 6.645e-02
cov**0.5/mean: 7.196e-02
cov**0.5/mean: nan
cov**0.5/mean: 6.578e-02
cov**0.5/mean: nan
cov**0.5/mean: 6.487e-02
cov**0.5/mean: 6.482e-02
cov**0.5/mean: 6.887e-02
cov**0.5/mean: 7.692e-02
cov**0.5/mean: 6.803e-02
cov**0.5/mean: 7.276e-02
cov**0.5/mean: nan
cov**0.5/mean: 6.835e-02
cov**0.5/mean: 6.699e-02
cov**0.5/mean: 7.753e-02
cov**0.5/mean: 7.259e-02
cov**0.5/mean: nan
cov**0.5/mean: 6.940e-02
cov**0.5/mean: 7.157e-02
cov**0.5/mean: 7.141e-02
cov**0.5/mean: nan
cov**0.5/mean: 6.734e-02
cov**0.5/mean: 7.479e-02
cov**0.5/mean: 7.572e-02
cov**0.5/mean: 7.166e-02
cov**0.5/mean: 7.305e-02
cov**0.5/mean: 7.401e-02
cov**0.5/mean: nan
cov**0.5/mean: 7.111e-02
cov**0.5/mean: nan
cov**0.5/mean: 7.183e-02
cov**0.5/mean: 7.106e-02
cov**0.5/mean: 6.486e-02
cov**0.5/mean: 7.457e-02
cov**0.5/mean: 6.911e-02
cov**0.5/mean: 7.155e-02
cov**0.5/mean: 7.172e-02
cov**0.5/mean: 6.637e-02
cov**0.5/mean: 6.183e-02
cov**0.5/mean: 6.852e-02
cov**0.5/mean: 7.326e-02
cov**0.5/mean: 7.002e-02
cov**0.5/mean: 7.045e-02
cov**0.5/mean: 6.937e-02
cov**0.5/mean: 7.446e-02
cov**0.5/mean: 7.246e-02
cov**0.5/mean: 7.258e-02
cov**0.5/mean: 7.394e-02
cov**0.5/mean: 7.561e-02
cov**0.5/mean: 7.120e-02
cov**0.5/mean: 7.043e-02
cov**0.5/mean: 6.894e-02
cov**0.5/mean: 7.120e-02
cov**0.5/mean: 7.271e-02
cov**0.5/mean: 7.234e-02
cov**0.5/mean: 7.534e-02
cov**0.5/mean: 6.829e-02
cov**0.5/mean: 9.042e-02
cov**0.5/mean: 6.478e-02
cov**0.5/mean: 7.249e-02
cov**0.5/mean: 7.304e-02
cov**0.5/mean: 7.425e-02
cov**0.5/mean: 7.234e-02
cov**0.5/mean: nan
cov**0.5/mean: 7.175e-02
cov**0.5/mean: 7.145e-02
cov**0.5/mean: 6.313e-02
cov**0.5/mean: 6.428e-02
cov**0.5/mean: 6.964e-02
cov**0.5/mean: 7.472e-02
cov**0.5/mean: 7.028e-02
cov**0.5/mean: 6.992e-02
cov**0.5/mean: 6.799e-02
cov**0.5/mean: 7.129e-02
cov**0.5/mean: 7.166e-02
cov**0.5/mean: 7.303e-02
cov**0.5/mean: 6.688e-02
cov**0.5/mean: 7.556e-02
cov**0.5/mean: 6.973e-02
cov**0.5/mean: 7.202e-02
cov**0.5/mean: 7.400e-02
cov**0.5/mean: 7.484e-02
cov**0.5/mean: 6.553e-02
cov**0.5/mean: 6.384e-02
cov**0.5/mean: 6.779e-02
cov**0.5/mean: 7.538e-02
cov**0.5/mean: 7.105e-02
cov**0.5/mean: 7.413e-02
cov**0.5/mean: 6.949e-02
cov**0.5/mean: 7.257e-02
cov**0.5/mean: 6.711e-02
cov**0.5/mean: 7.214e-02
cov**0.5/mean: 7.140e-02
cov**0.5/mean: 7.307e-02
cov**0.5/mean: 7.037e-02
cov**0.5/mean: 7.200e-02
cov**0.5/mean: 7.488e-02
cov**0.5/mean: 7.181e-02
cov**0.5/mean: 7.321e-02
cov**0.5/mean: 7.454e-02
cov**0.5/mean: 7.487e-02
cov**0.5/mean: 7.429e-02
cov**0.5/mean: 7.302e-02
cov**0.5/mean: 7.312e-02
cov**0.5/mean: 6.952e-02
cov**0.5/mean: nan
cov**0.5/mean: 6.934e-02
cov**0.5/mean: 6.638e-02
cov**0.5/mean: 7.104e-02
cov**0.5/mean: 7.485e-02
cov**0.5/mean: 6.738e-02
cov**0.5/mean: 6.919e-02
cov**0.5/mean: 7.472e-02
cov**0.5/mean: 7.059e-02
cov**0.5/mean: 7.118e-02
cov**0.5/mean: 7.505e-02
cov**0.5/mean: 8.366e-02
cov**0.5/mean: 6.667e-02
cov**0.5/mean: 8.459e-02
cov**0.5/mean: 6.843e-02
cov**0.5/mean: 7.037e-02
cov**0.5/mean: 6.689e-02
cov**0.5/mean: 7.065e-02
cov**0.5/mean: 6.936e-02
cov**0.5/mean: nan
cov**0.5/mean: 6.864e-02
cov**0.5/mean: 7.304e-02
cov**0.5/mean: 6.431e-02
cov**0.5/mean: 6.701e-02
cov**0.5/mean: 6.972e-02
cov**0.5/mean: 7.607e-02
cov**0.5/mean: 7.303e-02
cov**0.5/mean: 7.174e-02
cov**0.5/mean: 7.150e-02
cov**0.5/mean: 6.446e-02
cov**0.5/mean: nan
cov**0.5/mean: 6.979e-02
cov**0.5/mean: 8.078e-02
cov**0.5/mean: 7.174e-02
cov**0.5/mean: 6.911e-02
cov**0.5/mean: 6.749e-02
cov**0.5/mean: 7.273e-02
cov**0.5/mean: 8.453e-02
cov**0.5/mean: 7.455e-02
cov**0.5/mean: 8.752e-02
cov**0.5/mean: 7.046e-02
cov**0.5/mean: nan
cov**0.5/mean: 7.186e-02
cov**0.5/mean: nan
cov**0.5/mean: 6.791e-02
cov**0.5/mean: 7.276e-02
cov**0.5/mean: 6.630e-02
cov**0.5/mean: nan
cov**0.5/mean: 7.117e-02
cov**0.5/mean: 7.184e-02
cov**0.5/mean: 6.399e-02
cov**0.5/mean: 7.342e-02
cov**0.5/mean: 6.725e-02
cov**0.5/mean: 7.431e-02
cov**0.5/mean: 6.979e-02
cov**0.5/mean: 6.797e-02
cov**0.5/mean: 7.132e-02
cov**0.5/mean: 7.091e-02
cov**0.5/mean: 7.024e-02
cov**0.5/mean: 7.532e-02
cov**0.5/mean: 6.624e-02
cov**0.5/mean: 7.002e-02
cov**0.5/mean: 7.078e-02
cov**0.5/mean: nan
cov**0.5/mean: nan
cov**0.5/mean: 6.970e-02
cov**0.5/mean: 7.670e-02
cov**0.5/mean: 7.225e-02
cov**0.5/mean: 7.462e-02
cov**0.5/mean: 6.865e-02
cov**0.5/mean: 7.313e-02
cov**0.5/mean: 7.017e-02
cov**0.5/mean: nan
cov**0.5/mean: 7.588e-02
cov**0.5/mean: 6.353e-02
cov**0.5/mean: 7.038e-02
cov**0.5/mean: 7.356e-02
cov**0.5/mean: 7.325e-02
cov**0.5/mean: 6.680e-02
cov**0.5/mean: nan
cov**0.5/mean: 7.186e-02
cov**0.5/mean: 7.006e-02
cov**0.5/mean: 6.730e-02
cov**0.5/mean: 6.771e-02
cov**0.5/mean: nan
cov**0.5/mean: 7.204e-02
cov**0.5/mean: 7.138e-02
cov**0.5/mean: 7.339e-02
cov**0.5/mean: 6.787e-02
cov**0.5/mean: 6.988e-02
cov**0.5/mean: 7.268e-02
cov**0.5/mean: 7.172e-02
cov**0.5/mean: 6.849e-02
cov**0.5/mean: 7.333e-02
cov**0.5/mean: nan
cov**0.5/mean: 7.073e-02
cov**0.5/mean: 6.704e-02
cov**0.5/mean: nan
cov**0.5/mean: 7.104e-02
cov**0.5/mean: 6.506e-02
cov**0.5/mean: 6.815e-02
cov**0.5/mean: 7.132e-02
cov**0.5/mean: 6.643e-02
cov**0.5/mean: 7.153e-02
cov**0.5/mean: 6.744e-02
cov**0.5/mean: 7.466e-02
cov**0.5/mean: 7.363e-02
cov**0.5/mean: 7.480e-02
cov**0.5/mean: 7.089e-02
cov**0.5/mean: 7.266e-02
cov**0.5/mean: 7.575e-02
cov**0.5/mean: 7.691e-02
cov**0.5/mean: nan
cov**0.5/mean: 7.350e-02
cov**0.5/mean: 7.145e-02
cov**0.5/mean: 7.085e-02
cov**0.5/mean: 7.309e-02
cov**0.5/mean: 6.642e-02
cov**0.5/mean: 6.674e-02
cov**0.5/mean: 7.115e-02
cov**0.5/mean: 7.350e-02
cov**0.5/mean: 7.291e-02
cov**0.5/mean: 7.050e-02
cov**0.5/mean: 6.611e-02
cov**0.5/mean: 6.945e-02
cov**0.5/mean: 7.508e-02
cov**0.5/mean: 7.297e-02
cov**0.5/mean: 7.186e-02
cov**0.5/mean: 7.460e-02
cov**0.5/mean: 6.949e-02
cov**0.5/mean: 7.445e-02
cov**0.5/mean: 7.406e-02
cov**0.5/mean: 6.909e-02
cov**0.5/mean: 7.271e-02
cov**0.5/mean: 7.326e-02
cov**0.5/mean: 8.061e-02
cov**0.5/mean: 7.058e-02
cov**0.5/mean: nan
cov**0.5/mean: 6.322e-02
cov**0.5/mean: 7.159e-02
cov**0.5/mean: nan
cov**0.5/mean: 6.941e-02
cov**0.5/mean: 7.516e-02
cov**0.5/mean: nan
cov**0.5/mean: 6.663e-02
cov**0.5/mean: 7.118e-02
cov**0.5/mean: 7.373e-02
cov**0.5/mean: 6.157e-02
cov**0.5/mean: 7.095e-02
cov**0.5/mean: 7.331e-02
cov**0.5/mean: 7.207e-02
cov**0.5/mean: 7.089e-02
cov**0.5/mean: 7.096e-02
cov**0.5/mean: 7.323e-02
cov**0.5/mean: 7.322e-02
cov**0.5/mean: 6.880e-02
cov**0.5/mean: 6.993e-02
cov**0.5/mean: 7.188e-02
cov**0.5/mean: 7.369e-02
cov**0.5/mean: 7.344e-02
cov**0.5/mean: 7.498e-02
cov**0.5/mean: nan
cov**0.5/mean: 7.101e-02
cov**0.5/mean: 6.741e-02
cov**0.5/mean: 6.805e-02
cov**0.5/mean: 6.783e-02
cov**0.5/mean: 6.902e-02
cov**0.5/mean: 6.691e-02
cov**0.5/mean: 8.414e-02
cov**0.5/mean: 8.109e-02
cov**0.5/mean: 7.242e-02
cov**0.5/mean: nan
cov**0.5/mean: 7.205e-02
cov**0.5/mean: 6.713e-02
cov**0.5/mean: 7.701e-02
cov**0.5/mean: 6.934e-02
cov**0.5/mean: 7.195e-02
cov**0.5/mean: 7.258e-02
cov**0.5/mean: nan
cov**0.5/mean: 6.714e-02
cov**0.5/mean: 7.272e-02
cov**0.5/mean: nan
cov**0.5/mean: 6.671e-02
cov**0.5/mean: 7.385e-02
cov**0.5/mean: 6.943e-02
cov**0.5/mean: 7.072e-02
cov**0.5/mean: nan
cov**0.5/mean: 7.380e-02
cov**0.5/mean: 6.781e-02
cov**0.5/mean: 6.959e-02
cov**0.5/mean: 7.354e-02
cov**0.5/mean: 7.153e-02
cov**0.5/mean: 7.147e-02
cov**0.5/mean: nan
cov**0.5/mean: nan
cov**0.5/mean: nan
cov**0.5/mean: 6.884e-02
cov**0.5/mean: nan
cov**0.5/mean: 7.867e-02
cov**0.5/mean: 6.759e-02
cov**0.5/mean: 6.865e-02
cov**0.5/mean: nan
cov**0.5/mean: nan
cov**0.5/mean: 7.078e-02
cov**0.5/mean: 6.553e-02
cov**0.5/mean: 7.252e-02
cov**0.5/mean: 7.303e-02
cov**0.5/mean: 7.262e-02
cov**0.5/mean: 6.861e-02
cov**0.5/mean: 7.527e-02
cov**0.5/mean: 7.604e-02
cov**0.5/mean: 6.312e-02
cov**0.5/mean: 8.984e-02
cov**0.5/mean: 6.769e-02
cov**0.5/mean: 7.167e-02
cov**0.5/mean: 7.002e-02
cov**0.5/mean: nan
cov**0.5/mean: 7.026e-02
cov**0.5/mean: 6.966e-02
cov**0.5/mean: nan
cov**0.5/mean: 7.459e-02
cov**0.5/mean: 7.351e-02
cov**0.5/mean: 7.142e-02
cov**0.5/mean: 6.789e-02
cov**0.5/mean: nan
cov**0.5/mean: nan
cov**0.5/mean: 6.564e-02
cov**0.5/mean: 7.127e-02
cov**0.5/mean: 7.427e-02
cov**0.5/mean: 7.174e-02
cov**0.5/mean: 7.279e-02
cov**0.5/mean: 7.280e-02
cov**0.5/mean: 7.250e-02
cov**0.5/mean: 7.298e-02
cov**0.5/mean: 7.362e-02
cov**0.5/mean: 8.223e-02
cov**0.5/mean: 7.407e-02
cov**0.5/mean: 7.554e-02
cov**0.5/mean: 6.797e-02
cov**0.5/mean: 7.336e-02
cov**0.5/mean: 7.205e-02
cov**0.5/mean: 6.676e-02
cov**0.5/mean: 6.727e-02
cov**0.5/mean: 6.977e-02
cov**0.5/mean: nan
cov**0.5/mean: nan
cov**0.5/mean: 6.428e-02
cov**0.5/mean: nan
cov**0.5/mean: 7.389e-02
cov**0.5/mean: 5.779e-02
cov**0.5/mean: 6.702e-02
cov**0.5/mean: nan
cov**0.5/mean: 6.183e-02
cov**0.5/mean: 6.675e-02
cov**0.5/mean: nan
cov**0.5/mean: 6.932e-02
cov**0.5/mean: 7.214e-02
cov**0.5/mean: 7.034e-02
cov**0.5/mean: 7.061e-02
cov**0.5/mean: 8.154e-02
cov**0.5/mean: 6.276e-02
cov**0.5/mean: nan
cov**0.5/mean: 6.944e-02
cov**0.5/mean: 7.188e-02
cov**0.5/mean: 7.498e-02
cov**0.5/mean: 6.179e-02
cov**0.5/mean: 7.029e-02
cov**0.5/mean: 7.367e-02
cov**0.5/mean: 7.310e-02
cov**0.5/mean: 6.759e-02
cov**0.5/mean: nan
cov**0.5/mean: 7.024e-02
cov**0.5/mean: 6.959e-02
cov**0.5/mean: 7.042e-02
cov**0.5/mean: 6.903e-02
cov**0.5/mean: 6.522e-02
cov**0.5/mean: nan
cov**0.5/mean: 7.164e-02
cov**0.5/mean: 7.476e-02
cov**0.5/mean: 6.925e-02
cov**0.5/mean: 7.648e-02
cov**0.5/mean: nan
cov**0.5/mean: 6.591e-02
cov**0.5/mean: 7.119e-02
cov**0.5/mean: 7.355e-02
cov**0.5/mean: 7.080e-02
cov**0.5/mean: 6.624e-02
cov**0.5/mean: 7.267e-02
cov**0.5/mean: 8.127e-02
cov**0.5/mean: 7.236e-02
cov**0.5/mean: 6.669e-02
cov**0.5/mean: 7.255e-02
cov**0.5/mean: 6.978e-02
cov**0.5/mean: 7.302e-02
cov**0.5/mean: 6.975e-02
cov**0.5/mean: 6.959e-02
cov**0.5/mean: 7.014e-02
cov**0.5/mean: 6.901e-02
cov**0.5/mean: nan
cov**0.5/mean: 7.213e-02
cov**0.5/mean: 7.140e-02
cov**0.5/mean: 7.204e-02
cov**0.5/mean: 7.043e-02
cov**0.5/mean: 5.934e-02
cov**0.5/mean: 7.106e-02
cov**0.5/mean: 7.080e-02
cov**0.5/mean: nan
cov**0.5/mean: 7.009e-02
cov**0.5/mean: 6.609e-02
cov**0.5/mean: 7.358e-02
cov**0.5/mean: 7.390e-02
cov**0.5/mean: 6.743e-02
cov**0.5/mean: 7.200e-02
cov**0.5/mean: 6.974e-02
cov**0.5/mean: 7.144e-02
cov**0.5/mean: 7.095e-02
cov**0.5/mean: 7.277e-02
cov**0.5/mean: 6.971e-02
cov**0.5/mean: 7.005e-02
cov**0.5/mean: 7.273e-02
cov**0.5/mean: 7.589e-02
cov**0.5/mean: 7.444e-02
cov**0.5/mean: 7.795e-02
cov**0.5/mean: 7.131e-02
cov**0.5/mean: 6.476e-02
cov**0.5/mean: 7.133e-02
cov**0.5/mean: 7.076e-02
cov**0.5/mean: 7.118e-02
cov**0.5/mean: 6.734e-02
cov**0.5/mean: nan
cov**0.5/mean: 7.092e-02
cov**0.5/mean: 7.247e-02
cov**0.5/mean: 6.469e-02
cov**0.5/mean: 7.153e-02
cov**0.5/mean: 6.355e-02
cov**0.5/mean: 7.546e-02
cov**0.5/mean: 7.523e-02
cov**0.5/mean: 6.887e-02
cov**0.5/mean: 7.279e-02
cov**0.5/mean: 6.308e-02
cov**0.5/mean: 7.554e-02
cov**0.5/mean: 7.353e-02
cov**0.5/mean: 6.615e-02
cov**0.5/mean: 6.539e-02
cov**0.5/mean: 6.827e-02
cov**0.5/mean: 6.965e-02
cov**0.5/mean: 7.026e-02
cov**0.5/mean: 6.774e-02
cov**0.5/mean: 7.199e-02
cov**0.5/mean: 7.125e-02
cov**0.5/mean: 6.950e-02
cov**0.5/mean: 6.054e-02
cov**0.5/mean: 6.505e-02
cov**0.5/mean: 7.054e-02
cov**0.5/mean: 6.417e-02
cov**0.5/mean: 6.736e-02
cov**0.5/mean: 7.292e-02
cov**0.5/mean: 6.618e-02
cov**0.5/mean: 6.575e-02
cov**0.5/mean: 6.618e-02
cov**0.5/mean: 6.002e-02
cov**0.5/mean: 6.189e-02
cov**0.5/mean: nan
cov**0.5/mean: 6.459e-02
cov**0.5/mean: 5.662e-02
cov**0.5/mean: nan
cov**0.5/mean: nan
cov**0.5/mean: 6.313e-02
cov**0.5/mean: nan
cov**0.5/mean: nan
cov**0.5/mean: nan
cov**0.5/mean: 6.406e-02
cov**0.5/mean: 5.977e-02
cov**0.5/mean: 7.231e-02
cov**0.5/mean: 6.424e-02
cov**0.5/mean: 7.333e-02
cov**0.5/mean: 7.232e-02
cov**0.5/mean: 7.045e-02
cov**0.5/mean: 7.052e-02
cov**0.5/mean: nan
cov**0.5/mean: nan
cov**0.5/mean: nan
cov**0.5/mean: nan
cov**0.5/mean: nan
cov**0.5/mean: nan
cov**0.5/mean: nan
cov**0.5/mean: 6.896e-02
cov**0.5/mean: 7.218e-02
cov**0.5/mean: 7.122e-02
cov**0.5/mean: 6.303e-02
cov**0.5/mean: 6.896e-02
cov**0.5/mean: 7.034e-02
cov**0.5/mean: nan
cov**0.5/mean: 7.042e-02
cov**0.5/mean: 7.203e-02
cov**0.5/mean: 7.113e-02
cov**0.5/mean: 6.631e-02
cov**0.5/mean: 6.159e-02
cov**0.5/mean: 7.301e-02
cov**0.5/mean: nan
cov**0.5/mean: 7.762e-02
cov**0.5/mean: 6.936e-02
cov**0.5/mean: 6.977e-02
cov**0.5/mean: 6.878e-02
cov**0.5/mean: 7.089e-02
cov**0.5/mean: 6.841e-02
cov**0.5/mean: 7.001e-02
cov**0.5/mean: 6.666e-02
cov**0.5/mean: 7.026e-02
cov**0.5/mean: 6.749e-02
cov**0.5/mean: 7.305e-02
cov**0.5/mean: 7.485e-02
cov**0.5/mean: 7.378e-02
cov**0.5/mean: 7.164e-02
cov**0.5/mean: 7.169e-02
cov**0.5/mean: 7.386e-02
cov**0.5/mean: 6.622e-02
cov**0.5/mean: 7.314e-02
cov**0.5/mean: 7.546e-02
cov**0.5/mean: 7.507e-02
cov**0.5/mean: 7.370e-02
cov**0.5/mean: 7.405e-02
cov**0.5/mean: 7.215e-02
cov**0.5/mean: 7.118e-02
cov**0.5/mean: 7.015e-02
  Step 6000/10000, Time: 5.5s, Acceptance: nan
cov**0.5/mean: 6.367e-02
cov**0.5/mean: 6.973e-02
cov**0.5/mean: 7.120e-02
cov**0.5/mean: 7.188e-02
cov**0.5/mean: 6.782e-02
cov**0.5/mean: nan
cov**0.5/mean: 7.325e-02
cov**0.5/mean: 7.148e-02
cov**0.5/mean: 7.419e-02
cov**0.5/mean: 7.688e-02
cov**0.5/mean: nan
cov**0.5/mean: 7.359e-02
cov**0.5/mean: 7.327e-02
cov**0.5/mean: 8.534e-02
cov**0.5/mean: 7.121e-02
cov**0.5/mean: 6.644e-02
cov**0.5/mean: 7.389e-02
cov**0.5/mean: 7.334e-02
cov**0.5/mean: 6.544e-02
cov**0.5/mean: 7.252e-02
cov**0.5/mean: 7.402e-02
cov**0.5/mean: 6.230e-02
cov**0.5/mean: 7.241e-02
cov**0.5/mean: 6.119e-02
cov**0.5/mean: 6.835e-02
cov**0.5/mean: 6.296e-02
cov**0.5/mean: 7.102e-02
cov**0.5/mean: 7.142e-02
cov**0.5/mean: 6.944e-02
cov**0.5/mean: 7.136e-02
cov**0.5/mean: 6.885e-02
cov**0.5/mean: 7.243e-02
cov**0.5/mean: 6.916e-02
cov**0.5/mean: 7.207e-02
cov**0.5/mean: 6.634e-02
cov**0.5/mean: 7.382e-02
cov**0.5/mean: 7.364e-02
cov**0.5/mean: 7.308e-02
cov**0.5/mean: 6.607e-02
cov**0.5/mean: 7.463e-02
cov**0.5/mean: 6.832e-02
cov**0.5/mean: 7.146e-02
cov**0.5/mean: 7.232e-02
cov**0.5/mean: 7.177e-02
cov**0.5/mean: 7.213e-02
cov**0.5/mean: 7.647e-02
cov**0.5/mean: 6.914e-02
cov**0.5/mean: 7.056e-02
cov**0.5/mean: 7.683e-02
cov**0.5/mean: 7.113e-02
cov**0.5/mean: 7.261e-02
cov**0.5/mean: 6.676e-02
cov**0.5/mean: 6.206e-02
cov**0.5/mean: 7.157e-02
cov**0.5/mean: 8.581e-02
cov**0.5/mean: 6.997e-02
cov**0.5/mean: 7.111e-02
cov**0.5/mean: 7.750e-02
cov**0.5/mean: 6.793e-02
cov**0.5/mean: 6.739e-02
cov**0.5/mean: 7.254e-02
cov**0.5/mean: 7.094e-02
cov**0.5/mean: 7.102e-02
cov**0.5/mean: 7.334e-02
cov**0.5/mean: 7.717e-02
cov**0.5/mean: 7.182e-02
cov**0.5/mean: 7.069e-02
cov**0.5/mean: 7.038e-02
cov**0.5/mean: 7.147e-02
cov**0.5/mean: nan
cov**0.5/mean: 6.746e-02
cov**0.5/mean: 6.933e-02
cov**0.5/mean: 7.058e-02
cov**0.5/mean: nan
cov**0.5/mean: 8.297e-02
cov**0.5/mean: 6.651e-02
cov**0.5/mean: 6.774e-02
cov**0.5/mean: 7.463e-02
cov**0.5/mean: 7.411e-02
cov**0.5/mean: 7.466e-02
cov**0.5/mean: 7.232e-02
cov**0.5/mean: 7.262e-02
cov**0.5/mean: 6.611e-02
cov**0.5/mean: 8.705e-02
cov**0.5/mean: 7.259e-02
cov**0.5/mean: 6.624e-02
cov**0.5/mean: 8.751e-02
cov**0.5/mean: 7.437e-02
cov**0.5/mean: 7.372e-02
cov**0.5/mean: 7.235e-02
cov**0.5/mean: 7.137e-02
cov**0.5/mean: 5.879e-02
cov**0.5/mean: 7.482e-02
cov**0.5/mean: 6.368e-02
cov**0.5/mean: 6.781e-02
cov**0.5/mean: 6.283e-02
cov**0.5/mean: 5.701e-02
cov**0.5/mean: 7.149e-02
cov**0.5/mean: 7.149e-02
cov**0.5/mean: 6.693e-02
cov**0.5/mean: 7.419e-02
cov**0.5/mean: 7.089e-02
cov**0.5/mean: 6.697e-02
cov**0.5/mean: 7.522e-02
cov**0.5/mean: 7.171e-02
cov**0.5/mean: nan
cov**0.5/mean: 7.039e-02
cov**0.5/mean: 7.177e-02
cov**0.5/mean: nan
cov**0.5/mean: 7.040e-02
cov**0.5/mean: 7.220e-02
cov**0.5/mean: 6.875e-02
cov**0.5/mean: 7.545e-02
cov**0.5/mean: 7.311e-02
cov**0.5/mean: 7.157e-02
cov**0.5/mean: 7.096e-02
cov**0.5/mean: 7.572e-02
cov**0.5/mean: 6.882e-02
cov**0.5/mean: 7.545e-02
cov**0.5/mean: 7.175e-02
cov**0.5/mean: 6.678e-02
cov**0.5/mean: 7.574e-02
cov**0.5/mean: 6.629e-02
cov**0.5/mean: 6.892e-02
cov**0.5/mean: 7.545e-02
cov**0.5/mean: 6.994e-02
cov**0.5/mean: 7.248e-02
cov**0.5/mean: 6.704e-02
cov**0.5/mean: 7.174e-02
cov**0.5/mean: 6.911e-02
cov**0.5/mean: 6.439e-02
cov**0.5/mean: 7.532e-02
cov**0.5/mean: 6.758e-02
cov**0.5/mean: 8.202e-02
cov**0.5/mean: 7.715e-02
cov**0.5/mean: 7.129e-02
cov**0.5/mean: 8.218e-02
cov**0.5/mean: 7.105e-02
cov**0.5/mean: 6.828e-02
cov**0.5/mean: 7.118e-02
cov**0.5/mean: 9.018e-02
cov**0.5/mean: 7.492e-02
cov**0.5/mean: 7.319e-02
cov**0.5/mean: 6.725e-02
cov**0.5/mean: 6.965e-02
cov**0.5/mean: 9.111e-02
cov**0.5/mean: 7.339e-02
cov**0.5/mean: 7.254e-02
cov**0.5/mean: nan
cov**0.5/mean: 7.273e-02
cov**0.5/mean: 7.649e-02
cov**0.5/mean: 7.317e-02
cov**0.5/mean: 7.469e-02
cov**0.5/mean: 7.014e-02
cov**0.5/mean: nan
cov**0.5/mean: 6.219e-02
cov**0.5/mean: 6.621e-02
cov**0.5/mean: 6.496e-02
cov**0.5/mean: 7.214e-02
cov**0.5/mean: 7.274e-02
cov**0.5/mean: 6.941e-02
cov**0.5/mean: 6.848e-02
cov**0.5/mean: 6.676e-02
cov**0.5/mean: 6.671e-02
cov**0.5/mean: 6.992e-02
cov**0.5/mean: 6.537e-02
cov**0.5/mean: 7.124e-02
cov**0.5/mean: 6.990e-02
cov**0.5/mean: 6.928e-02
cov**0.5/mean: nan
cov**0.5/mean: 6.708e-02
cov**0.5/mean: 7.137e-02
cov**0.5/mean: 6.917e-02
cov**0.5/mean: 7.248e-02
cov**0.5/mean: 7.319e-02
cov**0.5/mean: 6.864e-02
cov**0.5/mean: 7.213e-02
cov**0.5/mean: 7.358e-02
cov**0.5/mean: 6.332e-02
cov**0.5/mean: 7.274e-02
cov**0.5/mean: 7.163e-02
cov**0.5/mean: 6.790e-02
cov**0.5/mean: 7.227e-02
cov**0.5/mean: 7.129e-02
cov**0.5/mean: 7.765e-02
cov**0.5/mean: 7.068e-02
cov**0.5/mean: 7.614e-02
cov**0.5/mean: 6.446e-02
cov**0.5/mean: 6.644e-02
cov**0.5/mean: 7.088e-02
cov**0.5/mean: 7.045e-02
cov**0.5/mean: 6.520e-02
cov**0.5/mean: 6.748e-02
cov**0.5/mean: 7.142e-02
cov**0.5/mean: 7.520e-02
cov**0.5/mean: 7.103e-02
cov**0.5/mean: 7.020e-02
cov**0.5/mean: 7.339e-02
cov**0.5/mean: nan
cov**0.5/mean: 7.292e-02
cov**0.5/mean: 7.281e-02
cov**0.5/mean: 6.650e-02
cov**0.5/mean: 7.099e-02
cov**0.5/mean: 5.931e-02
cov**0.5/mean: 7.294e-02
cov**0.5/mean: 7.088e-02
cov**0.5/mean: 6.291e-02
cov**0.5/mean: 6.754e-02
cov**0.5/mean: 6.280e-02
cov**0.5/mean: 6.895e-02
cov**0.5/mean: 6.305e-02
cov**0.5/mean: 7.620e-02
cov**0.5/mean: 7.449e-02
cov**0.5/mean: 7.609e-02
cov**0.5/mean: 8.302e-02
cov**0.5/mean: 7.298e-02
cov**0.5/mean: nan
cov**0.5/mean: 7.082e-02
cov**0.5/mean: 7.312e-02
cov**0.5/mean: 6.888e-02
cov**0.5/mean: nan
cov**0.5/mean: 7.143e-02
cov**0.5/mean: 7.675e-02
cov**0.5/mean: 7.281e-02
cov**0.5/mean: 7.269e-02
cov**0.5/mean: 6.581e-02
cov**0.5/mean: 6.864e-02
cov**0.5/mean: 7.001e-02
cov**0.5/mean: 7.261e-02
cov**0.5/mean: 7.010e-02
cov**0.5/mean: 6.635e-02
cov**0.5/mean: 7.245e-02
cov**0.5/mean: 7.022e-02
cov**0.5/mean: 6.897e-02
cov**0.5/mean: 7.375e-02
cov**0.5/mean: nan
cov**0.5/mean: 7.038e-02
cov**0.5/mean: 6.881e-02
cov**0.5/mean: 7.676e-02
cov**0.5/mean: 7.260e-02
cov**0.5/mean: 7.027e-02
cov**0.5/mean: 7.228e-02
cov**0.5/mean: 6.983e-02
cov**0.5/mean: 6.583e-02
cov**0.5/mean: 7.237e-02
cov**0.5/mean: 7.050e-02
cov**0.5/mean: 6.408e-02
cov**0.5/mean: 7.366e-02
cov**0.5/mean: 7.157e-02
cov**0.5/mean: 7.199e-02
cov**0.5/mean: 7.413e-02
cov**0.5/mean: 7.192e-02
cov**0.5/mean: 7.157e-02
cov**0.5/mean: nan
cov**0.5/mean: 7.394e-02
cov**0.5/mean: 7.037e-02
cov**0.5/mean: 6.991e-02
cov**0.5/mean: 6.988e-02
cov**0.5/mean: 7.511e-02
cov**0.5/mean: 7.131e-02
cov**0.5/mean: 7.415e-02
cov**0.5/mean: 7.039e-02
cov**0.5/mean: 7.361e-02
cov**0.5/mean: 7.528e-02
cov**0.5/mean: 6.932e-02
cov**0.5/mean: 7.234e-02
cov**0.5/mean: 6.523e-02
cov**0.5/mean: 7.824e-02
cov**0.5/mean: 7.643e-02
cov**0.5/mean: 6.643e-02
cov**0.5/mean: 7.186e-02
cov**0.5/mean: 6.982e-02
cov**0.5/mean: 7.301e-02
cov**0.5/mean: 7.188e-02
cov**0.5/mean: 7.170e-02
cov**0.5/mean: 7.285e-02
cov**0.5/mean: 6.970e-02
cov**0.5/mean: 7.765e-02
cov**0.5/mean: 7.022e-02
cov**0.5/mean: 6.749e-02
cov**0.5/mean: 6.909e-02
cov**0.5/mean: nan
cov**0.5/mean: 6.802e-02
cov**0.5/mean: 7.622e-02
cov**0.5/mean: 6.955e-02
cov**0.5/mean: 7.971e-02
cov**0.5/mean: 6.984e-02
cov**0.5/mean: nan
cov**0.5/mean: 7.328e-02
cov**0.5/mean: 7.119e-02
cov**0.5/mean: 7.290e-02
cov**0.5/mean: 7.084e-02
cov**0.5/mean: 7.180e-02
cov**0.5/mean: 7.363e-02
cov**0.5/mean: 7.151e-02
cov**0.5/mean: 7.011e-02
cov**0.5/mean: 6.720e-02
cov**0.5/mean: nan
cov**0.5/mean: 7.344e-02
cov**0.5/mean: 6.705e-02
cov**0.5/mean: nan
cov**0.5/mean: 7.469e-02
cov**0.5/mean: 7.117e-02
cov**0.5/mean: 7.816e-02
cov**0.5/mean: 6.901e-02
cov**0.5/mean: 7.197e-02
cov**0.5/mean: 7.181e-02
cov**0.5/mean: 7.115e-02
cov**0.5/mean: 7.212e-02
cov**0.5/mean: nan
cov**0.5/mean: 7.097e-02
cov**0.5/mean: 6.528e-02
cov**0.5/mean: 7.402e-02
cov**0.5/mean: 5.694e-02
cov**0.5/mean: 7.213e-02
cov**0.5/mean: 7.761e-02
cov**0.5/mean: 6.755e-02
cov**0.5/mean: 7.101e-02
cov**0.5/mean: 7.169e-02
cov**0.5/mean: 6.722e-02
cov**0.5/mean: 6.750e-02
cov**0.5/mean: 6.773e-02
cov**0.5/mean: 6.942e-02
cov**0.5/mean: 6.839e-02
cov**0.5/mean: 8.337e-02
cov**0.5/mean: 7.347e-02
cov**0.5/mean: 7.077e-02
cov**0.5/mean: 6.890e-02
cov**0.5/mean: 6.399e-02
cov**0.5/mean: 6.836e-02
cov**0.5/mean: nan
cov**0.5/mean: 6.982e-02
cov**0.5/mean: 6.841e-02
cov**0.5/mean: 7.070e-02
cov**0.5/mean: 7.308e-02
cov**0.5/mean: 7.330e-02
cov**0.5/mean: 7.283e-02
cov**0.5/mean: 8.488e-02
cov**0.5/mean: 7.176e-02
cov**0.5/mean: 6.976e-02
cov**0.5/mean: 7.238e-02
cov**0.5/mean: 6.888e-02
cov**0.5/mean: 7.636e-02
cov**0.5/mean: nan
cov**0.5/mean: 8.217e-02
cov**0.5/mean: 7.228e-02
cov**0.5/mean: 7.280e-02
cov**0.5/mean: 6.973e-02
cov**0.5/mean: 7.391e-02
cov**0.5/mean: 7.152e-02
cov**0.5/mean: 6.987e-02
cov**0.5/mean: 7.149e-02
cov**0.5/mean: 7.838e-02
cov**0.5/mean: 6.905e-02
cov**0.5/mean: nan
cov**0.5/mean: 6.902e-02
cov**0.5/mean: 7.730e-02
cov**0.5/mean: 7.007e-02
cov**0.5/mean: 7.343e-02
cov**0.5/mean: 6.566e-02
cov**0.5/mean: 7.125e-02
cov**0.5/mean: 7.263e-02
cov**0.5/mean: 7.162e-02
cov**0.5/mean: 6.645e-02
cov**0.5/mean: 7.437e-02
cov**0.5/mean: nan
cov**0.5/mean: 6.992e-02
cov**0.5/mean: 6.985e-02
cov**0.5/mean: 6.527e-02
cov**0.5/mean: 6.595e-02
cov**0.5/mean: 5.608e-02
cov**0.5/mean: 6.336e-02
cov**0.5/mean: 6.276e-02
cov**0.5/mean: nan
cov**0.5/mean: 6.356e-02
cov**0.5/mean: 7.045e-02
cov**0.5/mean: 7.279e-02
cov**0.5/mean: 6.320e-02
cov**0.5/mean: 7.233e-02
cov**0.5/mean: 7.287e-02
cov**0.5/mean: 7.355e-02
cov**0.5/mean: 7.161e-02
cov**0.5/mean: 7.052e-02
cov**0.5/mean: 7.259e-02
cov**0.5/mean: 6.885e-02
cov**0.5/mean: 6.481e-02
cov**0.5/mean: 7.104e-02
cov**0.5/mean: 6.843e-02
cov**0.5/mean: nan
cov**0.5/mean: 9.135e-02
cov**0.5/mean: 7.874e-02
cov**0.5/mean: 8.488e-02
cov**0.5/mean: 6.865e-02
cov**0.5/mean: 7.338e-02
cov**0.5/mean: 7.125e-02
cov**0.5/mean: 7.191e-02
cov**0.5/mean: nan
cov**0.5/mean: 7.006e-02
cov**0.5/mean: 7.115e-02
cov**0.5/mean: 7.063e-02
cov**0.5/mean: 7.352e-02
cov**0.5/mean: 6.887e-02
cov**0.5/mean: 7.919e-02
cov**0.5/mean: 6.839e-02
cov**0.5/mean: 7.057e-02
cov**0.5/mean: 6.916e-02
cov**0.5/mean: 7.367e-02
cov**0.5/mean: 7.400e-02
cov**0.5/mean: 7.612e-02
cov**0.5/mean: 6.914e-02
cov**0.5/mean: 8.834e-02
cov**0.5/mean: 7.370e-02
cov**0.5/mean: 7.145e-02
cov**0.5/mean: 6.403e-02
cov**0.5/mean: 7.504e-02
cov**0.5/mean: 6.630e-02
cov**0.5/mean: nan
cov**0.5/mean: 7.585e-02
cov**0.5/mean: 7.000e-02
cov**0.5/mean: 7.059e-02
cov**0.5/mean: 7.240e-02
cov**0.5/mean: 7.012e-02
cov**0.5/mean: 7.491e-02
cov**0.5/mean: nan
cov**0.5/mean: 7.491e-02
cov**0.5/mean: 7.207e-02
cov**0.5/mean: 6.908e-02
cov**0.5/mean: 6.826e-02
cov**0.5/mean: 7.163e-02
cov**0.5/mean: 7.135e-02
cov**0.5/mean: 6.704e-02
cov**0.5/mean: 7.254e-02
cov**0.5/mean: 7.210e-02
cov**0.5/mean: nan
cov**0.5/mean: 7.098e-02
cov**0.5/mean: 7.343e-02
cov**0.5/mean: 7.352e-02
cov**0.5/mean: 6.933e-02
cov**0.5/mean: 7.306e-02
cov**0.5/mean: 7.172e-02
cov**0.5/mean: 6.811e-02
cov**0.5/mean: 6.990e-02
cov**0.5/mean: nan
cov**0.5/mean: 6.968e-02
cov**0.5/mean: nan
cov**0.5/mean: 7.094e-02
cov**0.5/mean: 7.146e-02
cov**0.5/mean: 7.211e-02
cov**0.5/mean: nan
cov**0.5/mean: nan
cov**0.5/mean: nan
cov**0.5/mean: 7.346e-02
cov**0.5/mean: 6.909e-02
cov**0.5/mean: 6.854e-02
cov**0.5/mean: 6.834e-02
cov**0.5/mean: 7.246e-02
cov**0.5/mean: 7.026e-02
cov**0.5/mean: nan
cov**0.5/mean: 8.877e-02
cov**0.5/mean: 7.427e-02
cov**0.5/mean: nan
cov**0.5/mean: 7.459e-02
cov**0.5/mean: 6.597e-02
cov**0.5/mean: nan
cov**0.5/mean: 6.913e-02
cov**0.5/mean: 7.493e-02
cov**0.5/mean: 6.117e-02
cov**0.5/mean: 7.077e-02
cov**0.5/mean: 7.051e-02
cov**0.5/mean: 6.691e-02
cov**0.5/mean: 7.512e-02
cov**0.5/mean: 7.295e-02
cov**0.5/mean: 7.278e-02
cov**0.5/mean: 7.631e-02
cov**0.5/mean: 6.973e-02
cov**0.5/mean: 7.187e-02
cov**0.5/mean: 6.708e-02
cov**0.5/mean: nan
cov**0.5/mean: 6.721e-02
cov**0.5/mean: 7.165e-02
cov**0.5/mean: 7.239e-02
cov**0.5/mean: 6.941e-02
cov**0.5/mean: 6.894e-02
cov**0.5/mean: 7.184e-02
cov**0.5/mean: 6.963e-02
cov**0.5/mean: 7.409e-02
cov**0.5/mean: 6.853e-02
cov**0.5/mean: 7.017e-02
cov**0.5/mean: 7.321e-02
cov**0.5/mean: 7.800e-02
cov**0.5/mean: 6.873e-02
cov**0.5/mean: 7.798e-02
cov**0.5/mean: 7.327e-02
cov**0.5/mean: 7.261e-02
cov**0.5/mean: nan
cov**0.5/mean: 7.272e-02
cov**0.5/mean: 6.687e-02
cov**0.5/mean: 7.198e-02
cov**0.5/mean: nan
cov**0.5/mean: 7.361e-02
cov**0.5/mean: 6.965e-02
cov**0.5/mean: 7.273e-02
cov**0.5/mean: 7.298e-02
cov**0.5/mean: 6.953e-02
cov**0.5/mean: 6.883e-02
cov**0.5/mean: 6.659e-02
cov**0.5/mean: 6.744e-02
cov**0.5/mean: nan
cov**0.5/mean: 6.222e-02
cov**0.5/mean: 6.800e-02
cov**0.5/mean: 6.118e-02
cov**0.5/mean: 6.463e-02
cov**0.5/mean: 6.391e-02
cov**0.5/mean: 6.486e-02
cov**0.5/mean: 5.921e-02
cov**0.5/mean: 6.633e-02
cov**0.5/mean: 6.866e-02
cov**0.5/mean: 7.031e-02
cov**0.5/mean: 6.623e-02
cov**0.5/mean: nan
cov**0.5/mean: 6.957e-02
cov**0.5/mean: 7.196e-02
cov**0.5/mean: 7.328e-02
cov**0.5/mean: 6.428e-02
cov**0.5/mean: 7.494e-02
cov**0.5/mean: 7.185e-02
cov**0.5/mean: 6.887e-02
cov**0.5/mean: 7.451e-02
cov**0.5/mean: 7.104e-02
cov**0.5/mean: 7.486e-02
cov**0.5/mean: 7.068e-02
cov**0.5/mean: 7.453e-02
cov**0.5/mean: 7.073e-02
cov**0.5/mean: 7.143e-02
cov**0.5/mean: 6.959e-02
cov**0.5/mean: 6.927e-02
cov**0.5/mean: 7.207e-02
cov**0.5/mean: 6.135e-02
cov**0.5/mean: 7.132e-02
cov**0.5/mean: 7.318e-02
cov**0.5/mean: 6.773e-02
cov**0.5/mean: 7.126e-02
cov**0.5/mean: nan
cov**0.5/mean: 7.078e-02
cov**0.5/mean: 7.369e-02
cov**0.5/mean: nan
cov**0.5/mean: 6.823e-02
cov**0.5/mean: 7.066e-02
cov**0.5/mean: 7.047e-02
cov**0.5/mean: 7.165e-02
cov**0.5/mean: 7.288e-02
cov**0.5/mean: 7.054e-02
cov**0.5/mean: 7.400e-02
cov**0.5/mean: 6.439e-02
cov**0.5/mean: nan
cov**0.5/mean: 6.884e-02
cov**0.5/mean: 6.591e-02
cov**0.5/mean: 7.017e-02
cov**0.5/mean: 7.216e-02
cov**0.5/mean: 6.711e-02
cov**0.5/mean: 6.660e-02
cov**0.5/mean: 6.815e-02
cov**0.5/mean: 7.259e-02
cov**0.5/mean: 6.950e-02
cov**0.5/mean: 7.392e-02
cov**0.5/mean: 7.286e-02
cov**0.5/mean: 6.578e-02
cov**0.5/mean: 6.797e-02
cov**0.5/mean: 6.276e-02
cov**0.5/mean: 6.801e-02
cov**0.5/mean: 6.905e-02
cov**0.5/mean: nan
cov**0.5/mean: 7.269e-02
cov**0.5/mean: 6.714e-02
cov**0.5/mean: 6.399e-02
cov**0.5/mean: 7.725e-02
cov**0.5/mean: 7.166e-02
cov**0.5/mean: 7.374e-02
cov**0.5/mean: 6.517e-02
cov**0.5/mean: 6.412e-02
cov**0.5/mean: 7.012e-02
cov**0.5/mean: 7.271e-02
cov**0.5/mean: 7.230e-02
cov**0.5/mean: 7.441e-02
cov**0.5/mean: 6.680e-02
cov**0.5/mean: 7.335e-02
cov**0.5/mean: 7.429e-02
cov**0.5/mean: 7.446e-02
cov**0.5/mean: 7.295e-02
cov**0.5/mean: 6.209e-02
cov**0.5/mean: 6.740e-02
cov**0.5/mean: 7.156e-02
cov**0.5/mean: 6.897e-02
cov**0.5/mean: 7.347e-02
cov**0.5/mean: 7.283e-02
cov**0.5/mean: 6.980e-02
cov**0.5/mean: 7.111e-02
cov**0.5/mean: 6.511e-02
cov**0.5/mean: 6.946e-02
cov**0.5/mean: 6.948e-02
cov**0.5/mean: 7.201e-02
cov**0.5/mean: 7.427e-02
cov**0.5/mean: 7.224e-02
cov**0.5/mean: 7.311e-02
cov**0.5/mean: 7.338e-02
cov**0.5/mean: 7.450e-02
cov**0.5/mean: 7.162e-02
cov**0.5/mean: 7.657e-02
cov**0.5/mean: 7.070e-02
cov**0.5/mean: nan
cov**0.5/mean: 6.555e-02
cov**0.5/mean: 6.522e-02
cov**0.5/mean: 6.427e-02
cov**0.5/mean: 6.344e-02
cov**0.5/mean: nan
cov**0.5/mean: 6.457e-02
cov**0.5/mean: 6.702e-02
cov**0.5/mean: 6.409e-02
cov**0.5/mean: 7.037e-02
cov**0.5/mean: nan
cov**0.5/mean: 7.562e-02
cov**0.5/mean: 7.149e-02
cov**0.5/mean: 6.845e-02
cov**0.5/mean: 6.970e-02
cov**0.5/mean: 6.756e-02
cov**0.5/mean: 8.361e-02
cov**0.5/mean: 6.988e-02
cov**0.5/mean: 6.607e-02
cov**0.5/mean: 6.567e-02
cov**0.5/mean: nan
cov**0.5/mean: nan
cov**0.5/mean: 7.250e-02
cov**0.5/mean: 7.147e-02
cov**0.5/mean: 7.447e-02
cov**0.5/mean: 7.635e-02
cov**0.5/mean: 7.501e-02
cov**0.5/mean: 6.745e-02
cov**0.5/mean: 7.211e-02
cov**0.5/mean: 6.718e-02
cov**0.5/mean: 7.292e-02
cov**0.5/mean: 6.845e-02
cov**0.5/mean: 6.572e-02
cov**0.5/mean: 7.358e-02
cov**0.5/mean: 7.333e-02
cov**0.5/mean: 6.153e-02
cov**0.5/mean: 6.611e-02
cov**0.5/mean: 7.075e-02
cov**0.5/mean: 7.208e-02
cov**0.5/mean: nan
cov**0.5/mean: nan
cov**0.5/mean: 7.034e-02
cov**0.5/mean: nan
cov**0.5/mean: 6.950e-02
cov**0.5/mean: 7.194e-02
cov**0.5/mean: 6.727e-02
cov**0.5/mean: 7.075e-02
cov**0.5/mean: 7.977e-02
cov**0.5/mean: 7.645e-02
cov**0.5/mean: 7.064e-02
cov**0.5/mean: 7.431e-02
cov**0.5/mean: 7.063e-02
cov**0.5/mean: 7.464e-02
cov**0.5/mean: 7.390e-02
cov**0.5/mean: nan
cov**0.5/mean: 7.458e-02
cov**0.5/mean: 7.238e-02
cov**0.5/mean: 6.655e-02
cov**0.5/mean: 7.613e-02
cov**0.5/mean: 7.178e-02
cov**0.5/mean: 7.232e-02
cov**0.5/mean: 7.447e-02
cov**0.5/mean: 7.584e-02
cov**0.5/mean: 7.021e-02
cov**0.5/mean: 7.236e-02
cov**0.5/mean: 7.136e-02
cov**0.5/mean: 7.371e-02
cov**0.5/mean: 6.719e-02
cov**0.5/mean: 7.208e-02
cov**0.5/mean: 7.380e-02
cov**0.5/mean: nan
cov**0.5/mean: 7.406e-02
cov**0.5/mean: 7.253e-02
cov**0.5/mean: 7.265e-02
cov**0.5/mean: 6.885e-02
cov**0.5/mean: 7.307e-02
cov**0.5/mean: nan
cov**0.5/mean: 7.027e-02
cov**0.5/mean: 7.177e-02
cov**0.5/mean: 6.635e-02
cov**0.5/mean: 6.969e-02
cov**0.5/mean: 7.184e-02
cov**0.5/mean: 7.114e-02
cov**0.5/mean: 6.919e-02
cov**0.5/mean: 6.992e-02
cov**0.5/mean: 7.042e-02
cov**0.5/mean: 7.141e-02
cov**0.5/mean: 7.310e-02
cov**0.5/mean: 6.937e-02
cov**0.5/mean: 7.284e-02
cov**0.5/mean: nan
cov**0.5/mean: 7.306e-02
cov**0.5/mean: 7.590e-02
cov**0.5/mean: 7.398e-02
cov**0.5/mean: 7.166e-02
cov**0.5/mean: 7.242e-02
cov**0.5/mean: 7.324e-02
cov**0.5/mean: 6.498e-02
cov**0.5/mean: 6.599e-02
cov**0.5/mean: 6.343e-02
cov**0.5/mean: 7.615e-02
cov**0.5/mean: nan
cov**0.5/mean: 6.595e-02
cov**0.5/mean: 7.399e-02
cov**0.5/mean: 7.318e-02
cov**0.5/mean: 7.024e-02
cov**0.5/mean: 7.412e-02
cov**0.5/mean: 8.236e-02
cov**0.5/mean: 7.154e-02
cov**0.5/mean: 6.800e-02
cov**0.5/mean: 6.912e-02
cov**0.5/mean: 7.478e-02
cov**0.5/mean: 7.158e-02
cov**0.5/mean: 6.771e-02
cov**0.5/mean: 6.863e-02
cov**0.5/mean: nan
cov**0.5/mean: nan
cov**0.5/mean: 7.284e-02
cov**0.5/mean: 6.713e-02
cov**0.5/mean: 6.712e-02
cov**0.5/mean: 6.261e-02
cov**0.5/mean: 7.585e-02
cov**0.5/mean: 6.345e-02
cov**0.5/mean: 7.711e-02
cov**0.5/mean: 6.816e-02
cov**0.5/mean: 7.333e-02
cov**0.5/mean: 7.236e-02
cov**0.5/mean: 6.819e-02
cov**0.5/mean: nan
cov**0.5/mean: nan
cov**0.5/mean: 7.341e-02
cov**0.5/mean: 6.941e-02
cov**0.5/mean: 6.907e-02
cov**0.5/mean: 6.553e-02
cov**0.5/mean: 7.260e-02
cov**0.5/mean: 7.419e-02
cov**0.5/mean: 7.017e-02
cov**0.5/mean: 7.187e-02
cov**0.5/mean: nan
cov**0.5/mean: 7.147e-02
cov**0.5/mean: 7.679e-02
cov**0.5/mean: 7.215e-02
cov**0.5/mean: 7.551e-02
cov**0.5/mean: 7.504e-02
cov**0.5/mean: 6.708e-02
cov**0.5/mean: 7.283e-02
cov**0.5/mean: 6.947e-02
cov**0.5/mean: 7.442e-02
cov**0.5/mean: 7.898e-02
cov**0.5/mean: 6.676e-02
cov**0.5/mean: 6.678e-02
cov**0.5/mean: 7.652e-02
cov**0.5/mean: 7.613e-02
cov**0.5/mean: 7.415e-02
cov**0.5/mean: 7.078e-02
cov**0.5/mean: nan
cov**0.5/mean: 7.412e-02
cov**0.5/mean: 7.063e-02
cov**0.5/mean: 6.994e-02
cov**0.5/mean: 7.020e-02
cov**0.5/mean: 6.545e-02
cov**0.5/mean: 7.041e-02
cov**0.5/mean: 6.817e-02
cov**0.5/mean: 7.087e-02
cov**0.5/mean: 7.129e-02
cov**0.5/mean: 7.262e-02
cov**0.5/mean: nan
cov**0.5/mean: 6.530e-02
cov**0.5/mean: 7.155e-02
cov**0.5/mean: 7.129e-02
cov**0.5/mean: 6.862e-02
cov**0.5/mean: 7.333e-02
cov**0.5/mean: 7.268e-02
cov**0.5/mean: nan
cov**0.5/mean: 8.866e-02
cov**0.5/mean: 7.323e-02
cov**0.5/mean: 6.614e-02
cov**0.5/mean: 6.959e-02
cov**0.5/mean: 7.303e-02
cov**0.5/mean: 6.897e-02
cov**0.5/mean: 7.185e-02
cov**0.5/mean: 6.720e-02
cov**0.5/mean: 7.438e-02
cov**0.5/mean: 6.707e-02
cov**0.5/mean: 6.880e-02
cov**0.5/mean: 7.310e-02
cov**0.5/mean: 6.972e-02
cov**0.5/mean: 7.166e-02
cov**0.5/mean: 6.896e-02
cov**0.5/mean: 7.250e-02
cov**0.5/mean: 7.503e-02
cov**0.5/mean: 6.239e-02
cov**0.5/mean: 7.317e-02
cov**0.5/mean: 7.243e-02
cov**0.5/mean: 6.404e-02
cov**0.5/mean: 7.602e-02
cov**0.5/mean: 7.325e-02
cov**0.5/mean: 7.857e-02
cov**0.5/mean: 7.268e-02
cov**0.5/mean: 7.401e-02
cov**0.5/mean: 7.234e-02
cov**0.5/mean: 7.343e-02
cov**0.5/mean: 7.150e-02
cov**0.5/mean: 6.850e-02
cov**0.5/mean: 6.947e-02
cov**0.5/mean: 7.684e-02
cov**0.5/mean: nan
cov**0.5/mean: 7.436e-02
cov**0.5/mean: 7.040e-02
cov**0.5/mean: 7.568e-02
cov**0.5/mean: 7.584e-02
cov**0.5/mean: 7.259e-02
cov**0.5/mean: 8.376e-02
cov**0.5/mean: 6.859e-02
cov**0.5/mean: 8.052e-02
cov**0.5/mean: 6.527e-02
cov**0.5/mean: 6.650e-02
cov**0.5/mean: 6.975e-02
cov**0.5/mean: 6.399e-02
cov**0.5/mean: 6.838e-02
cov**0.5/mean: 7.213e-02
cov**0.5/mean: 7.250e-02
cov**0.5/mean: nan
cov**0.5/mean: 7.112e-02
cov**0.5/mean: 7.145e-02
cov**0.5/mean: 7.201e-02
cov**0.5/mean: 7.404e-02
cov**0.5/mean: 6.269e-02
cov**0.5/mean: 6.915e-02
cov**0.5/mean: 7.176e-02
cov**0.5/mean: 6.151e-02
cov**0.5/mean: 6.746e-02
cov**0.5/mean: 7.694e-02
cov**0.5/mean: 6.733e-02
cov**0.5/mean: 7.506e-02
cov**0.5/mean: 7.040e-02
cov**0.5/mean: 6.933e-02
cov**0.5/mean: 7.189e-02
cov**0.5/mean: 6.710e-02
cov**0.5/mean: 7.026e-02
cov**0.5/mean: 7.128e-02
cov**0.5/mean: 6.722e-02
cov**0.5/mean: 7.558e-02
cov**0.5/mean: 7.208e-02
cov**0.5/mean: 6.851e-02
cov**0.5/mean: 7.585e-02
cov**0.5/mean: nan
cov**0.5/mean: 7.578e-02
cov**0.5/mean: 7.124e-02
cov**0.5/mean: 6.992e-02
cov**0.5/mean: 7.282e-02
cov**0.5/mean: 8.126e-02
cov**0.5/mean: 7.717e-02
cov**0.5/mean: 6.889e-02
cov**0.5/mean: 7.426e-02
cov**0.5/mean: 7.019e-02
cov**0.5/mean: 6.501e-02
cov**0.5/mean: 6.484e-02
cov**0.5/mean: nan
cov**0.5/mean: 7.146e-02
cov**0.5/mean: 6.164e-02
cov**0.5/mean: 5.919e-02
cov**0.5/mean: 7.339e-02
cov**0.5/mean: 6.659e-02
cov**0.5/mean: 6.854e-02
cov**0.5/mean: 6.792e-02
cov**0.5/mean: 6.169e-02
cov**0.5/mean: 6.769e-02
cov**0.5/mean: nan
cov**0.5/mean: 6.441e-02
cov**0.5/mean: nan
cov**0.5/mean: 7.217e-02
cov**0.5/mean: 7.253e-02
cov**0.5/mean: nan
cov**0.5/mean: 6.417e-02
cov**0.5/mean: 5.830e-02
cov**0.5/mean: 6.200e-02
cov**0.5/mean: 6.700e-02
cov**0.5/mean: 6.482e-02
cov**0.5/mean: 5.744e-02
cov**0.5/mean: 7.017e-02
cov**0.5/mean: 7.200e-02
cov**0.5/mean: nan
cov**0.5/mean: nan
cov**0.5/mean: 6.189e-02
cov**0.5/mean: 6.384e-02
cov**0.5/mean: 6.822e-02
cov**0.5/mean: 6.761e-02
cov**0.5/mean: 7.100e-02
cov**0.5/mean: nan
cov**0.5/mean: 7.394e-02
cov**0.5/mean: 7.109e-02
cov**0.5/mean: 6.645e-02
cov**0.5/mean: 6.694e-02
cov**0.5/mean: 7.037e-02
cov**0.5/mean: 6.095e-02
cov**0.5/mean: 7.201e-02
cov**0.5/mean: 7.179e-02
cov**0.5/mean: 6.878e-02
cov**0.5/mean: 8.212e-02
cov**0.5/mean: 7.202e-02
cov**0.5/mean: 7.158e-02
cov**0.5/mean: 6.625e-02
cov**0.5/mean: 6.971e-02
cov**0.5/mean: 7.143e-02
cov**0.5/mean: 6.785e-02
cov**0.5/mean: 7.261e-02
cov**0.5/mean: 7.293e-02
cov**0.5/mean: 7.145e-02
cov**0.5/mean: 7.128e-02
cov**0.5/mean: 7.293e-02
cov**0.5/mean: nan
cov**0.5/mean: 6.790e-02
cov**0.5/mean: nan
cov**0.5/mean: 7.405e-02
cov**0.5/mean: 6.915e-02
cov**0.5/mean: 6.902e-02
cov**0.5/mean: 6.800e-02
cov**0.5/mean: nan
cov**0.5/mean: 6.915e-02
cov**0.5/mean: 7.209e-02
cov**0.5/mean: 7.102e-02
cov**0.5/mean: 7.057e-02
cov**0.5/mean: 7.530e-02
cov**0.5/mean: 6.521e-02
cov**0.5/mean: 7.083e-02
cov**0.5/mean: 7.191e-02
cov**0.5/mean: 6.992e-02
cov**0.5/mean: 6.840e-02
cov**0.5/mean: 7.381e-02
cov**0.5/mean: 7.047e-02
cov**0.5/mean: 7.217e-02
cov**0.5/mean: 7.272e-02
cov**0.5/mean: 7.475e-02
cov**0.5/mean: 7.157e-02
cov**0.5/mean: 7.394e-02
cov**0.5/mean: 6.511e-02
cov**0.5/mean: 6.990e-02
cov**0.5/mean: 7.047e-02
cov**0.5/mean: 6.818e-02
cov**0.5/mean: 7.151e-02
cov**0.5/mean: 7.130e-02
cov**0.5/mean: 7.397e-02
cov**0.5/mean: 7.179e-02
cov**0.5/mean: 6.373e-02
cov**0.5/mean: 7.305e-02
cov**0.5/mean: 6.589e-02
cov**0.5/mean: 7.034e-02
cov**0.5/mean: 6.951e-02
cov**0.5/mean: 6.402e-02
cov**0.5/mean: 7.298e-02
cov**0.5/mean: 7.320e-02
cov**0.5/mean: 7.130e-02
cov**0.5/mean: 7.114e-02
cov**0.5/mean: 7.333e-02
cov**0.5/mean: 7.337e-02
cov**0.5/mean: 6.982e-02
cov**0.5/mean: 7.367e-02
cov**0.5/mean: 7.131e-02
cov**0.5/mean: 8.563e-02
cov**0.5/mean: 7.488e-02
cov**0.5/mean: 8.871e-02
cov**0.5/mean: 6.727e-02
cov**0.5/mean: 7.190e-02
cov**0.5/mean: 6.791e-02
cov**0.5/mean: 7.591e-02
cov**0.5/mean: 7.402e-02
cov**0.5/mean: 6.855e-02
cov**0.5/mean: 7.200e-02
cov**0.5/mean: 6.663e-02
cov**0.5/mean: 6.835e-02
cov**0.5/mean: 7.252e-02
cov**0.5/mean: 7.598e-02
cov**0.5/mean: 6.191e-02
cov**0.5/mean: 6.895e-02
cov**0.5/mean: 7.810e-02
cov**0.5/mean: 6.919e-02
cov**0.5/mean: 6.658e-02
cov**0.5/mean: 7.321e-02
cov**0.5/mean: nan
cov**0.5/mean: 8.789e-02
cov**0.5/mean: 6.099e-02
cov**0.5/mean: 7.664e-02
cov**0.5/mean: 7.490e-02
cov**0.5/mean: 7.103e-02
cov**0.5/mean: 6.676e-02
cov**0.5/mean: nan
cov**0.5/mean: 7.620e-02
cov**0.5/mean: nan
cov**0.5/mean: 6.781e-02
cov**0.5/mean: 6.635e-02
  Step 7000/10000, Time: 5.5s, Acceptance: nan
cov**0.5/mean: nan
cov**0.5/mean: 7.169e-02
cov**0.5/mean: 6.793e-02
cov**0.5/mean: 6.926e-02
cov**0.5/mean: 6.949e-02
cov**0.5/mean: 7.333e-02
cov**0.5/mean: nan
cov**0.5/mean: 6.397e-02
cov**0.5/mean: 7.268e-02
cov**0.5/mean: 7.276e-02
cov**0.5/mean: nan
cov**0.5/mean: nan
cov**0.5/mean: 7.276e-02
cov**0.5/mean: nan
cov**0.5/mean: 7.336e-02
cov**0.5/mean: 7.479e-02
cov**0.5/mean: 6.822e-02
cov**0.5/mean: 7.378e-02
cov**0.5/mean: 6.731e-02
cov**0.5/mean: nan
cov**0.5/mean: 7.317e-02
cov**0.5/mean: 6.449e-02
cov**0.5/mean: 6.850e-02
cov**0.5/mean: 6.300e-02
cov**0.5/mean: 5.897e-02
cov**0.5/mean: 6.973e-02
cov**0.5/mean: 7.069e-02
cov**0.5/mean: 6.367e-02
cov**0.5/mean: 7.000e-02
cov**0.5/mean: 6.650e-02
cov**0.5/mean: 6.913e-02
cov**0.5/mean: 7.466e-02
cov**0.5/mean: 7.268e-02
cov**0.5/mean: 7.225e-02
cov**0.5/mean: 7.725e-02
cov**0.5/mean: 7.137e-02
cov**0.5/mean: 7.251e-02
cov**0.5/mean: 7.165e-02
cov**0.5/mean: 7.112e-02
cov**0.5/mean: 7.210e-02
cov**0.5/mean: 6.937e-02
cov**0.5/mean: 6.631e-02
cov**0.5/mean: nan
cov**0.5/mean: nan
cov**0.5/mean: 6.728e-02
cov**0.5/mean: 7.118e-02
cov**0.5/mean: 6.835e-02
cov**0.5/mean: 7.495e-02
cov**0.5/mean: 7.471e-02
cov**0.5/mean: 6.861e-02
cov**0.5/mean: 6.843e-02
cov**0.5/mean: 7.050e-02
cov**0.5/mean: 7.672e-02
cov**0.5/mean: 7.550e-02
cov**0.5/mean: 7.685e-02
cov**0.5/mean: 6.887e-02
cov**0.5/mean: 7.546e-02
cov**0.5/mean: 7.138e-02
cov**0.5/mean: 6.992e-02
cov**0.5/mean: 7.053e-02
cov**0.5/mean: 7.395e-02
cov**0.5/mean: nan
cov**0.5/mean: nan
cov**0.5/mean: 7.036e-02
cov**0.5/mean: 7.307e-02
cov**0.5/mean: 6.904e-02
cov**0.5/mean: 7.387e-02
cov**0.5/mean: nan
cov**0.5/mean: 7.219e-02
cov**0.5/mean: 5.956e-02
cov**0.5/mean: 7.000e-02
cov**0.5/mean: 6.948e-02
cov**0.5/mean: 7.166e-02
cov**0.5/mean: 6.543e-02
cov**0.5/mean: 7.119e-02
cov**0.5/mean: 6.283e-02
cov**0.5/mean: 6.995e-02
cov**0.5/mean: 7.386e-02
cov**0.5/mean: 6.710e-02
cov**0.5/mean: 6.772e-02
cov**0.5/mean: 7.078e-02
cov**0.5/mean: 7.492e-02
cov**0.5/mean: nan
cov**0.5/mean: 7.829e-02
cov**0.5/mean: 6.774e-02
cov**0.5/mean: 7.394e-02
cov**0.5/mean: 7.437e-02
cov**0.5/mean: 6.630e-02
cov**0.5/mean: 7.615e-02
cov**0.5/mean: 7.434e-02
cov**0.5/mean: 6.467e-02
cov**0.5/mean: 7.261e-02
cov**0.5/mean: 6.466e-02
cov**0.5/mean: 7.194e-02
cov**0.5/mean: 6.767e-02
cov**0.5/mean: 7.482e-02
cov**0.5/mean: 6.947e-02
cov**0.5/mean: 7.223e-02
cov**0.5/mean: nan
cov**0.5/mean: 7.046e-02
cov**0.5/mean: nan
cov**0.5/mean: 7.514e-02
cov**0.5/mean: 7.682e-02
cov**0.5/mean: 7.262e-02
cov**0.5/mean: 7.251e-02
cov**0.5/mean: 6.838e-02
cov**0.5/mean: 7.611e-02
cov**0.5/mean: 8.209e-02
cov**0.5/mean: 7.200e-02
cov**0.5/mean: 7.401e-02
cov**0.5/mean: 7.154e-02
cov**0.5/mean: 7.209e-02
cov**0.5/mean: 6.880e-02
cov**0.5/mean: 6.988e-02
cov**0.5/mean: 7.811e-02
cov**0.5/mean: 7.428e-02
cov**0.5/mean: 7.360e-02
cov**0.5/mean: 6.868e-02
cov**0.5/mean: 7.641e-02
cov**0.5/mean: 6.963e-02
cov**0.5/mean: 7.066e-02
cov**0.5/mean: 7.291e-02
cov**0.5/mean: 6.868e-02
cov**0.5/mean: 6.994e-02
cov**0.5/mean: 6.851e-02
cov**0.5/mean: 8.820e-02
cov**0.5/mean: 7.165e-02
cov**0.5/mean: nan
cov**0.5/mean: 7.326e-02
cov**0.5/mean: 6.897e-02
cov**0.5/mean: 7.343e-02
cov**0.5/mean: nan
cov**0.5/mean: 7.055e-02
cov**0.5/mean: 7.048e-02
cov**0.5/mean: 7.129e-02
cov**0.5/mean: 6.637e-02
cov**0.5/mean: 7.266e-02
cov**0.5/mean: 6.964e-02
cov**0.5/mean: 7.027e-02
cov**0.5/mean: 8.122e-02
cov**0.5/mean: 6.986e-02
cov**0.5/mean: 8.502e-02
cov**0.5/mean: 7.218e-02
cov**0.5/mean: 7.599e-02
cov**0.5/mean: 7.260e-02
cov**0.5/mean: 7.376e-02
cov**0.5/mean: 6.936e-02
cov**0.5/mean: 7.213e-02
cov**0.5/mean: 7.134e-02
cov**0.5/mean: 7.094e-02
cov**0.5/mean: 6.638e-02
cov**0.5/mean: 7.167e-02
cov**0.5/mean: 7.248e-02
cov**0.5/mean: nan
cov**0.5/mean: 7.146e-02
cov**0.5/mean: 7.319e-02
cov**0.5/mean: 7.240e-02
cov**0.5/mean: 7.147e-02
cov**0.5/mean: 6.805e-02
cov**0.5/mean: 7.179e-02
cov**0.5/mean: 7.156e-02
cov**0.5/mean: 8.246e-02
cov**0.5/mean: 7.034e-02
cov**0.5/mean: 6.627e-02
cov**0.5/mean: 7.306e-02
cov**0.5/mean: 6.991e-02
cov**0.5/mean: 6.730e-02
cov**0.5/mean: 7.072e-02
cov**0.5/mean: 7.315e-02
cov**0.5/mean: 7.311e-02
cov**0.5/mean: 6.347e-02
cov**0.5/mean: 7.090e-02
cov**0.5/mean: 7.528e-02
cov**0.5/mean: 6.912e-02
cov**0.5/mean: 7.397e-02
cov**0.5/mean: 7.430e-02
cov**0.5/mean: 7.624e-02
cov**0.5/mean: 7.166e-02
cov**0.5/mean: 6.737e-02
cov**0.5/mean: 7.495e-02
cov**0.5/mean: 7.298e-02
cov**0.5/mean: 6.544e-02
cov**0.5/mean: 6.301e-02
cov**0.5/mean: 7.052e-02
cov**0.5/mean: nan
cov**0.5/mean: 6.704e-02
cov**0.5/mean: 7.144e-02
cov**0.5/mean: 7.398e-02
cov**0.5/mean: 7.108e-02
cov**0.5/mean: nan
cov**0.5/mean: 6.504e-02
cov**0.5/mean: 7.295e-02
cov**0.5/mean: 6.923e-02
cov**0.5/mean: nan
cov**0.5/mean: 6.519e-02
cov**0.5/mean: 7.417e-02
cov**0.5/mean: 7.652e-02
cov**0.5/mean: 6.777e-02
cov**0.5/mean: 7.086e-02
cov**0.5/mean: 7.090e-02
cov**0.5/mean: 6.284e-02
cov**0.5/mean: 6.954e-02
cov**0.5/mean: 7.221e-02
cov**0.5/mean: 6.410e-02
cov**0.5/mean: 7.542e-02
cov**0.5/mean: 6.420e-02
cov**0.5/mean: 8.592e-02
cov**0.5/mean: 6.851e-02
cov**0.5/mean: 7.118e-02
cov**0.5/mean: 7.194e-02
cov**0.5/mean: 7.287e-02
cov**0.5/mean: 6.932e-02
cov**0.5/mean: nan
cov**0.5/mean: 7.198e-02
cov**0.5/mean: 7.025e-02
cov**0.5/mean: 6.709e-02
cov**0.5/mean: 7.160e-02
cov**0.5/mean: 7.333e-02
cov**0.5/mean: nan
cov**0.5/mean: 6.908e-02
cov**0.5/mean: 6.933e-02
cov**0.5/mean: 7.587e-02
cov**0.5/mean: 7.359e-02
cov**0.5/mean: nan
cov**0.5/mean: nan
cov**0.5/mean: 6.990e-02
cov**0.5/mean: 7.216e-02
cov**0.5/mean: 7.467e-02
cov**0.5/mean: 6.894e-02
cov**0.5/mean: 8.177e-02
cov**0.5/mean: 7.022e-02
cov**0.5/mean: 6.683e-02
cov**0.5/mean: 6.503e-02
cov**0.5/mean: 6.146e-02
cov**0.5/mean: 6.822e-02
cov**0.5/mean: 6.406e-02
cov**0.5/mean: 6.504e-02
cov**0.5/mean: 6.067e-02
cov**0.5/mean: 7.317e-02
cov**0.5/mean: 7.008e-02
cov**0.5/mean: 6.772e-02
cov**0.5/mean: 7.570e-02
cov**0.5/mean: 6.827e-02
cov**0.5/mean: 6.915e-02
cov**0.5/mean: 6.673e-02
cov**0.5/mean: 6.494e-02
cov**0.5/mean: 6.320e-02
cov**0.5/mean: 6.709e-02
cov**0.5/mean: 6.588e-02
cov**0.5/mean: 6.881e-02
cov**0.5/mean: 7.622e-02
cov**0.5/mean: 7.633e-02
cov**0.5/mean: 6.844e-02
cov**0.5/mean: 8.965e-02
cov**0.5/mean: 7.523e-02
cov**0.5/mean: 6.835e-02
cov**0.5/mean: 7.155e-02
cov**0.5/mean: 7.410e-02
cov**0.5/mean: 6.952e-02
cov**0.5/mean: 7.600e-02
cov**0.5/mean: 7.372e-02
cov**0.5/mean: 7.219e-02
cov**0.5/mean: 7.378e-02
cov**0.5/mean: 7.489e-02
cov**0.5/mean: 7.063e-02
cov**0.5/mean: 7.138e-02
cov**0.5/mean: 6.706e-02
cov**0.5/mean: 7.032e-02
cov**0.5/mean: 8.945e-02
cov**0.5/mean: 6.655e-02
cov**0.5/mean: 6.917e-02
cov**0.5/mean: 6.726e-02
cov**0.5/mean: 7.536e-02
cov**0.5/mean: 6.916e-02
cov**0.5/mean: 7.131e-02
cov**0.5/mean: 6.538e-02
cov**0.5/mean: 7.421e-02
cov**0.5/mean: 7.039e-02
cov**0.5/mean: 7.953e-02
cov**0.5/mean: 7.409e-02
cov**0.5/mean: 6.792e-02
cov**0.5/mean: 7.055e-02
cov**0.5/mean: 6.743e-02
cov**0.5/mean: 6.733e-02
cov**0.5/mean: 7.057e-02
cov**0.5/mean: 7.047e-02
cov**0.5/mean: 6.372e-02
cov**0.5/mean: 6.590e-02
cov**0.5/mean: 7.177e-02
cov**0.5/mean: 8.800e-02
cov**0.5/mean: 6.814e-02
cov**0.5/mean: 7.422e-02
cov**0.5/mean: 7.006e-02
cov**0.5/mean: 7.128e-02
cov**0.5/mean: 7.315e-02
cov**0.5/mean: 7.345e-02
cov**0.5/mean: 6.617e-02
cov**0.5/mean: 7.287e-02
cov**0.5/mean: 6.322e-02
cov**0.5/mean: 6.741e-02
cov**0.5/mean: 7.244e-02
cov**0.5/mean: 7.225e-02
cov**0.5/mean: 7.538e-02
cov**0.5/mean: 6.777e-02
cov**0.5/mean: 7.177e-02
cov**0.5/mean: 7.409e-02
cov**0.5/mean: 7.470e-02
cov**0.5/mean: 7.242e-02
cov**0.5/mean: 7.125e-02
cov**0.5/mean: 7.227e-02
cov**0.5/mean: 7.070e-02
cov**0.5/mean: nan
cov**0.5/mean: nan
cov**0.5/mean: 7.114e-02
cov**0.5/mean: 6.865e-02
cov**0.5/mean: 7.051e-02
cov**0.5/mean: 7.221e-02
cov**0.5/mean: 6.689e-02
cov**0.5/mean: nan
cov**0.5/mean: 7.376e-02
cov**0.5/mean: 7.058e-02
cov**0.5/mean: 6.872e-02
cov**0.5/mean: 6.846e-02
cov**0.5/mean: 7.465e-02
cov**0.5/mean: 6.455e-02
cov**0.5/mean: 7.261e-02
cov**0.5/mean: 7.042e-02
cov**0.5/mean: 6.477e-02
cov**0.5/mean: 7.301e-02
cov**0.5/mean: 6.409e-02
cov**0.5/mean: 6.663e-02
cov**0.5/mean: 6.080e-02
cov**0.5/mean: 6.353e-02
cov**0.5/mean: 6.439e-02
cov**0.5/mean: 7.138e-02
cov**0.5/mean: 7.056e-02
cov**0.5/mean: 6.934e-02
cov**0.5/mean: 7.007e-02
cov**0.5/mean: 7.060e-02
cov**0.5/mean: 7.277e-02
cov**0.5/mean: 7.190e-02
cov**0.5/mean: 7.146e-02
cov**0.5/mean: 7.719e-02
cov**0.5/mean: 7.421e-02
cov**0.5/mean: 8.849e-02
cov**0.5/mean: 7.073e-02
cov**0.5/mean: 7.264e-02
cov**0.5/mean: 6.808e-02
cov**0.5/mean: 7.335e-02
cov**0.5/mean: 7.274e-02
cov**0.5/mean: 7.409e-02
cov**0.5/mean: 7.454e-02
cov**0.5/mean: 7.262e-02
cov**0.5/mean: 7.285e-02
cov**0.5/mean: 6.839e-02
cov**0.5/mean: 6.983e-02
cov**0.5/mean: 7.038e-02
cov**0.5/mean: 7.222e-02
cov**0.5/mean: 6.879e-02
cov**0.5/mean: 7.011e-02
cov**0.5/mean: 6.718e-02
cov**0.5/mean: 6.856e-02
cov**0.5/mean: 6.574e-02
cov**0.5/mean: 6.243e-02
cov**0.5/mean: 7.233e-02
cov**0.5/mean: 7.095e-02
cov**0.5/mean: 7.478e-02
cov**0.5/mean: 7.450e-02
cov**0.5/mean: 6.668e-02
cov**0.5/mean: 6.903e-02
cov**0.5/mean: 7.173e-02
cov**0.5/mean: 7.547e-02
cov**0.5/mean: 7.429e-02
cov**0.5/mean: 7.468e-02
cov**0.5/mean: 7.235e-02
cov**0.5/mean: 7.034e-02
cov**0.5/mean: 7.186e-02
cov**0.5/mean: 7.372e-02
cov**0.5/mean: 7.454e-02
cov**0.5/mean: 7.091e-02
cov**0.5/mean: 7.109e-02
cov**0.5/mean: 6.517e-02
cov**0.5/mean: 7.122e-02
cov**0.5/mean: 7.047e-02
cov**0.5/mean: nan
cov**0.5/mean: 7.236e-02
cov**0.5/mean: nan
cov**0.5/mean: 7.275e-02
cov**0.5/mean: 6.654e-02
cov**0.5/mean: 6.536e-02
cov**0.5/mean: nan
cov**0.5/mean: 6.911e-02
cov**0.5/mean: 7.064e-02
cov**0.5/mean: 7.421e-02
cov**0.5/mean: nan
cov**0.5/mean: 7.715e-02
cov**0.5/mean: 6.536e-02
cov**0.5/mean: 7.194e-02
cov**0.5/mean: 7.207e-02
cov**0.5/mean: 7.071e-02
cov**0.5/mean: 7.599e-02
cov**0.5/mean: 7.588e-02
cov**0.5/mean: nan
cov**0.5/mean: 7.031e-02
cov**0.5/mean: 7.655e-02
cov**0.5/mean: 6.724e-02
cov**0.5/mean: 6.489e-02
cov**0.5/mean: 7.196e-02
cov**0.5/mean: 7.707e-02
cov**0.5/mean: 7.492e-02
cov**0.5/mean: 8.361e-02
cov**0.5/mean: 6.563e-02
cov**0.5/mean: 7.040e-02
cov**0.5/mean: 6.492e-02
cov**0.5/mean: 7.189e-02
cov**0.5/mean: 6.414e-02
cov**0.5/mean: 7.231e-02
cov**0.5/mean: 7.478e-02
cov**0.5/mean: 7.007e-02
cov**0.5/mean: 7.041e-02
cov**0.5/mean: 7.283e-02
cov**0.5/mean: 6.905e-02
cov**0.5/mean: 7.224e-02
cov**0.5/mean: 7.404e-02
cov**0.5/mean: 7.401e-02
cov**0.5/mean: 7.435e-02
cov**0.5/mean: nan
cov**0.5/mean: 7.132e-02
cov**0.5/mean: 7.171e-02
cov**0.5/mean: 6.614e-02
cov**0.5/mean: 7.094e-02
cov**0.5/mean: 7.026e-02
cov**0.5/mean: 7.233e-02
cov**0.5/mean: 7.105e-02
cov**0.5/mean: 7.286e-02
cov**0.5/mean: 6.836e-02
cov**0.5/mean: 6.405e-02
cov**0.5/mean: 6.180e-02
cov**0.5/mean: 6.369e-02
cov**0.5/mean: 7.283e-02
cov**0.5/mean: 7.002e-02
cov**0.5/mean: 7.027e-02
cov**0.5/mean: 6.771e-02
cov**0.5/mean: 7.480e-02
cov**0.5/mean: 6.848e-02
cov**0.5/mean: 6.534e-02
cov**0.5/mean: 7.626e-02
cov**0.5/mean: 7.371e-02
cov**0.5/mean: nan
cov**0.5/mean: 8.132e-02
cov**0.5/mean: nan
cov**0.5/mean: 7.312e-02
cov**0.5/mean: 7.737e-02
cov**0.5/mean: 7.091e-02
cov**0.5/mean: 7.402e-02
cov**0.5/mean: 7.311e-02
cov**0.5/mean: 7.465e-02
cov**0.5/mean: 7.343e-02
cov**0.5/mean: 7.168e-02
cov**0.5/mean: 7.167e-02
cov**0.5/mean: 6.524e-02
cov**0.5/mean: 7.149e-02
cov**0.5/mean: nan
cov**0.5/mean: 6.960e-02
cov**0.5/mean: 6.979e-02
cov**0.5/mean: 7.121e-02
cov**0.5/mean: 6.633e-02
cov**0.5/mean: 7.681e-02
cov**0.5/mean: 7.315e-02
cov**0.5/mean: 6.984e-02
cov**0.5/mean: 6.852e-02
cov**0.5/mean: 7.083e-02
cov**0.5/mean: 6.944e-02
cov**0.5/mean: 7.221e-02
cov**0.5/mean: 6.912e-02
cov**0.5/mean: 7.617e-02
cov**0.5/mean: 6.823e-02
cov**0.5/mean: nan
cov**0.5/mean: 6.842e-02
cov**0.5/mean: nan
cov**0.5/mean: 6.974e-02
cov**0.5/mean: 7.107e-02
cov**0.5/mean: nan
cov**0.5/mean: 7.602e-02
cov**0.5/mean: 7.163e-02
cov**0.5/mean: 6.447e-02
cov**0.5/mean: 7.368e-02
cov**0.5/mean: 6.388e-02
cov**0.5/mean: 6.965e-02
cov**0.5/mean: 6.638e-02
cov**0.5/mean: 7.398e-02
cov**0.5/mean: 6.986e-02
cov**0.5/mean: 7.117e-02
cov**0.5/mean: 7.075e-02
cov**0.5/mean: 6.833e-02
cov**0.5/mean: nan
cov**0.5/mean: 6.467e-02
cov**0.5/mean: nan
cov**0.5/mean: 7.099e-02
cov**0.5/mean: 7.180e-02
cov**0.5/mean: 6.872e-02
cov**0.5/mean: 6.770e-02
cov**0.5/mean: 6.795e-02
cov**0.5/mean: 6.723e-02
cov**0.5/mean: 7.034e-02
cov**0.5/mean: 7.108e-02
cov**0.5/mean: 6.888e-02
cov**0.5/mean: 6.309e-02
cov**0.5/mean: 7.218e-02
cov**0.5/mean: 6.374e-02
cov**0.5/mean: 6.900e-02
cov**0.5/mean: 7.175e-02
cov**0.5/mean: 7.164e-02
cov**0.5/mean: 7.212e-02
cov**0.5/mean: 6.731e-02
cov**0.5/mean: 7.025e-02
cov**0.5/mean: 7.220e-02
cov**0.5/mean: 7.321e-02
cov**0.5/mean: nan
cov**0.5/mean: 6.565e-02
cov**0.5/mean: 6.811e-02
cov**0.5/mean: 7.241e-02
cov**0.5/mean: 6.784e-02
cov**0.5/mean: 6.403e-02
cov**0.5/mean: 6.679e-02
cov**0.5/mean: 6.255e-02
cov**0.5/mean: 7.478e-02
cov**0.5/mean: 7.219e-02
cov**0.5/mean: 7.347e-02
cov**0.5/mean: 7.421e-02
cov**0.5/mean: 7.132e-02
cov**0.5/mean: 7.366e-02
cov**0.5/mean: 6.449e-02
cov**0.5/mean: 7.180e-02
cov**0.5/mean: 6.784e-02
cov**0.5/mean: 6.926e-02
cov**0.5/mean: 7.118e-02
cov**0.5/mean: 7.383e-02
cov**0.5/mean: 7.206e-02
cov**0.5/mean: nan
cov**0.5/mean: 7.327e-02
cov**0.5/mean: 7.244e-02
cov**0.5/mean: 6.396e-02
cov**0.5/mean: 7.354e-02
cov**0.5/mean: 7.311e-02
cov**0.5/mean: 7.030e-02
cov**0.5/mean: 7.718e-02
cov**0.5/mean: 7.344e-02
cov**0.5/mean: 6.896e-02
cov**0.5/mean: 6.747e-02
cov**0.5/mean: 7.091e-02
cov**0.5/mean: 7.145e-02
cov**0.5/mean: 6.627e-02
cov**0.5/mean: nan
cov**0.5/mean: 7.819e-02
cov**0.5/mean: 7.161e-02
cov**0.5/mean: 7.244e-02
cov**0.5/mean: 7.304e-02
cov**0.5/mean: 6.986e-02
cov**0.5/mean: 6.674e-02
cov**0.5/mean: 7.169e-02
cov**0.5/mean: 7.348e-02
cov**0.5/mean: 6.365e-02
cov**0.5/mean: 6.249e-02
cov**0.5/mean: 7.244e-02
cov**0.5/mean: 7.036e-02
cov**0.5/mean: 7.091e-02
cov**0.5/mean: 7.195e-02
cov**0.5/mean: 7.120e-02
cov**0.5/mean: 7.399e-02
cov**0.5/mean: 7.129e-02
cov**0.5/mean: 6.710e-02
cov**0.5/mean: 6.679e-02
cov**0.5/mean: nan
cov**0.5/mean: 6.539e-02
cov**0.5/mean: nan
cov**0.5/mean: 6.624e-02
cov**0.5/mean: 5.844e-02
cov**0.5/mean: 7.345e-02
cov**0.5/mean: nan
cov**0.5/mean: nan
cov**0.5/mean: 6.881e-02
cov**0.5/mean: 7.224e-02
cov**0.5/mean: 6.934e-02
cov**0.5/mean: 7.672e-02
cov**0.5/mean: 6.947e-02
cov**0.5/mean: 7.295e-02
cov**0.5/mean: 7.175e-02
cov**0.5/mean: 6.953e-02
cov**0.5/mean: 6.890e-02
cov**0.5/mean: 7.163e-02
cov**0.5/mean: 7.194e-02
cov**0.5/mean: 6.564e-02
cov**0.5/mean: 7.037e-02
cov**0.5/mean: 5.834e-02
cov**0.5/mean: 6.272e-02
cov**0.5/mean: 6.559e-02
cov**0.5/mean: 6.520e-02
cov**0.5/mean: 6.140e-02
cov**0.5/mean: 7.044e-02
cov**0.5/mean: nan
cov**0.5/mean: 7.580e-02
cov**0.5/mean: 6.680e-02
cov**0.5/mean: 7.013e-02
cov**0.5/mean: 7.176e-02
cov**0.5/mean: 7.272e-02
cov**0.5/mean: 6.871e-02
cov**0.5/mean: 7.205e-02
cov**0.5/mean: 7.151e-02
cov**0.5/mean: 6.854e-02
cov**0.5/mean: nan
cov**0.5/mean: 7.221e-02
cov**0.5/mean: 7.188e-02
cov**0.5/mean: 6.999e-02
cov**0.5/mean: 6.315e-02
cov**0.5/mean: 6.638e-02
cov**0.5/mean: 7.172e-02
cov**0.5/mean: 6.392e-02
cov**0.5/mean: 7.229e-02
cov**0.5/mean: 7.369e-02
cov**0.5/mean: 7.186e-02
cov**0.5/mean: 6.917e-02
cov**0.5/mean: 7.114e-02
cov**0.5/mean: 7.215e-02
cov**0.5/mean: nan
cov**0.5/mean: 7.720e-02
cov**0.5/mean: 7.146e-02
cov**0.5/mean: 7.232e-02
cov**0.5/mean: 7.459e-02
cov**0.5/mean: 7.047e-02
cov**0.5/mean: 6.593e-02
cov**0.5/mean: nan
cov**0.5/mean: 6.944e-02
cov**0.5/mean: 7.157e-02
cov**0.5/mean: 7.095e-02
cov**0.5/mean: 7.105e-02
cov**0.5/mean: 6.935e-02
cov**0.5/mean: 7.345e-02
cov**0.5/mean: nan
cov**0.5/mean: 6.643e-02
cov**0.5/mean: 6.811e-02
cov**0.5/mean: 7.654e-02
cov**0.5/mean: 7.292e-02
cov**0.5/mean: 7.387e-02
cov**0.5/mean: 7.567e-02
cov**0.5/mean: 7.174e-02
cov**0.5/mean: nan
cov**0.5/mean: 7.602e-02
cov**0.5/mean: 7.203e-02
cov**0.5/mean: 7.185e-02
cov**0.5/mean: nan
cov**0.5/mean: 6.804e-02
cov**0.5/mean: 6.975e-02
cov**0.5/mean: 7.209e-02
cov**0.5/mean: 7.535e-02
cov**0.5/mean: 7.102e-02
cov**0.5/mean: 6.971e-02
cov**0.5/mean: 7.112e-02
cov**0.5/mean: 7.715e-02
cov**0.5/mean: 6.616e-02
cov**0.5/mean: 7.157e-02
cov**0.5/mean: 6.832e-02
cov**0.5/mean: 6.745e-02
cov**0.5/mean: 6.997e-02
cov**0.5/mean: 7.251e-02
cov**0.5/mean: 7.179e-02
cov**0.5/mean: 7.145e-02
cov**0.5/mean: 6.376e-02
cov**0.5/mean: 7.647e-02
cov**0.5/mean: 7.280e-02
cov**0.5/mean: 6.970e-02
cov**0.5/mean: 6.823e-02
cov**0.5/mean: 7.036e-02
cov**0.5/mean: 7.033e-02
cov**0.5/mean: 7.424e-02
cov**0.5/mean: 7.197e-02
cov**0.5/mean: 7.305e-02
cov**0.5/mean: 6.937e-02
cov**0.5/mean: 6.645e-02
cov**0.5/mean: 6.980e-02
cov**0.5/mean: 7.256e-02
cov**0.5/mean: 6.667e-02
cov**0.5/mean: 7.059e-02
cov**0.5/mean: nan
cov**0.5/mean: 7.637e-02
cov**0.5/mean: 6.666e-02
cov**0.5/mean: 7.211e-02
cov**0.5/mean: 7.219e-02
cov**0.5/mean: 6.050e-02
cov**0.5/mean: nan
cov**0.5/mean: 6.938e-02
cov**0.5/mean: nan
cov**0.5/mean: 7.088e-02
cov**0.5/mean: 7.166e-02
cov**0.5/mean: 7.324e-02
cov**0.5/mean: 7.439e-02
cov**0.5/mean: 6.726e-02
cov**0.5/mean: 7.038e-02
cov**0.5/mean: 7.596e-02
cov**0.5/mean: 7.225e-02
cov**0.5/mean: 7.173e-02
cov**0.5/mean: 6.846e-02
cov**0.5/mean: 7.058e-02
cov**0.5/mean: 6.737e-02
cov**0.5/mean: 6.871e-02
cov**0.5/mean: 6.476e-02
cov**0.5/mean: 6.377e-02
cov**0.5/mean: 6.489e-02
cov**0.5/mean: 7.294e-02
cov**0.5/mean: 7.293e-02
cov**0.5/mean: 6.885e-02
cov**0.5/mean: 7.277e-02
cov**0.5/mean: 6.110e-02
cov**0.5/mean: 7.335e-02
cov**0.5/mean: 7.214e-02
cov**0.5/mean: 7.023e-02
cov**0.5/mean: 7.271e-02
cov**0.5/mean: 7.171e-02
cov**0.5/mean: 6.946e-02
cov**0.5/mean: 6.714e-02
cov**0.5/mean: 7.329e-02
cov**0.5/mean: 6.749e-02
cov**0.5/mean: 6.373e-02
cov**0.5/mean: 7.258e-02
cov**0.5/mean: 6.694e-02
cov**0.5/mean: 7.154e-02
cov**0.5/mean: 7.109e-02
cov**0.5/mean: 6.653e-02
cov**0.5/mean: 7.471e-02
cov**0.5/mean: 7.069e-02
cov**0.5/mean: 6.966e-02
cov**0.5/mean: 6.908e-02
cov**0.5/mean: 7.666e-02
cov**0.5/mean: 6.926e-02
cov**0.5/mean: 7.416e-02
cov**0.5/mean: nan
cov**0.5/mean: 7.462e-02
cov**0.5/mean: 7.799e-02
cov**0.5/mean: nan
cov**0.5/mean: 7.115e-02
cov**0.5/mean: 7.709e-02
cov**0.5/mean: 7.268e-02
cov**0.5/mean: 6.238e-02
cov**0.5/mean: 7.351e-02
cov**0.5/mean: nan
cov**0.5/mean: 7.183e-02
cov**0.5/mean: 7.461e-02
cov**0.5/mean: 7.293e-02
cov**0.5/mean: 7.554e-02
cov**0.5/mean: 6.405e-02
cov**0.5/mean: 6.862e-02
cov**0.5/mean: 7.537e-02
cov**0.5/mean: 7.357e-02
cov**0.5/mean: 7.000e-02
cov**0.5/mean: 7.244e-02
cov**0.5/mean: 7.268e-02
cov**0.5/mean: 7.177e-02
cov**0.5/mean: 7.747e-02
cov**0.5/mean: 7.065e-02
cov**0.5/mean: 7.025e-02
cov**0.5/mean: 7.080e-02
cov**0.5/mean: nan
cov**0.5/mean: 6.718e-02
cov**0.5/mean: 6.881e-02
cov**0.5/mean: 7.134e-02
cov**0.5/mean: 6.938e-02
cov**0.5/mean: 7.310e-02
cov**0.5/mean: 7.457e-02
cov**0.5/mean: 7.183e-02
cov**0.5/mean: 6.690e-02
cov**0.5/mean: 9.137e-02
cov**0.5/mean: 7.439e-02
cov**0.5/mean: 6.992e-02
cov**0.5/mean: 6.599e-02
cov**0.5/mean: 6.605e-02
cov**0.5/mean: 8.024e-02
cov**0.5/mean: 7.721e-02
cov**0.5/mean: 7.368e-02
cov**0.5/mean: 6.959e-02
cov**0.5/mean: 7.586e-02
cov**0.5/mean: 7.287e-02
cov**0.5/mean: 7.188e-02
cov**0.5/mean: 7.262e-02
cov**0.5/mean: 7.297e-02
cov**0.5/mean: 7.128e-02
cov**0.5/mean: 7.218e-02
cov**0.5/mean: 7.386e-02
cov**0.5/mean: 7.310e-02
cov**0.5/mean: 6.169e-02
cov**0.5/mean: 6.930e-02
cov**0.5/mean: 7.498e-02
cov**0.5/mean: 7.492e-02
cov**0.5/mean: 6.811e-02
cov**0.5/mean: 6.818e-02
cov**0.5/mean: nan
cov**0.5/mean: 6.745e-02
cov**0.5/mean: 8.284e-02
cov**0.5/mean: 7.526e-02
cov**0.5/mean: 7.358e-02
cov**0.5/mean: 6.862e-02
cov**0.5/mean: 6.920e-02
cov**0.5/mean: 6.776e-02
cov**0.5/mean: nan
cov**0.5/mean: 6.957e-02
cov**0.5/mean: 7.310e-02
cov**0.5/mean: 6.767e-02
cov**0.5/mean: 7.722e-02
cov**0.5/mean: 6.419e-02
cov**0.5/mean: nan
cov**0.5/mean: 7.271e-02
cov**0.5/mean: 7.148e-02
cov**0.5/mean: nan
cov**0.5/mean: 7.271e-02
cov**0.5/mean: 6.232e-02
cov**0.5/mean: 6.573e-02
cov**0.5/mean: 7.007e-02
cov**0.5/mean: 7.399e-02
cov**0.5/mean: 7.354e-02
cov**0.5/mean: 7.285e-02
cov**0.5/mean: 7.110e-02
cov**0.5/mean: 6.775e-02
cov**0.5/mean: nan
cov**0.5/mean: nan
cov**0.5/mean: 7.065e-02
cov**0.5/mean: 6.862e-02
cov**0.5/mean: 7.099e-02
cov**0.5/mean: 6.552e-02
cov**0.5/mean: 6.945e-02
cov**0.5/mean: 7.300e-02
cov**0.5/mean: 7.279e-02
cov**0.5/mean: 7.566e-02
cov**0.5/mean: 7.194e-02
cov**0.5/mean: 7.395e-02
cov**0.5/mean: 7.179e-02
cov**0.5/mean: 7.225e-02
cov**0.5/mean: 7.213e-02
cov**0.5/mean: 7.399e-02
cov**0.5/mean: 6.942e-02
cov**0.5/mean: 7.408e-02
cov**0.5/mean: 7.096e-02
cov**0.5/mean: 7.106e-02
cov**0.5/mean: 6.858e-02
cov**0.5/mean: 7.204e-02
cov**0.5/mean: 7.337e-02
cov**0.5/mean: 7.312e-02
cov**0.5/mean: 6.347e-02
cov**0.5/mean: 6.501e-02
cov**0.5/mean: 7.129e-02
cov**0.5/mean: 7.469e-02
cov**0.5/mean: nan
cov**0.5/mean: 7.225e-02
cov**0.5/mean: 7.296e-02
cov**0.5/mean: 7.205e-02
cov**0.5/mean: 7.214e-02
cov**0.5/mean: 6.446e-02
cov**0.5/mean: 6.832e-02
cov**0.5/mean: 7.473e-02
cov**0.5/mean: 7.399e-02
cov**0.5/mean: nan
cov**0.5/mean: 7.103e-02
cov**0.5/mean: nan
cov**0.5/mean: 7.413e-02
cov**0.5/mean: 7.124e-02
cov**0.5/mean: 7.006e-02
cov**0.5/mean: 6.925e-02
cov**0.5/mean: 6.871e-02
cov**0.5/mean: 8.424e-02
cov**0.5/mean: 6.712e-02
cov**0.5/mean: 7.032e-02
cov**0.5/mean: 6.879e-02
cov**0.5/mean: 6.765e-02
cov**0.5/mean: nan
cov**0.5/mean: nan
cov**0.5/mean: 7.060e-02
cov**0.5/mean: 6.920e-02
cov**0.5/mean: 6.906e-02
cov**0.5/mean: 7.286e-02
cov**0.5/mean: 7.776e-02
cov**0.5/mean: 7.212e-02
cov**0.5/mean: 7.274e-02
cov**0.5/mean: nan
cov**0.5/mean: 8.361e-02
cov**0.5/mean: 7.130e-02
cov**0.5/mean: 7.278e-02
cov**0.5/mean: 6.747e-02
cov**0.5/mean: 7.098e-02
cov**0.5/mean: 6.262e-02
cov**0.5/mean: 5.926e-02
cov**0.5/mean: 6.778e-02
cov**0.5/mean: 6.040e-02
cov**0.5/mean: 6.432e-02
cov**0.5/mean: 7.323e-02
cov**0.5/mean: 6.769e-02
cov**0.5/mean: nan
cov**0.5/mean: 7.059e-02
cov**0.5/mean: 7.050e-02
cov**0.5/mean: nan
cov**0.5/mean: 7.556e-02
cov**0.5/mean: 7.754e-02
cov**0.5/mean: 6.159e-02
cov**0.5/mean: 7.097e-02
cov**0.5/mean: 6.981e-02
cov**0.5/mean: 6.623e-02
cov**0.5/mean: 6.713e-02
cov**0.5/mean: 7.254e-02
cov**0.5/mean: 7.582e-02
cov**0.5/mean: 7.731e-02
cov**0.5/mean: 7.539e-02
cov**0.5/mean: 7.162e-02
cov**0.5/mean: nan
cov**0.5/mean: 7.265e-02
cov**0.5/mean: 7.194e-02
cov**0.5/mean: 7.275e-02
cov**0.5/mean: nan
cov**0.5/mean: 6.851e-02
cov**0.5/mean: nan
cov**0.5/mean: 7.082e-02
cov**0.5/mean: nan
cov**0.5/mean: nan
cov**0.5/mean: 6.908e-02
cov**0.5/mean: 7.393e-02
cov**0.5/mean: 7.066e-02
cov**0.5/mean: 6.121e-02
cov**0.5/mean: 7.209e-02
cov**0.5/mean: 6.468e-02
cov**0.5/mean: nan
cov**0.5/mean: 7.366e-02
cov**0.5/mean: 7.636e-02
cov**0.5/mean: 7.188e-02
cov**0.5/mean: 6.766e-02
cov**0.5/mean: 7.463e-02
cov**0.5/mean: 7.157e-02
cov**0.5/mean: 6.613e-02
cov**0.5/mean: 7.120e-02
cov**0.5/mean: 6.766e-02
cov**0.5/mean: 7.222e-02
cov**0.5/mean: 7.205e-02
cov**0.5/mean: nan
cov**0.5/mean: nan
cov**0.5/mean: 6.779e-02
cov**0.5/mean: 7.093e-02
cov**0.5/mean: 6.796e-02
cov**0.5/mean: 7.314e-02
cov**0.5/mean: 6.740e-02
cov**0.5/mean: 7.078e-02
cov**0.5/mean: nan
cov**0.5/mean: 6.962e-02
cov**0.5/mean: 7.283e-02
cov**0.5/mean: 7.063e-02
cov**0.5/mean: 7.762e-02
cov**0.5/mean: 6.400e-02
cov**0.5/mean: 7.193e-02
cov**0.5/mean: 7.049e-02
cov**0.5/mean: 6.606e-02
cov**0.5/mean: 6.906e-02
cov**0.5/mean: 6.760e-02
cov**0.5/mean: 6.793e-02
cov**0.5/mean: 9.023e-02
cov**0.5/mean: 7.200e-02
cov**0.5/mean: 6.940e-02
cov**0.5/mean: 6.866e-02
cov**0.5/mean: 7.454e-02
cov**0.5/mean: 6.866e-02
cov**0.5/mean: 7.607e-02
cov**0.5/mean: 6.771e-02
cov**0.5/mean: nan
cov**0.5/mean: 6.311e-02
cov**0.5/mean: 7.272e-02
cov**0.5/mean: 7.426e-02
cov**0.5/mean: 6.901e-02
cov**0.5/mean: 6.665e-02
cov**0.5/mean: 9.281e-02
cov**0.5/mean: 7.497e-02
cov**0.5/mean: 7.176e-02
cov**0.5/mean: 7.160e-02
cov**0.5/mean: 8.342e-02
cov**0.5/mean: 7.576e-02
cov**0.5/mean: nan
cov**0.5/mean: 6.391e-02
cov**0.5/mean: 7.059e-02
cov**0.5/mean: 6.951e-02
cov**0.5/mean: 6.714e-02
cov**0.5/mean: 8.640e-02
cov**0.5/mean: 6.991e-02
cov**0.5/mean: 6.896e-02
cov**0.5/mean: 7.089e-02
cov**0.5/mean: 7.248e-02
cov**0.5/mean: 6.834e-02
cov**0.5/mean: 6.771e-02
cov**0.5/mean: 7.029e-02
cov**0.5/mean: 7.416e-02
cov**0.5/mean: 7.219e-02
cov**0.5/mean: 7.593e-02
cov**0.5/mean: 7.191e-02
cov**0.5/mean: 8.256e-02
cov**0.5/mean: 7.649e-02
cov**0.5/mean: 7.005e-02
cov**0.5/mean: 7.032e-02
cov**0.5/mean: 6.951e-02
cov**0.5/mean: 6.993e-02
  Step 8000/10000, Time: 5.5s, Acceptance: nan
cov**0.5/mean: 7.338e-02
cov**0.5/mean: nan
cov**0.5/mean: 7.329e-02
cov**0.5/mean: 7.259e-02
cov**0.5/mean: 6.754e-02
cov**0.5/mean: 7.292e-02
cov**0.5/mean: 7.261e-02
cov**0.5/mean: 7.330e-02
cov**0.5/mean: 7.048e-02
cov**0.5/mean: 7.557e-02
cov**0.5/mean: 7.870e-02
cov**0.5/mean: 6.964e-02
cov**0.5/mean: 8.215e-02
cov**0.5/mean: nan
cov**0.5/mean: 6.571e-02
cov**0.5/mean: nan
cov**0.5/mean: 7.649e-02
cov**0.5/mean: nan
cov**0.5/mean: nan
cov**0.5/mean: 7.555e-02
cov**0.5/mean: 7.481e-02
cov**0.5/mean: 7.410e-02
cov**0.5/mean: 7.135e-02
cov**0.5/mean: 6.812e-02
cov**0.5/mean: nan
cov**0.5/mean: nan
cov**0.5/mean: 6.623e-02
cov**0.5/mean: 7.539e-02
cov**0.5/mean: 7.095e-02
cov**0.5/mean: 8.348e-02
cov**0.5/mean: 7.089e-02
cov**0.5/mean: 6.760e-02
cov**0.5/mean: 7.139e-02
cov**0.5/mean: 7.552e-02
cov**0.5/mean: 8.992e-02
cov**0.5/mean: 7.448e-02
cov**0.5/mean: 6.619e-02
cov**0.5/mean: 7.096e-02
cov**0.5/mean: 7.088e-02
cov**0.5/mean: 7.407e-02
cov**0.5/mean: 7.197e-02
cov**0.5/mean: 6.826e-02
cov**0.5/mean: 6.993e-02
cov**0.5/mean: 7.142e-02
cov**0.5/mean: 6.994e-02
cov**0.5/mean: 6.855e-02
cov**0.5/mean: 8.042e-02
cov**0.5/mean: 7.715e-02
cov**0.5/mean: 6.747e-02
cov**0.5/mean: 7.249e-02
cov**0.5/mean: 6.380e-02
cov**0.5/mean: 7.365e-02
cov**0.5/mean: 6.065e-02
cov**0.5/mean: 6.432e-02
cov**0.5/mean: 6.771e-02
cov**0.5/mean: 6.916e-02
cov**0.5/mean: 6.461e-02
cov**0.5/mean: 7.600e-02
cov**0.5/mean: 6.874e-02
cov**0.5/mean: 7.359e-02
cov**0.5/mean: 6.987e-02
cov**0.5/mean: 7.070e-02
cov**0.5/mean: 7.932e-02
cov**0.5/mean: 7.358e-02
cov**0.5/mean: 6.975e-02
cov**0.5/mean: 8.730e-02
cov**0.5/mean: 7.158e-02
cov**0.5/mean: 7.182e-02
cov**0.5/mean: 7.838e-02
cov**0.5/mean: 7.228e-02
cov**0.5/mean: 7.036e-02
cov**0.5/mean: 7.178e-02
cov**0.5/mean: 7.065e-02
cov**0.5/mean: 8.149e-02
cov**0.5/mean: 7.177e-02
cov**0.5/mean: 7.506e-02
cov**0.5/mean: 6.859e-02
cov**0.5/mean: 6.847e-02
cov**0.5/mean: 7.251e-02
cov**0.5/mean: 6.824e-02
cov**0.5/mean: 7.327e-02
cov**0.5/mean: 7.193e-02
cov**0.5/mean: 6.882e-02
cov**0.5/mean: 7.841e-02
cov**0.5/mean: 8.530e-02
cov**0.5/mean: nan
cov**0.5/mean: 7.311e-02
cov**0.5/mean: 6.856e-02
cov**0.5/mean: 6.793e-02
cov**0.5/mean: 7.658e-02
cov**0.5/mean: 7.432e-02
cov**0.5/mean: 7.180e-02
cov**0.5/mean: 7.002e-02
cov**0.5/mean: 7.237e-02
cov**0.5/mean: 7.443e-02
cov**0.5/mean: 7.239e-02
cov**0.5/mean: 7.268e-02
cov**0.5/mean: 7.370e-02
cov**0.5/mean: 6.892e-02
cov**0.5/mean: 7.487e-02
cov**0.5/mean: 6.433e-02
cov**0.5/mean: 6.744e-02
cov**0.5/mean: 7.551e-02
cov**0.5/mean: 6.724e-02
cov**0.5/mean: 6.751e-02
cov**0.5/mean: 7.016e-02
cov**0.5/mean: 6.487e-02
cov**0.5/mean: 6.621e-02
cov**0.5/mean: 7.326e-02
cov**0.5/mean: 7.338e-02
cov**0.5/mean: 7.171e-02
cov**0.5/mean: 7.521e-02
cov**0.5/mean: 6.785e-02
cov**0.5/mean: 7.293e-02
cov**0.5/mean: 6.477e-02
cov**0.5/mean: 7.067e-02
cov**0.5/mean: 6.474e-02
cov**0.5/mean: 7.150e-02
cov**0.5/mean: nan
cov**0.5/mean: 7.246e-02
cov**0.5/mean: 6.866e-02
cov**0.5/mean: 7.228e-02
cov**0.5/mean: 6.279e-02
cov**0.5/mean: 6.330e-02
cov**0.5/mean: 7.363e-02
cov**0.5/mean: 7.475e-02
cov**0.5/mean: 7.165e-02
cov**0.5/mean: 8.335e-02
cov**0.5/mean: 7.151e-02
cov**0.5/mean: 6.559e-02
cov**0.5/mean: 7.214e-02
cov**0.5/mean: 6.417e-02
cov**0.5/mean: 7.358e-02
cov**0.5/mean: 7.168e-02
cov**0.5/mean: 6.900e-02
cov**0.5/mean: 7.157e-02
cov**0.5/mean: 6.382e-02
cov**0.5/mean: 6.031e-02
cov**0.5/mean: 7.501e-02
cov**0.5/mean: 7.158e-02
cov**0.5/mean: 7.102e-02
cov**0.5/mean: 7.342e-02
cov**0.5/mean: 7.350e-02
cov**0.5/mean: 7.265e-02
cov**0.5/mean: 7.220e-02
cov**0.5/mean: 7.428e-02
cov**0.5/mean: 6.701e-02
cov**0.5/mean: 7.153e-02
cov**0.5/mean: 7.450e-02
cov**0.5/mean: 7.109e-02
cov**0.5/mean: 6.755e-02
cov**0.5/mean: 7.063e-02
cov**0.5/mean: 7.094e-02
cov**0.5/mean: 7.152e-02
cov**0.5/mean: nan
cov**0.5/mean: 7.118e-02
cov**0.5/mean: 7.454e-02
cov**0.5/mean: 7.066e-02
cov**0.5/mean: 7.080e-02
cov**0.5/mean: 7.122e-02
cov**0.5/mean: 6.815e-02
cov**0.5/mean: 8.605e-02
cov**0.5/mean: 7.312e-02
cov**0.5/mean: 7.282e-02
cov**0.5/mean: 8.132e-02
cov**0.5/mean: 7.200e-02
cov**0.5/mean: nan
cov**0.5/mean: 7.251e-02
cov**0.5/mean: 7.535e-02
cov**0.5/mean: 6.791e-02
cov**0.5/mean: 6.653e-02
cov**0.5/mean: 8.016e-02
cov**0.5/mean: 7.198e-02
cov**0.5/mean: nan
cov**0.5/mean: 7.087e-02
cov**0.5/mean: 7.118e-02
cov**0.5/mean: 6.731e-02
cov**0.5/mean: 6.292e-02
cov**0.5/mean: 7.419e-02
cov**0.5/mean: 7.125e-02
cov**0.5/mean: nan
cov**0.5/mean: 7.231e-02
cov**0.5/mean: 7.281e-02
cov**0.5/mean: 6.485e-02
cov**0.5/mean: 7.022e-02
cov**0.5/mean: 7.219e-02
cov**0.5/mean: 7.130e-02
cov**0.5/mean: 6.852e-02
cov**0.5/mean: 7.545e-02
cov**0.5/mean: 7.283e-02
cov**0.5/mean: 7.319e-02
cov**0.5/mean: 7.439e-02
cov**0.5/mean: 7.219e-02
cov**0.5/mean: 7.420e-02
cov**0.5/mean: 6.029e-02
cov**0.5/mean: 7.331e-02
cov**0.5/mean: 6.770e-02
cov**0.5/mean: 7.140e-02
cov**0.5/mean: 7.174e-02
cov**0.5/mean: 6.607e-02
cov**0.5/mean: 6.783e-02
cov**0.5/mean: 7.177e-02
cov**0.5/mean: 7.460e-02
cov**0.5/mean: 7.227e-02
cov**0.5/mean: 7.340e-02
cov**0.5/mean: nan
cov**0.5/mean: 7.273e-02
cov**0.5/mean: 7.342e-02
cov**0.5/mean: 7.246e-02
cov**0.5/mean: 7.528e-02
cov**0.5/mean: 7.259e-02
cov**0.5/mean: 7.311e-02
cov**0.5/mean: 6.811e-02
cov**0.5/mean: 7.016e-02
cov**0.5/mean: 6.704e-02
cov**0.5/mean: 7.064e-02
cov**0.5/mean: 7.165e-02
cov**0.5/mean: 7.386e-02
cov**0.5/mean: nan
cov**0.5/mean: 6.933e-02
cov**0.5/mean: nan
cov**0.5/mean: 7.554e-02
cov**0.5/mean: 7.153e-02
cov**0.5/mean: nan
cov**0.5/mean: 6.892e-02
cov**0.5/mean: 7.332e-02
cov**0.5/mean: 6.080e-02
cov**0.5/mean: 7.103e-02
cov**0.5/mean: 6.050e-02
cov**0.5/mean: 7.733e-02
cov**0.5/mean: 7.451e-02
cov**0.5/mean: 6.983e-02
cov**0.5/mean: 7.676e-02
cov**0.5/mean: nan
cov**0.5/mean: 6.926e-02
cov**0.5/mean: 8.286e-02
cov**0.5/mean: 8.406e-02
cov**0.5/mean: 6.889e-02
cov**0.5/mean: nan
cov**0.5/mean: 6.943e-02
cov**0.5/mean: 6.896e-02
cov**0.5/mean: 6.657e-02
cov**0.5/mean: 6.809e-02
cov**0.5/mean: 6.292e-02
cov**0.5/mean: 6.921e-02
cov**0.5/mean: 5.781e-02
cov**0.5/mean: nan
cov**0.5/mean: 6.778e-02
cov**0.5/mean: 6.670e-02
cov**0.5/mean: 6.374e-02
cov**0.5/mean: 6.495e-02
cov**0.5/mean: 6.504e-02
cov**0.5/mean: 6.153e-02
cov**0.5/mean: 6.404e-02
cov**0.5/mean: 7.157e-02
cov**0.5/mean: 7.100e-02
cov**0.5/mean: 6.565e-02
cov**0.5/mean: 7.119e-02
cov**0.5/mean: 7.553e-02
cov**0.5/mean: 8.394e-02
cov**0.5/mean: 7.475e-02
cov**0.5/mean: 7.785e-02
cov**0.5/mean: 7.156e-02
cov**0.5/mean: 6.977e-02
cov**0.5/mean: 7.209e-02
cov**0.5/mean: 6.740e-02
cov**0.5/mean: 7.294e-02
cov**0.5/mean: 7.229e-02
cov**0.5/mean: 7.623e-02
cov**0.5/mean: 7.686e-02
cov**0.5/mean: 7.150e-02
cov**0.5/mean: 7.709e-02
cov**0.5/mean: 7.453e-02
cov**0.5/mean: 7.783e-02
cov**0.5/mean: 7.373e-02
cov**0.5/mean: 7.295e-02
cov**0.5/mean: 7.046e-02
cov**0.5/mean: 6.331e-02
cov**0.5/mean: 7.098e-02
cov**0.5/mean: nan
cov**0.5/mean: 7.273e-02
cov**0.5/mean: 6.658e-02
cov**0.5/mean: 7.230e-02
cov**0.5/mean: nan
cov**0.5/mean: 6.876e-02
cov**0.5/mean: 7.226e-02
cov**0.5/mean: 7.353e-02
cov**0.5/mean: 7.168e-02
cov**0.5/mean: 6.986e-02
cov**0.5/mean: 6.991e-02
cov**0.5/mean: 6.932e-02
cov**0.5/mean: 7.366e-02
cov**0.5/mean: 6.940e-02
cov**0.5/mean: nan
cov**0.5/mean: 7.278e-02
cov**0.5/mean: 7.342e-02
cov**0.5/mean: 7.200e-02
cov**0.5/mean: 7.063e-02
cov**0.5/mean: nan
cov**0.5/mean: 7.220e-02
cov**0.5/mean: 7.378e-02
cov**0.5/mean: 7.337e-02
cov**0.5/mean: 6.613e-02
cov**0.5/mean: 7.580e-02
cov**0.5/mean: 7.426e-02
cov**0.5/mean: 6.725e-02
cov**0.5/mean: 7.783e-02
cov**0.5/mean: 7.476e-02
cov**0.5/mean: nan
cov**0.5/mean: 7.518e-02
cov**0.5/mean: nan
cov**0.5/mean: 6.729e-02
cov**0.5/mean: 7.178e-02
cov**0.5/mean: 7.633e-02
cov**0.5/mean: 7.234e-02
cov**0.5/mean: 7.069e-02
cov**0.5/mean: 6.875e-02
cov**0.5/mean: 7.451e-02
cov**0.5/mean: 6.170e-02
cov**0.5/mean: 7.091e-02
cov**0.5/mean: 7.334e-02
cov**0.5/mean: 7.308e-02
cov**0.5/mean: nan
cov**0.5/mean: 7.078e-02
cov**0.5/mean: nan
cov**0.5/mean: 7.220e-02
cov**0.5/mean: 6.888e-02
cov**0.5/mean: nan
cov**0.5/mean: 7.132e-02
cov**0.5/mean: 6.782e-02
cov**0.5/mean: 7.265e-02
cov**0.5/mean: 7.171e-02
cov**0.5/mean: 7.638e-02
cov**0.5/mean: 7.947e-02
cov**0.5/mean: 7.111e-02
cov**0.5/mean: 7.496e-02
cov**0.5/mean: 7.193e-02
cov**0.5/mean: 6.931e-02
cov**0.5/mean: 7.516e-02
cov**0.5/mean: 7.145e-02
cov**0.5/mean: 7.172e-02
cov**0.5/mean: 7.061e-02
cov**0.5/mean: 7.163e-02
cov**0.5/mean: 7.363e-02
cov**0.5/mean: 6.853e-02
cov**0.5/mean: 6.367e-02
cov**0.5/mean: 7.060e-02
cov**0.5/mean: 7.427e-02
cov**0.5/mean: 7.451e-02
cov**0.5/mean: 6.529e-02
cov**0.5/mean: 7.417e-02
cov**0.5/mean: 7.525e-02
cov**0.5/mean: 7.441e-02
cov**0.5/mean: 6.480e-02
cov**0.5/mean: 7.081e-02
cov**0.5/mean: 7.118e-02
cov**0.5/mean: 6.941e-02
cov**0.5/mean: 7.137e-02
cov**0.5/mean: 6.924e-02
cov**0.5/mean: 6.762e-02
cov**0.5/mean: 7.370e-02
cov**0.5/mean: 7.147e-02
cov**0.5/mean: 7.313e-02
cov**0.5/mean: 8.370e-02
cov**0.5/mean: 7.224e-02
cov**0.5/mean: 7.445e-02
cov**0.5/mean: nan
cov**0.5/mean: 6.936e-02
cov**0.5/mean: nan
cov**0.5/mean: 7.138e-02
cov**0.5/mean: 7.295e-02
cov**0.5/mean: nan
cov**0.5/mean: nan
cov**0.5/mean: 5.642e-02
cov**0.5/mean: 6.934e-02
cov**0.5/mean: 7.218e-02
cov**0.5/mean: 6.709e-02
cov**0.5/mean: 7.417e-02
cov**0.5/mean: 6.301e-02
cov**0.5/mean: 6.938e-02
cov**0.5/mean: 7.193e-02
cov**0.5/mean: 7.730e-02
cov**0.5/mean: 7.254e-02
cov**0.5/mean: 7.430e-02
cov**0.5/mean: 6.128e-02
cov**0.5/mean: 7.395e-02
cov**0.5/mean: 7.084e-02
cov**0.5/mean: 6.735e-02
cov**0.5/mean: 6.933e-02
cov**0.5/mean: 7.147e-02
cov**0.5/mean: 7.426e-02
cov**0.5/mean: 7.384e-02
cov**0.5/mean: 7.136e-02
cov**0.5/mean: 7.319e-02
cov**0.5/mean: 7.565e-02
cov**0.5/mean: 7.313e-02
cov**0.5/mean: 7.039e-02
cov**0.5/mean: 7.431e-02
cov**0.5/mean: 7.550e-02
cov**0.5/mean: 7.208e-02
cov**0.5/mean: 6.708e-02
cov**0.5/mean: 6.508e-02
cov**0.5/mean: 7.021e-02
cov**0.5/mean: 7.112e-02
cov**0.5/mean: 6.664e-02
cov**0.5/mean: 7.349e-02
cov**0.5/mean: nan
cov**0.5/mean: nan
cov**0.5/mean: 6.928e-02
cov**0.5/mean: 7.047e-02
cov**0.5/mean: 6.802e-02
cov**0.5/mean: 6.841e-02
cov**0.5/mean: nan
cov**0.5/mean: 7.120e-02
cov**0.5/mean: 6.522e-02
cov**0.5/mean: 7.183e-02
cov**0.5/mean: 7.184e-02
cov**0.5/mean: 7.386e-02
cov**0.5/mean: 7.031e-02
cov**0.5/mean: 6.666e-02
cov**0.5/mean: 8.376e-02
cov**0.5/mean: nan
cov**0.5/mean: nan
cov**0.5/mean: 7.302e-02
cov**0.5/mean: 7.183e-02
cov**0.5/mean: 7.094e-02
cov**0.5/mean: 7.027e-02
cov**0.5/mean: 7.154e-02
cov**0.5/mean: 7.607e-02
cov**0.5/mean: nan
cov**0.5/mean: 7.446e-02
cov**0.5/mean: 7.114e-02
cov**0.5/mean: 7.018e-02
cov**0.5/mean: 7.463e-02
cov**0.5/mean: 6.903e-02
cov**0.5/mean: 6.840e-02
cov**0.5/mean: nan
cov**0.5/mean: 7.216e-02
cov**0.5/mean: 7.246e-02
cov**0.5/mean: 7.144e-02
cov**0.5/mean: 7.404e-02
cov**0.5/mean: 7.328e-02
cov**0.5/mean: 6.925e-02
cov**0.5/mean: 6.982e-02
cov**0.5/mean: 7.246e-02
cov**0.5/mean: 7.104e-02
cov**0.5/mean: 6.779e-02
cov**0.5/mean: 7.066e-02
cov**0.5/mean: 6.209e-02
cov**0.5/mean: 6.620e-02
cov**0.5/mean: 6.567e-02
cov**0.5/mean: 7.290e-02
cov**0.5/mean: 6.399e-02
cov**0.5/mean: 7.465e-02
cov**0.5/mean: 6.492e-02
cov**0.5/mean: 7.079e-02
cov**0.5/mean: 7.258e-02
cov**0.5/mean: 6.801e-02
cov**0.5/mean: 6.573e-02
cov**0.5/mean: 7.267e-02
cov**0.5/mean: 7.136e-02
cov**0.5/mean: 6.807e-02
cov**0.5/mean: 7.128e-02
cov**0.5/mean: nan
cov**0.5/mean: nan
cov**0.5/mean: nan
cov**0.5/mean: 7.168e-02
cov**0.5/mean: 7.417e-02
cov**0.5/mean: 7.344e-02
cov**0.5/mean: 8.278e-02
cov**0.5/mean: 7.135e-02
cov**0.5/mean: 6.774e-02
cov**0.5/mean: nan
cov**0.5/mean: nan
cov**0.5/mean: 7.276e-02
cov**0.5/mean: 6.629e-02
cov**0.5/mean: 7.179e-02
cov**0.5/mean: nan
cov**0.5/mean: 7.029e-02
cov**0.5/mean: 6.754e-02
cov**0.5/mean: 7.081e-02
cov**0.5/mean: 7.081e-02
cov**0.5/mean: 7.118e-02
cov**0.5/mean: 7.170e-02
cov**0.5/mean: 7.054e-02
cov**0.5/mean: 7.063e-02
cov**0.5/mean: 6.676e-02
cov**0.5/mean: 7.355e-02
cov**0.5/mean: 7.140e-02
cov**0.5/mean: nan
cov**0.5/mean: 7.213e-02
cov**0.5/mean: 6.766e-02
cov**0.5/mean: 7.138e-02
cov**0.5/mean: 7.438e-02
cov**0.5/mean: 6.928e-02
cov**0.5/mean: 6.743e-02
cov**0.5/mean: 7.196e-02
cov**0.5/mean: 6.387e-02
cov**0.5/mean: 7.342e-02
cov**0.5/mean: 7.291e-02
cov**0.5/mean: 7.100e-02
cov**0.5/mean: 7.073e-02
cov**0.5/mean: 6.955e-02
cov**0.5/mean: 7.560e-02
cov**0.5/mean: 6.910e-02
cov**0.5/mean: 7.202e-02
cov**0.5/mean: 7.229e-02
cov**0.5/mean: 7.266e-02
cov**0.5/mean: 8.315e-02
cov**0.5/mean: 7.582e-02
cov**0.5/mean: 6.926e-02
cov**0.5/mean: 6.399e-02
cov**0.5/mean: 7.223e-02
cov**0.5/mean: 6.407e-02
cov**0.5/mean: 7.021e-02
cov**0.5/mean: nan
cov**0.5/mean: 7.453e-02
cov**0.5/mean: 7.752e-02
cov**0.5/mean: 7.087e-02
cov**0.5/mean: 7.227e-02
cov**0.5/mean: 7.185e-02
cov**0.5/mean: 7.234e-02
cov**0.5/mean: 6.657e-02
cov**0.5/mean: 7.051e-02
cov**0.5/mean: 7.049e-02
cov**0.5/mean: 7.221e-02
cov**0.5/mean: 7.170e-02
cov**0.5/mean: 7.651e-02
cov**0.5/mean: 7.442e-02
cov**0.5/mean: 7.329e-02
cov**0.5/mean: 7.458e-02
cov**0.5/mean: 7.180e-02
cov**0.5/mean: 7.372e-02
cov**0.5/mean: 6.705e-02
cov**0.5/mean: 7.057e-02
cov**0.5/mean: 6.859e-02
cov**0.5/mean: 6.157e-02
cov**0.5/mean: 7.161e-02
cov**0.5/mean: 6.847e-02
cov**0.5/mean: 7.145e-02
cov**0.5/mean: 6.824e-02
cov**0.5/mean: 7.585e-02
cov**0.5/mean: 7.448e-02
cov**0.5/mean: 7.242e-02
cov**0.5/mean: 7.586e-02
cov**0.5/mean: 7.726e-02
cov**0.5/mean: 8.017e-02
cov**0.5/mean: 7.631e-02
cov**0.5/mean: 7.298e-02
cov**0.5/mean: 6.960e-02
cov**0.5/mean: 6.457e-02
cov**0.5/mean: nan
cov**0.5/mean: 8.578e-02
cov**0.5/mean: 7.014e-02
cov**0.5/mean: 7.460e-02
cov**0.5/mean: 7.273e-02
cov**0.5/mean: 7.417e-02
cov**0.5/mean: 7.704e-02
cov**0.5/mean: 6.399e-02
cov**0.5/mean: 7.206e-02
cov**0.5/mean: 7.204e-02
cov**0.5/mean: 7.049e-02
cov**0.5/mean: 7.404e-02
cov**0.5/mean: 6.866e-02
cov**0.5/mean: 6.834e-02
cov**0.5/mean: 7.175e-02
cov**0.5/mean: 6.485e-02
cov**0.5/mean: 7.476e-02
cov**0.5/mean: 7.094e-02
cov**0.5/mean: 6.461e-02
cov**0.5/mean: 6.747e-02
cov**0.5/mean: 7.251e-02
cov**0.5/mean: 6.899e-02
cov**0.5/mean: 6.652e-02
cov**0.5/mean: 7.309e-02
cov**0.5/mean: nan
cov**0.5/mean: 7.019e-02
cov**0.5/mean: 7.059e-02
cov**0.5/mean: 6.740e-02
cov**0.5/mean: 7.583e-02
cov**0.5/mean: 6.762e-02
cov**0.5/mean: nan
cov**0.5/mean: 6.950e-02
cov**0.5/mean: 6.421e-02
cov**0.5/mean: 6.505e-02
cov**0.5/mean: 7.121e-02
cov**0.5/mean: 6.791e-02
cov**0.5/mean: 7.108e-02
cov**0.5/mean: 7.372e-02
cov**0.5/mean: 5.679e-02
cov**0.5/mean: 7.308e-02
cov**0.5/mean: 7.017e-02
cov**0.5/mean: 6.792e-02
cov**0.5/mean: nan
cov**0.5/mean: nan
cov**0.5/mean: nan
cov**0.5/mean: 7.061e-02
cov**0.5/mean: 7.744e-02
cov**0.5/mean: nan
cov**0.5/mean: 7.429e-02
cov**0.5/mean: 6.698e-02
cov**0.5/mean: 6.679e-02
cov**0.5/mean: 6.325e-02
cov**0.5/mean: 6.605e-02
cov**0.5/mean: 6.382e-02
cov**0.5/mean: 7.315e-02
cov**0.5/mean: 7.875e-02
cov**0.5/mean: 6.452e-02
cov**0.5/mean: 7.303e-02
cov**0.5/mean: 7.529e-02
cov**0.5/mean: 7.056e-02
cov**0.5/mean: 7.097e-02
cov**0.5/mean: 7.273e-02
cov**0.5/mean: 7.103e-02
cov**0.5/mean: nan
cov**0.5/mean: 6.819e-02
cov**0.5/mean: 6.887e-02
cov**0.5/mean: 6.961e-02
cov**0.5/mean: 7.082e-02
cov**0.5/mean: 6.643e-02
cov**0.5/mean: 7.160e-02
cov**0.5/mean: 7.210e-02
cov**0.5/mean: 7.132e-02
cov**0.5/mean: 7.058e-02
cov**0.5/mean: 6.988e-02
cov**0.5/mean: 7.183e-02
cov**0.5/mean: 6.380e-02
cov**0.5/mean: 7.014e-02
cov**0.5/mean: 7.156e-02
cov**0.5/mean: 7.377e-02
cov**0.5/mean: 6.248e-02
cov**0.5/mean: 6.791e-02
cov**0.5/mean: 7.463e-02
cov**0.5/mean: 6.720e-02
cov**0.5/mean: 7.008e-02
cov**0.5/mean: 6.820e-02
cov**0.5/mean: 7.175e-02
cov**0.5/mean: 7.450e-02
cov**0.5/mean: 7.298e-02
cov**0.5/mean: 7.337e-02
cov**0.5/mean: 7.042e-02
cov**0.5/mean: 7.026e-02
cov**0.5/mean: 7.466e-02
cov**0.5/mean: 7.722e-02
cov**0.5/mean: 7.192e-02
cov**0.5/mean: 8.749e-02
cov**0.5/mean: 7.290e-02
cov**0.5/mean: 8.087e-02
cov**0.5/mean: 7.197e-02
cov**0.5/mean: 7.392e-02
cov**0.5/mean: 7.283e-02
cov**0.5/mean: 6.866e-02
cov**0.5/mean: 6.232e-02
cov**0.5/mean: 6.731e-02
cov**0.5/mean: 6.958e-02
cov**0.5/mean: 7.549e-02
cov**0.5/mean: 7.404e-02
cov**0.5/mean: 7.691e-02
cov**0.5/mean: nan
cov**0.5/mean: 6.612e-02
cov**0.5/mean: nan
cov**0.5/mean: 6.487e-02
cov**0.5/mean: 6.073e-02
cov**0.5/mean: 6.854e-02
cov**0.5/mean: 6.469e-02
cov**0.5/mean: 5.885e-02
cov**0.5/mean: nan
cov**0.5/mean: 6.493e-02
cov**0.5/mean: 6.211e-02
cov**0.5/mean: 7.260e-02
cov**0.5/mean: 7.183e-02
cov**0.5/mean: 7.009e-02
cov**0.5/mean: 6.396e-02
cov**0.5/mean: 7.156e-02
cov**0.5/mean: 6.908e-02
cov**0.5/mean: 6.853e-02
cov**0.5/mean: 6.615e-02
cov**0.5/mean: 6.012e-02
cov**0.5/mean: 7.277e-02
cov**0.5/mean: 7.106e-02
cov**0.5/mean: 6.268e-02
cov**0.5/mean: 6.734e-02
cov**0.5/mean: 7.339e-02
cov**0.5/mean: 7.223e-02
cov**0.5/mean: 6.786e-02
cov**0.5/mean: 7.164e-02
cov**0.5/mean: 7.153e-02
cov**0.5/mean: 6.875e-02
cov**0.5/mean: 7.177e-02
cov**0.5/mean: 7.183e-02
cov**0.5/mean: 6.912e-02
cov**0.5/mean: 7.137e-02
cov**0.5/mean: nan
cov**0.5/mean: 6.359e-02
cov**0.5/mean: 8.586e-02
cov**0.5/mean: nan
cov**0.5/mean: 7.137e-02
cov**0.5/mean: 7.324e-02
cov**0.5/mean: 7.174e-02
cov**0.5/mean: 7.581e-02
cov**0.5/mean: 7.028e-02
cov**0.5/mean: 7.197e-02
cov**0.5/mean: 7.197e-02
cov**0.5/mean: 7.240e-02
cov**0.5/mean: 6.830e-02
cov**0.5/mean: 7.054e-02
cov**0.5/mean: 6.816e-02
cov**0.5/mean: 6.905e-02
cov**0.5/mean: 7.778e-02
cov**0.5/mean: 6.747e-02
cov**0.5/mean: 7.297e-02
cov**0.5/mean: 7.484e-02
cov**0.5/mean: 7.176e-02
cov**0.5/mean: 7.401e-02
cov**0.5/mean: 6.888e-02
cov**0.5/mean: 7.040e-02
cov**0.5/mean: 6.707e-02
cov**0.5/mean: 7.418e-02
cov**0.5/mean: 7.320e-02
cov**0.5/mean: 7.411e-02
cov**0.5/mean: 7.465e-02
cov**0.5/mean: nan
cov**0.5/mean: 7.405e-02
cov**0.5/mean: 7.527e-02
cov**0.5/mean: nan
cov**0.5/mean: 7.116e-02
cov**0.5/mean: nan
cov**0.5/mean: 7.472e-02
cov**0.5/mean: 6.818e-02
cov**0.5/mean: 7.003e-02
cov**0.5/mean: 6.058e-02
cov**0.5/mean: 7.361e-02
cov**0.5/mean: 7.250e-02
cov**0.5/mean: 7.403e-02
cov**0.5/mean: 7.218e-02
cov**0.5/mean: 7.299e-02
cov**0.5/mean: 7.128e-02
cov**0.5/mean: 7.349e-02
cov**0.5/mean: 7.418e-02
cov**0.5/mean: 6.381e-02
cov**0.5/mean: 7.602e-02
cov**0.5/mean: 6.798e-02
cov**0.5/mean: 7.591e-02
cov**0.5/mean: 7.032e-02
cov**0.5/mean: 8.364e-02
cov**0.5/mean: 8.108e-02
cov**0.5/mean: 7.501e-02
cov**0.5/mean: 7.417e-02
cov**0.5/mean: 7.189e-02
cov**0.5/mean: 7.074e-02
cov**0.5/mean: 6.608e-02
cov**0.5/mean: 7.181e-02
cov**0.5/mean: 7.054e-02
cov**0.5/mean: 7.412e-02
cov**0.5/mean: 6.598e-02
cov**0.5/mean: 6.763e-02
cov**0.5/mean: 7.270e-02
cov**0.5/mean: 6.824e-02
cov**0.5/mean: 6.367e-02
cov**0.5/mean: nan
cov**0.5/mean: 7.273e-02
cov**0.5/mean: 7.202e-02
cov**0.5/mean: 7.045e-02
cov**0.5/mean: 6.938e-02
cov**0.5/mean: 6.696e-02
cov**0.5/mean: 6.609e-02
cov**0.5/mean: nan
cov**0.5/mean: 6.865e-02
cov**0.5/mean: 6.998e-02
cov**0.5/mean: 6.508e-02
cov**0.5/mean: 8.240e-02
cov**0.5/mean: 7.535e-02
cov**0.5/mean: 7.076e-02
cov**0.5/mean: 6.391e-02
cov**0.5/mean: nan
cov**0.5/mean: 7.433e-02
cov**0.5/mean: 6.863e-02
cov**0.5/mean: 6.928e-02
cov**0.5/mean: 6.880e-02
cov**0.5/mean: 8.151e-02
cov**0.5/mean: 7.019e-02
cov**0.5/mean: nan
cov**0.5/mean: 7.744e-02
cov**0.5/mean: 7.032e-02
cov**0.5/mean: 6.736e-02
cov**0.5/mean: 8.327e-02
cov**0.5/mean: 6.214e-02
cov**0.5/mean: 7.622e-02
cov**0.5/mean: nan
cov**0.5/mean: 7.180e-02
cov**0.5/mean: 6.996e-02
cov**0.5/mean: 7.244e-02
cov**0.5/mean: 6.917e-02
cov**0.5/mean: 6.750e-02
cov**0.5/mean: 6.818e-02
cov**0.5/mean: 6.276e-02
cov**0.5/mean: 6.299e-02
cov**0.5/mean: 7.064e-02
cov**0.5/mean: 6.368e-02
cov**0.5/mean: 5.832e-02
cov**0.5/mean: 7.256e-02
cov**0.5/mean: 7.138e-02
cov**0.5/mean: 5.734e-02
cov**0.5/mean: 6.514e-02
cov**0.5/mean: nan
cov**0.5/mean: 6.351e-02
cov**0.5/mean: 7.256e-02
cov**0.5/mean: 7.148e-02
cov**0.5/mean: 6.536e-02
cov**0.5/mean: 6.203e-02
cov**0.5/mean: 7.043e-02
cov**0.5/mean: 6.217e-02
cov**0.5/mean: 7.196e-02
cov**0.5/mean: 7.120e-02
cov**0.5/mean: 6.704e-02
cov**0.5/mean: 7.104e-02
cov**0.5/mean: 7.170e-02
cov**0.5/mean: 7.084e-02
cov**0.5/mean: 6.759e-02
cov**0.5/mean: 7.548e-02
cov**0.5/mean: 7.341e-02
cov**0.5/mean: 6.800e-02
cov**0.5/mean: 7.389e-02
cov**0.5/mean: 7.551e-02
cov**0.5/mean: 7.378e-02
cov**0.5/mean: 7.129e-02
cov**0.5/mean: 7.077e-02
cov**0.5/mean: 7.317e-02
cov**0.5/mean: 6.785e-02
cov**0.5/mean: nan
cov**0.5/mean: 7.063e-02
cov**0.5/mean: 7.145e-02
cov**0.5/mean: 7.496e-02
cov**0.5/mean: 6.172e-02
cov**0.5/mean: 6.717e-02
cov**0.5/mean: 6.648e-02
cov**0.5/mean: 5.655e-02
cov**0.5/mean: 5.594e-02
cov**0.5/mean: 5.619e-02
cov**0.5/mean: 6.508e-02
cov**0.5/mean: 6.029e-02
cov**0.5/mean: 6.359e-02
cov**0.5/mean: 6.407e-02
cov**0.5/mean: 5.987e-02
cov**0.5/mean: 6.295e-02
cov**0.5/mean: 6.576e-02
cov**0.5/mean: 6.173e-02
cov**0.5/mean: 6.141e-02
cov**0.5/mean: 6.581e-02
cov**0.5/mean: 6.623e-02
cov**0.5/mean: 7.325e-02
cov**0.5/mean: 6.465e-02
cov**0.5/mean: 6.991e-02
cov**0.5/mean: 7.316e-02
cov**0.5/mean: 6.296e-02
cov**0.5/mean: 6.159e-02
cov**0.5/mean: 6.819e-02
cov**0.5/mean: 7.516e-02
cov**0.5/mean: 7.406e-02
cov**0.5/mean: 7.237e-02
cov**0.5/mean: 7.073e-02
cov**0.5/mean: 7.002e-02
cov**0.5/mean: 6.276e-02
cov**0.5/mean: 7.240e-02
cov**0.5/mean: 7.614e-02
cov**0.5/mean: 6.118e-02
cov**0.5/mean: 6.779e-02
cov**0.5/mean: nan
cov**0.5/mean: 7.316e-02
cov**0.5/mean: 6.728e-02
cov**0.5/mean: 7.495e-02
cov**0.5/mean: 7.088e-02
cov**0.5/mean: 6.867e-02
cov**0.5/mean: 7.371e-02
cov**0.5/mean: 6.633e-02
cov**0.5/mean: 7.335e-02
cov**0.5/mean: 6.671e-02
cov**0.5/mean: 7.098e-02
cov**0.5/mean: 7.729e-02
cov**0.5/mean: 6.209e-02
cov**0.5/mean: 7.277e-02
cov**0.5/mean: 8.369e-02
cov**0.5/mean: 6.989e-02
cov**0.5/mean: 7.096e-02
cov**0.5/mean: 7.321e-02
cov**0.5/mean: 6.942e-02
cov**0.5/mean: 8.361e-02
cov**0.5/mean: 6.954e-02
cov**0.5/mean: 7.440e-02
cov**0.5/mean: 7.062e-02
cov**0.5/mean: 7.382e-02
cov**0.5/mean: 8.303e-02
cov**0.5/mean: 6.996e-02
cov**0.5/mean: 7.167e-02
cov**0.5/mean: 6.699e-02
cov**0.5/mean: nan
cov**0.5/mean: 9.086e-02
cov**0.5/mean: 7.017e-02
cov**0.5/mean: 6.940e-02
cov**0.5/mean: nan
cov**0.5/mean: 6.719e-02
cov**0.5/mean: 6.544e-02
cov**0.5/mean: nan
cov**0.5/mean: nan
cov**0.5/mean: 7.066e-02
cov**0.5/mean: 7.135e-02
cov**0.5/mean: 6.692e-02
cov**0.5/mean: 6.931e-02
cov**0.5/mean: 7.339e-02
cov**0.5/mean: 6.079e-02
cov**0.5/mean: 6.938e-02
cov**0.5/mean: 6.851e-02
cov**0.5/mean: 8.417e-02
cov**0.5/mean: 7.248e-02
cov**0.5/mean: 6.740e-02
cov**0.5/mean: 7.031e-02
cov**0.5/mean: nan
cov**0.5/mean: 6.714e-02
cov**0.5/mean: 7.199e-02
cov**0.5/mean: 7.276e-02
cov**0.5/mean: 6.252e-02
cov**0.5/mean: 7.170e-02
cov**0.5/mean: 7.456e-02
cov**0.5/mean: 7.202e-02
cov**0.5/mean: 7.191e-02
cov**0.5/mean: 6.863e-02
cov**0.5/mean: 7.455e-02
cov**0.5/mean: 7.665e-02
cov**0.5/mean: 6.962e-02
cov**0.5/mean: 7.676e-02
cov**0.5/mean: 7.306e-02
cov**0.5/mean: 7.258e-02
cov**0.5/mean: 7.254e-02
cov**0.5/mean: nan
cov**0.5/mean: 7.032e-02
cov**0.5/mean: 6.725e-02
cov**0.5/mean: 6.923e-02
cov**0.5/mean: nan
cov**0.5/mean: 7.255e-02
cov**0.5/mean: 6.956e-02
cov**0.5/mean: 7.322e-02
cov**0.5/mean: 7.333e-02
cov**0.5/mean: 6.451e-02
cov**0.5/mean: 6.725e-02
cov**0.5/mean: 6.473e-02
cov**0.5/mean: 5.763e-02
cov**0.5/mean: 6.643e-02
cov**0.5/mean: 6.248e-02
cov**0.5/mean: 6.154e-02
cov**0.5/mean: 7.406e-02
cov**0.5/mean: 7.327e-02
cov**0.5/mean: 6.987e-02
cov**0.5/mean: 7.150e-02
cov**0.5/mean: 7.085e-02
cov**0.5/mean: 6.698e-02
cov**0.5/mean: 7.014e-02
cov**0.5/mean: 6.975e-02
cov**0.5/mean: 7.883e-02
cov**0.5/mean: 7.290e-02
cov**0.5/mean: 7.142e-02
cov**0.5/mean: 7.482e-02
cov**0.5/mean: 6.937e-02
cov**0.5/mean: 7.232e-02
cov**0.5/mean: nan
cov**0.5/mean: 7.038e-02
cov**0.5/mean: nan
cov**0.5/mean: 6.942e-02
cov**0.5/mean: nan
cov**0.5/mean: 7.220e-02
cov**0.5/mean: 7.073e-02
cov**0.5/mean: 7.209e-02
cov**0.5/mean: 6.886e-02
cov**0.5/mean: 7.331e-02
cov**0.5/mean: 7.119e-02
cov**0.5/mean: 7.233e-02
cov**0.5/mean: 6.896e-02
cov**0.5/mean: 7.235e-02
cov**0.5/mean: 6.987e-02
cov**0.5/mean: 6.745e-02
cov**0.5/mean: 7.066e-02
cov**0.5/mean: 7.247e-02
cov**0.5/mean: nan
cov**0.5/mean: 6.978e-02
cov**0.5/mean: 6.427e-02
cov**0.5/mean: 6.160e-02
cov**0.5/mean: 7.180e-02
cov**0.5/mean: 6.474e-02
cov**0.5/mean: 6.448e-02
cov**0.5/mean: 7.037e-02
cov**0.5/mean: nan
cov**0.5/mean: 7.326e-02
cov**0.5/mean: 7.234e-02
cov**0.5/mean: 7.052e-02
cov**0.5/mean: 6.512e-02
cov**0.5/mean: 7.141e-02
cov**0.5/mean: 7.165e-02
cov**0.5/mean: 7.383e-02
cov**0.5/mean: 7.381e-02
cov**0.5/mean: 7.174e-02
cov**0.5/mean: 7.183e-02
  Step 9000/10000, Time: 5.5s, Acceptance: nan
cov**0.5/mean: 7.390e-02
cov**0.5/mean: 6.512e-02
cov**0.5/mean: nan
cov**0.5/mean: 7.087e-02
cov**0.5/mean: 6.760e-02
cov**0.5/mean: 7.267e-02
cov**0.5/mean: 7.149e-02
cov**0.5/mean: 7.230e-02
cov**0.5/mean: 5.751e-02
cov**0.5/mean: 6.988e-02
cov**0.5/mean: 7.008e-02
cov**0.5/mean: 6.684e-02
cov**0.5/mean: 8.318e-02
cov**0.5/mean: 7.095e-02
cov**0.5/mean: 6.779e-02
cov**0.5/mean: 6.859e-02
cov**0.5/mean: 7.138e-02
cov**0.5/mean: 7.758e-02
cov**0.5/mean: 7.396e-02
cov**0.5/mean: 7.350e-02
cov**0.5/mean: 6.285e-02
cov**0.5/mean: 6.786e-02
cov**0.5/mean: 6.530e-02
cov**0.5/mean: 6.930e-02
cov**0.5/mean: 6.457e-02
cov**0.5/mean: 7.354e-02
cov**0.5/mean: 7.425e-02
cov**0.5/mean: 7.127e-02
cov**0.5/mean: 6.974e-02
cov**0.5/mean: 6.928e-02
cov**0.5/mean: 7.168e-02
cov**0.5/mean: 7.491e-02
cov**0.5/mean: 6.740e-02
cov**0.5/mean: 6.368e-02
cov**0.5/mean: 7.066e-02
cov**0.5/mean: 6.822e-02
cov**0.5/mean: 7.535e-02
cov**0.5/mean: 7.016e-02
cov**0.5/mean: 6.748e-02
cov**0.5/mean: 6.462e-02
cov**0.5/mean: 6.298e-02
cov**0.5/mean: 6.326e-02
cov**0.5/mean: 6.500e-02
cov**0.5/mean: 7.354e-02
cov**0.5/mean: nan
cov**0.5/mean: 8.523e-02
cov**0.5/mean: 6.827e-02
cov**0.5/mean: 7.272e-02
cov**0.5/mean: 7.465e-02
cov**0.5/mean: 6.970e-02
cov**0.5/mean: 7.105e-02
cov**0.5/mean: 7.473e-02
cov**0.5/mean: 6.906e-02
cov**0.5/mean: 7.064e-02
cov**0.5/mean: 7.352e-02
cov**0.5/mean: 6.394e-02
cov**0.5/mean: 6.624e-02
cov**0.5/mean: 7.438e-02
cov**0.5/mean: 6.967e-02
cov**0.5/mean: 7.654e-02
cov**0.5/mean: 6.704e-02
cov**0.5/mean: 7.790e-02
cov**0.5/mean: 6.948e-02
cov**0.5/mean: 7.035e-02
cov**0.5/mean: 6.830e-02
cov**0.5/mean: 7.775e-02
cov**0.5/mean: 7.600e-02
cov**0.5/mean: 6.967e-02
cov**0.5/mean: 7.617e-02
cov**0.5/mean: 6.602e-02
cov**0.5/mean: 6.737e-02
cov**0.5/mean: 6.741e-02
cov**0.5/mean: 7.185e-02
cov**0.5/mean: 6.887e-02
cov**0.5/mean: 7.070e-02
cov**0.5/mean: 6.723e-02
cov**0.5/mean: 7.326e-02
cov**0.5/mean: 7.236e-02
cov**0.5/mean: 6.790e-02
cov**0.5/mean: nan
cov**0.5/mean: 8.099e-02
cov**0.5/mean: 6.995e-02
cov**0.5/mean: 6.659e-02
cov**0.5/mean: 7.130e-02
cov**0.5/mean: 6.950e-02
cov**0.5/mean: 6.300e-02
cov**0.5/mean: 7.425e-02
cov**0.5/mean: 6.968e-02
cov**0.5/mean: 7.227e-02
cov**0.5/mean: 7.150e-02
cov**0.5/mean: 6.813e-02
cov**0.5/mean: 7.439e-02
cov**0.5/mean: 7.393e-02
cov**0.5/mean: 7.294e-02
cov**0.5/mean: 6.223e-02
cov**0.5/mean: 6.868e-02
cov**0.5/mean: 7.493e-02
cov**0.5/mean: 7.633e-02
cov**0.5/mean: 7.351e-02
cov**0.5/mean: 7.347e-02
cov**0.5/mean: 8.710e-02
cov**0.5/mean: 7.070e-02
cov**0.5/mean: 7.416e-02
cov**0.5/mean: 7.094e-02
cov**0.5/mean: 7.799e-02
cov**0.5/mean: 6.916e-02
cov**0.5/mean: 7.060e-02
cov**0.5/mean: 7.445e-02
cov**0.5/mean: 7.284e-02
cov**0.5/mean: 7.783e-02
cov**0.5/mean: nan
cov**0.5/mean: 7.027e-02
cov**0.5/mean: nan
cov**0.5/mean: 6.629e-02
cov**0.5/mean: 6.379e-02
cov**0.5/mean: 6.123e-02
cov**0.5/mean: 6.545e-02
cov**0.5/mean: 7.327e-02
cov**0.5/mean: 7.565e-02
cov**0.5/mean: 7.308e-02
cov**0.5/mean: 7.095e-02
cov**0.5/mean: 6.620e-02
cov**0.5/mean: 7.252e-02
cov**0.5/mean: 7.465e-02
cov**0.5/mean: 7.174e-02
cov**0.5/mean: 6.940e-02
cov**0.5/mean: 7.301e-02
cov**0.5/mean: 7.750e-02
cov**0.5/mean: 7.511e-02
cov**0.5/mean: 7.442e-02
cov**0.5/mean: 6.797e-02
cov**0.5/mean: 7.049e-02
cov**0.5/mean: 7.405e-02
cov**0.5/mean: 7.003e-02
cov**0.5/mean: 7.217e-02
cov**0.5/mean: 7.249e-02
cov**0.5/mean: 7.412e-02
cov**0.5/mean: 7.209e-02
cov**0.5/mean: 6.897e-02
cov**0.5/mean: 7.392e-02
cov**0.5/mean: 6.991e-02
cov**0.5/mean: 7.679e-02
cov**0.5/mean: 7.681e-02
cov**0.5/mean: 6.920e-02
cov**0.5/mean: 7.327e-02
cov**0.5/mean: 7.357e-02
cov**0.5/mean: 7.718e-02
cov**0.5/mean: 7.670e-02
cov**0.5/mean: 6.886e-02
cov**0.5/mean: 7.371e-02
cov**0.5/mean: 7.125e-02
cov**0.5/mean: 7.387e-02
cov**0.5/mean: 7.055e-02
cov**0.5/mean: nan
cov**0.5/mean: 7.364e-02
cov**0.5/mean: 7.151e-02
cov**0.5/mean: 7.221e-02
cov**0.5/mean: 6.999e-02
cov**0.5/mean: 7.198e-02
cov**0.5/mean: 7.284e-02
cov**0.5/mean: 7.657e-02
cov**0.5/mean: nan
cov**0.5/mean: 7.078e-02
cov**0.5/mean: 7.569e-02
cov**0.5/mean: 6.495e-02
cov**0.5/mean: 6.733e-02
cov**0.5/mean: 6.990e-02
cov**0.5/mean: 7.026e-02
cov**0.5/mean: 6.741e-02
cov**0.5/mean: 6.955e-02
cov**0.5/mean: 7.227e-02
cov**0.5/mean: 6.841e-02
cov**0.5/mean: 9.163e-02
cov**0.5/mean: 6.678e-02
cov**0.5/mean: 8.261e-02
cov**0.5/mean: 7.108e-02
cov**0.5/mean: 7.769e-02
cov**0.5/mean: 7.305e-02
cov**0.5/mean: 7.174e-02
cov**0.5/mean: 7.070e-02
cov**0.5/mean: 7.220e-02
cov**0.5/mean: nan
cov**0.5/mean: 7.143e-02
cov**0.5/mean: 6.439e-02
cov**0.5/mean: 6.499e-02
cov**0.5/mean: 6.613e-02
cov**0.5/mean: 6.693e-02
cov**0.5/mean: 6.573e-02
cov**0.5/mean: 6.613e-02
cov**0.5/mean: 7.020e-02
cov**0.5/mean: 7.178e-02
cov**0.5/mean: 7.280e-02
cov**0.5/mean: 7.337e-02
cov**0.5/mean: 6.894e-02
cov**0.5/mean: 7.269e-02
cov**0.5/mean: nan
cov**0.5/mean: nan
cov**0.5/mean: 6.136e-02
cov**0.5/mean: 7.184e-02
cov**0.5/mean: 7.160e-02
cov**0.5/mean: 7.221e-02
cov**0.5/mean: 7.290e-02
cov**0.5/mean: 6.400e-02
cov**0.5/mean: 6.564e-02
cov**0.5/mean: 7.712e-02
cov**0.5/mean: 7.334e-02
cov**0.5/mean: 7.181e-02
cov**0.5/mean: 6.929e-02
cov**0.5/mean: 7.254e-02
cov**0.5/mean: 6.364e-02
cov**0.5/mean: 6.374e-02
cov**0.5/mean: 6.855e-02
cov**0.5/mean: 7.103e-02
cov**0.5/mean: 7.426e-02
cov**0.5/mean: 6.549e-02
cov**0.5/mean: 7.271e-02
cov**0.5/mean: 7.098e-02
cov**0.5/mean: 8.169e-02
cov**0.5/mean: nan
cov**0.5/mean: 6.527e-02
cov**0.5/mean: 6.491e-02
cov**0.5/mean: 6.913e-02
cov**0.5/mean: nan
cov**0.5/mean: 6.846e-02
cov**0.5/mean: 7.054e-02
cov**0.5/mean: 7.056e-02
cov**0.5/mean: 7.369e-02
cov**0.5/mean: 7.165e-02
cov**0.5/mean: 7.355e-02
cov**0.5/mean: 6.889e-02
cov**0.5/mean: 6.331e-02
cov**0.5/mean: 6.208e-02
cov**0.5/mean: 6.073e-02
cov**0.5/mean: 6.439e-02
cov**0.5/mean: 7.381e-02
cov**0.5/mean: 6.346e-02
cov**0.5/mean: 6.553e-02
cov**0.5/mean: 7.462e-02
cov**0.5/mean: nan
cov**0.5/mean: 7.443e-02
cov**0.5/mean: 7.273e-02
cov**0.5/mean: 8.320e-02
cov**0.5/mean: 7.218e-02
cov**0.5/mean: 7.224e-02
cov**0.5/mean: 7.190e-02
cov**0.5/mean: 8.292e-02
cov**0.5/mean: 7.298e-02
cov**0.5/mean: 7.244e-02
cov**0.5/mean: 7.269e-02
cov**0.5/mean: 6.740e-02
cov**0.5/mean: 7.204e-02
cov**0.5/mean: 7.361e-02
cov**0.5/mean: 6.889e-02
cov**0.5/mean: 7.699e-02
cov**0.5/mean: 7.074e-02
cov**0.5/mean: 7.515e-02
cov**0.5/mean: 6.597e-02
cov**0.5/mean: 6.923e-02
cov**0.5/mean: nan
cov**0.5/mean: 6.505e-02
cov**0.5/mean: 7.203e-02
cov**0.5/mean: 7.446e-02
cov**0.5/mean: 7.218e-02
cov**0.5/mean: 7.110e-02
cov**0.5/mean: 7.237e-02
cov**0.5/mean: nan
cov**0.5/mean: 7.100e-02
cov**0.5/mean: 7.224e-02
cov**0.5/mean: 7.087e-02
cov**0.5/mean: 7.165e-02
cov**0.5/mean: 7.093e-02
cov**0.5/mean: 7.124e-02
cov**0.5/mean: 7.256e-02
cov**0.5/mean: 7.268e-02
cov**0.5/mean: 8.585e-02
cov**0.5/mean: 6.842e-02
cov**0.5/mean: 7.476e-02
cov**0.5/mean: 7.267e-02
cov**0.5/mean: 7.326e-02
cov**0.5/mean: 7.094e-02
cov**0.5/mean: 6.999e-02
cov**0.5/mean: 7.574e-02
cov**0.5/mean: 7.233e-02
cov**0.5/mean: 7.740e-02
cov**0.5/mean: 7.111e-02
cov**0.5/mean: 7.317e-02
cov**0.5/mean: 7.207e-02
cov**0.5/mean: 6.833e-02
cov**0.5/mean: 8.337e-02
cov**0.5/mean: 7.452e-02
cov**0.5/mean: 7.564e-02
cov**0.5/mean: 6.917e-02
cov**0.5/mean: 6.698e-02
cov**0.5/mean: 7.067e-02
cov**0.5/mean: 6.801e-02
cov**0.5/mean: 7.362e-02
cov**0.5/mean: 6.527e-02
cov**0.5/mean: 7.361e-02
cov**0.5/mean: 7.377e-02
cov**0.5/mean: nan
cov**0.5/mean: 7.032e-02
cov**0.5/mean: nan
cov**0.5/mean: 6.806e-02
cov**0.5/mean: 6.739e-02
cov**0.5/mean: 7.838e-02
cov**0.5/mean: 7.101e-02
cov**0.5/mean: 8.083e-02
cov**0.5/mean: 7.227e-02
cov**0.5/mean: 7.380e-02
cov**0.5/mean: 7.349e-02
cov**0.5/mean: 6.984e-02
cov**0.5/mean: 7.659e-02
cov**0.5/mean: 6.811e-02
cov**0.5/mean: 7.029e-02
cov**0.5/mean: nan
cov**0.5/mean: nan
cov**0.5/mean: 6.908e-02
cov**0.5/mean: 7.077e-02
cov**0.5/mean: 6.661e-02
cov**0.5/mean: 7.104e-02
cov**0.5/mean: 6.357e-02
cov**0.5/mean: 6.232e-02
cov**0.5/mean: 6.457e-02
cov**0.5/mean: 7.277e-02
cov**0.5/mean: 7.148e-02
cov**0.5/mean: 7.225e-02
cov**0.5/mean: 7.231e-02
cov**0.5/mean: 6.793e-02
cov**0.5/mean: 7.317e-02
cov**0.5/mean: 6.465e-02
cov**0.5/mean: 6.949e-02
cov**0.5/mean: 6.899e-02
cov**0.5/mean: 6.407e-02
cov**0.5/mean: nan
cov**0.5/mean: 6.263e-02
cov**0.5/mean: 6.760e-02
cov**0.5/mean: 7.213e-02
cov**0.5/mean: 6.906e-02
cov**0.5/mean: 7.051e-02
cov**0.5/mean: 7.222e-02
cov**0.5/mean: 6.999e-02
cov**0.5/mean: 6.630e-02
cov**0.5/mean: 6.039e-02
cov**0.5/mean: 6.490e-02
cov**0.5/mean: 6.557e-02
cov**0.5/mean: 6.355e-02
cov**0.5/mean: 6.385e-02
cov**0.5/mean: 7.421e-02
cov**0.5/mean: 7.561e-02
cov**0.5/mean: 7.317e-02
cov**0.5/mean: 7.390e-02
cov**0.5/mean: nan
cov**0.5/mean: 7.291e-02
cov**0.5/mean: nan
cov**0.5/mean: 6.663e-02
cov**0.5/mean: 7.533e-02
cov**0.5/mean: 7.102e-02
cov**0.5/mean: 7.205e-02
cov**0.5/mean: 7.769e-02
cov**0.5/mean: 7.785e-02
cov**0.5/mean: 7.180e-02
cov**0.5/mean: 7.399e-02
cov**0.5/mean: 7.193e-02
cov**0.5/mean: 7.009e-02
cov**0.5/mean: 7.303e-02
cov**0.5/mean: 7.217e-02
cov**0.5/mean: 7.608e-02
cov**0.5/mean: 6.818e-02
cov**0.5/mean: 6.944e-02
cov**0.5/mean: 7.267e-02
cov**0.5/mean: 6.843e-02
cov**0.5/mean: 6.946e-02
cov**0.5/mean: nan
cov**0.5/mean: 7.291e-02
cov**0.5/mean: 6.792e-02
cov**0.5/mean: 7.264e-02
cov**0.5/mean: nan
cov**0.5/mean: 6.886e-02
cov**0.5/mean: 6.924e-02
cov**0.5/mean: 6.975e-02
cov**0.5/mean: 6.246e-02
cov**0.5/mean: 6.398e-02
cov**0.5/mean: 7.241e-02
cov**0.5/mean: 6.803e-02
cov**0.5/mean: 6.499e-02
cov**0.5/mean: 7.486e-02
cov**0.5/mean: 6.673e-02
cov**0.5/mean: 7.016e-02
cov**0.5/mean: 7.148e-02
cov**0.5/mean: 6.374e-02
cov**0.5/mean: 6.956e-02
cov**0.5/mean: 7.197e-02
cov**0.5/mean: 7.037e-02
cov**0.5/mean: 7.186e-02
cov**0.5/mean: 7.059e-02
cov**0.5/mean: 6.647e-02
cov**0.5/mean: 7.210e-02
cov**0.5/mean: 7.163e-02
cov**0.5/mean: 6.722e-02
cov**0.5/mean: 6.868e-02
cov**0.5/mean: nan
cov**0.5/mean: 6.796e-02
cov**0.5/mean: 6.941e-02
cov**0.5/mean: 7.351e-02
cov**0.5/mean: 8.027e-02
cov**0.5/mean: 7.109e-02
cov**0.5/mean: 6.848e-02
cov**0.5/mean: 7.265e-02
cov**0.5/mean: 7.133e-02
cov**0.5/mean: 7.279e-02
cov**0.5/mean: 7.270e-02
cov**0.5/mean: 6.708e-02
cov**0.5/mean: 7.371e-02
cov**0.5/mean: nan
cov**0.5/mean: 7.095e-02
cov**0.5/mean: 6.368e-02
cov**0.5/mean: 6.842e-02
cov**0.5/mean: nan
cov**0.5/mean: 6.861e-02
cov**0.5/mean: 7.353e-02
cov**0.5/mean: 7.202e-02
cov**0.5/mean: 6.755e-02
cov**0.5/mean: 7.038e-02
cov**0.5/mean: nan
cov**0.5/mean: 7.352e-02
cov**0.5/mean: 7.005e-02
cov**0.5/mean: 7.297e-02
cov**0.5/mean: 6.950e-02
cov**0.5/mean: 6.940e-02
cov**0.5/mean: 7.105e-02
cov**0.5/mean: 7.263e-02
cov**0.5/mean: nan
cov**0.5/mean: 7.485e-02
cov**0.5/mean: 7.405e-02
cov**0.5/mean: 6.633e-02
cov**0.5/mean: 7.345e-02
cov**0.5/mean: nan
cov**0.5/mean: 7.443e-02
cov**0.5/mean: 7.324e-02
cov**0.5/mean: 7.428e-02
cov**0.5/mean: 7.171e-02
cov**0.5/mean: nan
cov**0.5/mean: 7.096e-02
cov**0.5/mean: 7.376e-02
cov**0.5/mean: 6.662e-02
cov**0.5/mean: 8.270e-02
cov**0.5/mean: 7.137e-02
cov**0.5/mean: 6.714e-02
cov**0.5/mean: 6.819e-02
cov**0.5/mean: 7.528e-02
cov**0.5/mean: 7.565e-02
cov**0.5/mean: 7.236e-02
cov**0.5/mean: 6.869e-02
cov**0.5/mean: 7.188e-02
cov**0.5/mean: 6.489e-02
cov**0.5/mean: 7.266e-02
cov**0.5/mean: 7.171e-02
cov**0.5/mean: 7.538e-02
cov**0.5/mean: 7.115e-02
cov**0.5/mean: 6.733e-02
cov**0.5/mean: 6.943e-02
cov**0.5/mean: 7.304e-02
cov**0.5/mean: 6.523e-02
cov**0.5/mean: 7.374e-02
cov**0.5/mean: 6.654e-02
cov**0.5/mean: 7.599e-02
cov**0.5/mean: 7.237e-02
cov**0.5/mean: 7.339e-02
cov**0.5/mean: 6.995e-02
cov**0.5/mean: 6.719e-02
cov**0.5/mean: 7.278e-02
cov**0.5/mean: 7.629e-02
cov**0.5/mean: 7.510e-02
cov**0.5/mean: 7.200e-02
cov**0.5/mean: 7.035e-02
cov**0.5/mean: 6.488e-02
cov**0.5/mean: nan
cov**0.5/mean: 6.976e-02
cov**0.5/mean: 6.588e-02
cov**0.5/mean: 6.393e-02
cov**0.5/mean: 7.215e-02
cov**0.5/mean: 6.619e-02
cov**0.5/mean: 7.133e-02
cov**0.5/mean: 7.157e-02
cov**0.5/mean: 7.116e-02
cov**0.5/mean: 7.020e-02
cov**0.5/mean: 7.289e-02
cov**0.5/mean: 7.450e-02
cov**0.5/mean: 6.927e-02
cov**0.5/mean: 7.408e-02
cov**0.5/mean: 7.448e-02
cov**0.5/mean: 7.323e-02
cov**0.5/mean: 7.798e-02
cov**0.5/mean: 7.268e-02
cov**0.5/mean: 6.871e-02
cov**0.5/mean: 6.874e-02
cov**0.5/mean: 7.359e-02
cov**0.5/mean: 6.758e-02
cov**0.5/mean: 6.984e-02
cov**0.5/mean: 7.202e-02
cov**0.5/mean: nan
cov**0.5/mean: nan
cov**0.5/mean: 7.253e-02
cov**0.5/mean: 7.138e-02
cov**0.5/mean: 7.590e-02
cov**0.5/mean: 7.057e-02
cov**0.5/mean: nan
cov**0.5/mean: nan
cov**0.5/mean: 7.306e-02
cov**0.5/mean: 7.073e-02
cov**0.5/mean: 7.011e-02
cov**0.5/mean: 6.899e-02
cov**0.5/mean: 7.135e-02
cov**0.5/mean: 7.149e-02
cov**0.5/mean: 7.306e-02
cov**0.5/mean: 7.579e-02
cov**0.5/mean: nan
cov**0.5/mean: 7.065e-02
cov**0.5/mean: 6.684e-02
cov**0.5/mean: 7.217e-02
cov**0.5/mean: 7.619e-02
cov**0.5/mean: 7.049e-02
cov**0.5/mean: 6.432e-02
cov**0.5/mean: 8.383e-02
cov**0.5/mean: 7.005e-02
cov**0.5/mean: 6.508e-02
cov**0.5/mean: nan
cov**0.5/mean: 7.102e-02
cov**0.5/mean: 6.330e-02
cov**0.5/mean: nan
cov**0.5/mean: nan
cov**0.5/mean: 6.964e-02
cov**0.5/mean: 6.995e-02
cov**0.5/mean: nan
cov**0.5/mean: 7.131e-02
cov**0.5/mean: 8.818e-02
cov**0.5/mean: 6.923e-02
cov**0.5/mean: nan
cov**0.5/mean: 7.034e-02
cov**0.5/mean: 7.482e-02
cov**0.5/mean: 6.381e-02
cov**0.5/mean: 6.716e-02
cov**0.5/mean: 7.360e-02
cov**0.5/mean: 7.615e-02
cov**0.5/mean: 7.264e-02
cov**0.5/mean: 6.795e-02
cov**0.5/mean: nan
cov**0.5/mean: 6.163e-02
cov**0.5/mean: 6.873e-02
cov**0.5/mean: 9.126e-02
cov**0.5/mean: 7.065e-02
cov**0.5/mean: 7.084e-02
cov**0.5/mean: 7.253e-02
cov**0.5/mean: 6.913e-02
cov**0.5/mean: 7.216e-02
cov**0.5/mean: 6.867e-02
cov**0.5/mean: 8.226e-02
cov**0.5/mean: 7.193e-02
cov**0.5/mean: 7.491e-02
cov**0.5/mean: 7.244e-02
cov**0.5/mean: 6.127e-02
cov**0.5/mean: 7.259e-02
cov**0.5/mean: 7.411e-02
cov**0.5/mean: 7.429e-02
cov**0.5/mean: 6.521e-02
cov**0.5/mean: 6.932e-02
cov**0.5/mean: 7.749e-02
cov**0.5/mean: 7.380e-02
cov**0.5/mean: 7.233e-02
cov**0.5/mean: nan
cov**0.5/mean: 7.146e-02
cov**0.5/mean: 7.483e-02
cov**0.5/mean: 6.458e-02
cov**0.5/mean: 6.475e-02
cov**0.5/mean: 6.119e-02
cov**0.5/mean: 7.435e-02
cov**0.5/mean: 7.554e-02
cov**0.5/mean: 7.538e-02
cov**0.5/mean: 8.284e-02
cov**0.5/mean: 7.520e-02
cov**0.5/mean: 7.039e-02
cov**0.5/mean: 7.228e-02
cov**0.5/mean: 7.478e-02
cov**0.5/mean: 7.485e-02
cov**0.5/mean: 7.324e-02
cov**0.5/mean: 6.943e-02
cov**0.5/mean: nan
cov**0.5/mean: 7.083e-02
cov**0.5/mean: 6.638e-02
cov**0.5/mean: 7.380e-02
cov**0.5/mean: 6.677e-02
cov**0.5/mean: 7.382e-02
cov**0.5/mean: 7.034e-02
cov**0.5/mean: 7.371e-02
cov**0.5/mean: 7.244e-02
cov**0.5/mean: 7.142e-02
cov**0.5/mean: 6.901e-02
cov**0.5/mean: 7.045e-02
cov**0.5/mean: 7.655e-02
cov**0.5/mean: 6.937e-02
cov**0.5/mean: 6.901e-02
cov**0.5/mean: 7.108e-02
cov**0.5/mean: 6.990e-02
cov**0.5/mean: 6.714e-02
cov**0.5/mean: 7.211e-02
cov**0.5/mean: nan
cov**0.5/mean: nan
cov**0.5/mean: 7.387e-02
cov**0.5/mean: 7.376e-02
cov**0.5/mean: 6.877e-02
cov**0.5/mean: 7.269e-02
cov**0.5/mean: 8.986e-02
cov**0.5/mean: 6.750e-02
cov**0.5/mean: 7.040e-02
cov**0.5/mean: 7.285e-02
cov**0.5/mean: 7.066e-02
cov**0.5/mean: 7.080e-02
cov**0.5/mean: 6.540e-02
cov**0.5/mean: 6.744e-02
cov**0.5/mean: 7.238e-02
cov**0.5/mean: 6.987e-02
cov**0.5/mean: 7.193e-02
cov**0.5/mean: 6.856e-02
cov**0.5/mean: 7.075e-02
cov**0.5/mean: 6.855e-02
cov**0.5/mean: 6.723e-02
cov**0.5/mean: 6.733e-02
cov**0.5/mean: 5.888e-02
cov**0.5/mean: 5.974e-02
cov**0.5/mean: 6.933e-02
cov**0.5/mean: 7.150e-02
cov**0.5/mean: 6.709e-02
cov**0.5/mean: 7.541e-02
cov**0.5/mean: 7.127e-02
cov**0.5/mean: 7.264e-02
cov**0.5/mean: 7.070e-02
cov**0.5/mean: 6.794e-02
cov**0.5/mean: 6.798e-02
cov**0.5/mean: 8.130e-02
cov**0.5/mean: 7.572e-02
cov**0.5/mean: 7.175e-02
cov**0.5/mean: 7.292e-02
cov**0.5/mean: 6.029e-02
cov**0.5/mean: 7.343e-02
cov**0.5/mean: 6.694e-02
cov**0.5/mean: 7.546e-02
cov**0.5/mean: 7.285e-02
cov**0.5/mean: 6.249e-02
cov**0.5/mean: 7.500e-02
cov**0.5/mean: 7.071e-02
cov**0.5/mean: 6.689e-02
cov**0.5/mean: 7.229e-02
cov**0.5/mean: 7.252e-02
cov**0.5/mean: 6.911e-02
cov**0.5/mean: 7.108e-02
cov**0.5/mean: 7.566e-02
cov**0.5/mean: 7.188e-02
cov**0.5/mean: 7.639e-02
cov**0.5/mean: 7.134e-02
cov**0.5/mean: 7.477e-02
cov**0.5/mean: 7.016e-02
cov**0.5/mean: 7.561e-02
cov**0.5/mean: 6.827e-02
cov**0.5/mean: 7.230e-02
cov**0.5/mean: 7.174e-02
cov**0.5/mean: 6.740e-02
cov**0.5/mean: 5.943e-02
cov**0.5/mean: 6.916e-02
cov**0.5/mean: 7.154e-02
cov**0.5/mean: 8.001e-02
cov**0.5/mean: 7.067e-02
cov**0.5/mean: 7.294e-02
cov**0.5/mean: 7.671e-02
cov**0.5/mean: 6.820e-02
cov**0.5/mean: 7.079e-02
cov**0.5/mean: 6.705e-02
cov**0.5/mean: 7.037e-02
cov**0.5/mean: 6.769e-02
cov**0.5/mean: 6.305e-02
cov**0.5/mean: 6.948e-02
cov**0.5/mean: 6.728e-02
cov**0.5/mean: 6.610e-02
cov**0.5/mean: 7.196e-02
cov**0.5/mean: 6.880e-02
cov**0.5/mean: nan
cov**0.5/mean: 7.543e-02
cov**0.5/mean: 7.718e-02
cov**0.5/mean: 7.448e-02
cov**0.5/mean: 6.552e-02
cov**0.5/mean: 6.209e-02
cov**0.5/mean: 7.098e-02
cov**0.5/mean: 6.276e-02
cov**0.5/mean: 7.168e-02
cov**0.5/mean: 7.223e-02
cov**0.5/mean: 7.121e-02
cov**0.5/mean: 7.482e-02
cov**0.5/mean: 6.819e-02
cov**0.5/mean: 6.416e-02
cov**0.5/mean: 6.652e-02
cov**0.5/mean: 6.981e-02
cov**0.5/mean: 7.794e-02
cov**0.5/mean: 7.283e-02
cov**0.5/mean: 7.721e-02
cov**0.5/mean: 7.085e-02
cov**0.5/mean: 6.916e-02
cov**0.5/mean: 6.650e-02
cov**0.5/mean: 7.077e-02
cov**0.5/mean: 6.884e-02
cov**0.5/mean: 9.147e-02
cov**0.5/mean: 7.145e-02
cov**0.5/mean: 7.215e-02
cov**0.5/mean: 7.223e-02
cov**0.5/mean: 7.082e-02
cov**0.5/mean: 6.945e-02
cov**0.5/mean: nan
cov**0.5/mean: 7.712e-02
cov**0.5/mean: 6.326e-02
cov**0.5/mean: 6.730e-02
cov**0.5/mean: 6.767e-02
cov**0.5/mean: 7.390e-02
cov**0.5/mean: 7.196e-02
cov**0.5/mean: 6.681e-02
cov**0.5/mean: 6.429e-02
cov**0.5/mean: 6.631e-02
cov**0.5/mean: 7.280e-02
cov**0.5/mean: 6.409e-02
cov**0.5/mean: 6.380e-02
cov**0.5/mean: 6.652e-02
cov**0.5/mean: 6.860e-02
cov**0.5/mean: 6.407e-02
cov**0.5/mean: 7.098e-02
cov**0.5/mean: 6.910e-02
cov**0.5/mean: 7.199e-02
cov**0.5/mean: 7.668e-02
cov**0.5/mean: 6.893e-02
cov**0.5/mean: 6.667e-02
cov**0.5/mean: 6.870e-02
cov**0.5/mean: 7.244e-02
cov**0.5/mean: 6.921e-02
cov**0.5/mean: 7.086e-02
cov**0.5/mean: 7.455e-02
cov**0.5/mean: 6.714e-02
cov**0.5/mean: 7.221e-02
cov**0.5/mean: 6.576e-02
cov**0.5/mean: 7.021e-02
cov**0.5/mean: 7.022e-02
cov**0.5/mean: 6.669e-02
cov**0.5/mean: 7.130e-02
cov**0.5/mean: 7.277e-02
cov**0.5/mean: 7.503e-02
cov**0.5/mean: 7.378e-02
cov**0.5/mean: nan
cov**0.5/mean: nan
cov**0.5/mean: 7.593e-02
cov**0.5/mean: 7.129e-02
cov**0.5/mean: 7.089e-02
cov**0.5/mean: 6.902e-02
cov**0.5/mean: 9.201e-02
cov**0.5/mean: nan
cov**0.5/mean: 8.625e-02
cov**0.5/mean: 7.312e-02
cov**0.5/mean: 8.309e-02
cov**0.5/mean: 6.924e-02
cov**0.5/mean: 6.681e-02
cov**0.5/mean: nan
cov**0.5/mean: 6.738e-02
cov**0.5/mean: 7.959e-02
cov**0.5/mean: 6.887e-02
cov**0.5/mean: nan
cov**0.5/mean: 7.240e-02
cov**0.5/mean: 8.737e-02
cov**0.5/mean: nan
cov**0.5/mean: 7.543e-02
cov**0.5/mean: 6.754e-02
cov**0.5/mean: 7.375e-02
cov**0.5/mean: 7.594e-02
cov**0.5/mean: 7.326e-02
cov**0.5/mean: 7.248e-02
cov**0.5/mean: 6.882e-02
cov**0.5/mean: 6.671e-02
cov**0.5/mean: 7.651e-02
cov**0.5/mean: 7.957e-02
cov**0.5/mean: 6.989e-02
cov**0.5/mean: 6.404e-02
cov**0.5/mean: 7.040e-02
cov**0.5/mean: 7.135e-02
cov**0.5/mean: 7.285e-02
cov**0.5/mean: 7.341e-02
cov**0.5/mean: 7.132e-02
cov**0.5/mean: 7.179e-02
cov**0.5/mean: 7.440e-02
cov**0.5/mean: 7.222e-02
cov**0.5/mean: 6.417e-02
cov**0.5/mean: 6.053e-02
cov**0.5/mean: 7.266e-02
cov**0.5/mean: 6.483e-02
cov**0.5/mean: 6.757e-02
cov**0.5/mean: 6.165e-02
cov**0.5/mean: nan
cov**0.5/mean: 6.040e-02
cov**0.5/mean: nan
cov**0.5/mean: 6.698e-02
cov**0.5/mean: 6.977e-02
cov**0.5/mean: 6.998e-02
cov**0.5/mean: 7.452e-02
cov**0.5/mean: 6.780e-02
cov**0.5/mean: nan
cov**0.5/mean: 7.234e-02
cov**0.5/mean: 7.321e-02
cov**0.5/mean: 7.343e-02
cov**0.5/mean: 6.750e-02
cov**0.5/mean: 6.857e-02
cov**0.5/mean: 7.205e-02
cov**0.5/mean: 6.625e-02
cov**0.5/mean: 7.143e-02
cov**0.5/mean: 6.439e-02
cov**0.5/mean: 7.414e-02
cov**0.5/mean: 6.359e-02
cov**0.5/mean: 6.569e-02
cov**0.5/mean: 6.941e-02
cov**0.5/mean: 7.150e-02
cov**0.5/mean: 7.261e-02
cov**0.5/mean: nan
cov**0.5/mean: 7.201e-02
cov**0.5/mean: 7.437e-02
cov**0.5/mean: 7.135e-02
cov**0.5/mean: nan
cov**0.5/mean: 7.055e-02
cov**0.5/mean: 7.158e-02
cov**0.5/mean: 7.138e-02
cov**0.5/mean: 6.294e-02
cov**0.5/mean: 7.798e-02
cov**0.5/mean: 6.492e-02
cov**0.5/mean: 7.488e-02
cov**0.5/mean: 6.198e-02
cov**0.5/mean: nan
cov**0.5/mean: 7.275e-02
cov**0.5/mean: 7.151e-02
cov**0.5/mean: 6.631e-02
cov**0.5/mean: 7.170e-02
cov**0.5/mean: 7.282e-02
cov**0.5/mean: 7.245e-02
cov**0.5/mean: 6.574e-02
cov**0.5/mean: 7.234e-02
cov**0.5/mean: 7.193e-02
cov**0.5/mean: 6.883e-02
cov**0.5/mean: nan
cov**0.5/mean: nan
cov**0.5/mean: 7.283e-02
cov**0.5/mean: 6.469e-02
cov**0.5/mean: 6.722e-02
cov**0.5/mean: 6.587e-02
cov**0.5/mean: 6.198e-02
cov**0.5/mean: 6.201e-02
cov**0.5/mean: 6.307e-02
cov**0.5/mean: nan
cov**0.5/mean: 7.257e-02
cov**0.5/mean: 6.836e-02
cov**0.5/mean: 7.556e-02
cov**0.5/mean: nan
cov**0.5/mean: 6.712e-02
cov**0.5/mean: 6.613e-02
cov**0.5/mean: 7.548e-02
cov**0.5/mean: 6.949e-02
cov**0.5/mean: 7.192e-02
cov**0.5/mean: 6.774e-02
cov**0.5/mean: nan
cov**0.5/mean: 6.622e-02
cov**0.5/mean: nan
cov**0.5/mean: 6.999e-02
cov**0.5/mean: 7.248e-02
cov**0.5/mean: nan
cov**0.5/mean: 7.082e-02
cov**0.5/mean: 7.053e-02
cov**0.5/mean: 6.479e-02
cov**0.5/mean: 7.473e-02
cov**0.5/mean: 7.570e-02
cov**0.5/mean: 6.685e-02
cov**0.5/mean: 7.253e-02
cov**0.5/mean: 6.886e-02
cov**0.5/mean: 7.300e-02
cov**0.5/mean: 7.131e-02
cov**0.5/mean: nan
cov**0.5/mean: 6.788e-02
cov**0.5/mean: 8.264e-02
cov**0.5/mean: 7.712e-02
cov**0.5/mean: 7.176e-02
cov**0.5/mean: 8.531e-02
cov**0.5/mean: 7.142e-02
cov**0.5/mean: 7.244e-02
cov**0.5/mean: 7.112e-02
cov**0.5/mean: 7.616e-02
cov**0.5/mean: 6.924e-02
cov**0.5/mean: 6.843e-02
cov**0.5/mean: 6.852e-02
cov**0.5/mean: 6.969e-02
cov**0.5/mean: 6.999e-02
cov**0.5/mean: 6.752e-02
cov**0.5/mean: 6.673e-02
cov**0.5/mean: 7.120e-02
cov**0.5/mean: nan
cov**0.5/mean: 6.826e-02
cov**0.5/mean: 7.412e-02
cov**0.5/mean: 6.355e-02
cov**0.5/mean: 7.210e-02
cov**0.5/mean: 6.661e-02
cov**0.5/mean: 6.975e-02
cov**0.5/mean: 7.145e-02
cov**0.5/mean: 7.076e-02
cov**0.5/mean: 7.159e-02
cov**0.5/mean: 6.712e-02
cov**0.5/mean: 7.036e-02
cov**0.5/mean: 6.731e-02
cov**0.5/mean: 7.210e-02
cov**0.5/mean: 6.924e-02
cov**0.5/mean: 7.753e-02
cov**0.5/mean: nan
cov**0.5/mean: 7.298e-02
cov**0.5/mean: 7.218e-02
cov**0.5/mean: 9.060e-02
cov**0.5/mean: 7.213e-02
cov**0.5/mean: 7.116e-02
cov**0.5/mean: 7.312e-02
cov**0.5/mean: 7.118e-02
cov**0.5/mean: 7.178e-02
cov**0.5/mean: 7.096e-02
cov**0.5/mean: 6.683e-02
cov**0.5/mean: 6.715e-02
cov**0.5/mean: 7.057e-02
cov**0.5/mean: 7.316e-02
cov**0.5/mean: 7.269e-02
cov**0.5/mean: 7.572e-02
cov**0.5/mean: 6.628e-02
cov**0.5/mean: 7.219e-02
cov**0.5/mean: 7.121e-02
cov**0.5/mean: 7.026e-02
cov**0.5/mean: 7.848e-02
cov**0.5/mean: 7.432e-02
cov**0.5/mean: 6.737e-02
cov**0.5/mean: 6.832e-02
cov**0.5/mean: 7.289e-02
cov**0.5/mean: nan
cov**0.5/mean: 6.997e-02
cov**0.5/mean: 7.026e-02
cov**0.5/mean: 6.472e-02
cov**0.5/mean: nan
cov**0.5/mean: 7.263e-02
cov**0.5/mean: 7.319e-02
cov**0.5/mean: 7.505e-02
cov**0.5/mean: 8.238e-02
cov**0.5/mean: 7.160e-02
cov**0.5/mean: nan
cov**0.5/mean: 7.023e-02
cov**0.5/mean: 7.279e-02
cov**0.5/mean: 7.061e-02
cov**0.5/mean: 7.308e-02
cov**0.5/mean: 7.056e-02
cov**0.5/mean: 7.176e-02
cov**0.5/mean: 6.786e-02
cov**0.5/mean: 7.606e-02
cov**0.5/mean: 7.854e-02
cov**0.5/mean: 7.059e-02
cov**0.5/mean: 6.750e-02
cov**0.5/mean: nan
cov**0.5/mean: nan
cov**0.5/mean: 6.968e-02
cov**0.5/mean: 6.527e-02
cov**0.5/mean: 7.224e-02
cov**0.5/mean: 7.172e-02
cov**0.5/mean: 7.082e-02
cov**0.5/mean: 7.463e-02
cov**0.5/mean: 7.251e-02
cov**0.5/mean: 6.953e-02
cov**0.5/mean: 7.416e-02
cov**0.5/mean: 6.960e-02
cov**0.5/mean: 7.213e-02
cov**0.5/mean: 7.457e-02
cov**0.5/mean: 7.397e-02
cov**0.5/mean: 7.573e-02
cov**0.5/mean: 7.604e-02
cov**0.5/mean: 7.030e-02
cov**0.5/mean: 6.957e-02
cov**0.5/mean: 7.354e-02
cov**0.5/mean: 7.860e-02
cov**0.5/mean: 7.396e-02
cov**0.5/mean: 7.064e-02
cov**0.5/mean: 7.075e-02
cov**0.5/mean: 8.436e-02
cov**0.5/mean: 7.602e-02
cov**0.5/mean: 7.205e-02
cov**0.5/mean: 7.205e-02
cov**0.5/mean: 7.106e-02
cov**0.5/mean: 7.114e-02
cov**0.5/mean: 6.966e-02
cov**0.5/mean: 7.349e-02
cov**0.5/mean: 7.108e-02
cov**0.5/mean: 6.648e-02
cov**0.5/mean: nan
cov**0.5/mean: nan
cov**0.5/mean: 8.869e-02
  Step 10000/10000, Time: 5.5s, Acceptance: nan
MCMC completed. Final acceptance rate: nan
Validation score: 8.694469
Average error bar: [0.04134004 0.03154366]
MSE: Ω_m=0.001713, S_8=0.001045

=== Step 5: Test Inference ===
Using MCMC inference for test predictions...
Running MCMC inference...
Setting up NumPy priors: Ω_m ~ N(0.290, 0.106²), S_8 ~ N(0.813, 0.066²)
Flat priors...
Test predictions shape: (4000, 2)
Current initial shape: (4000, 2)
Sample initial position: [0.2199     0.88714697] for test: [0.36028954 0.81085674]
cov**0.5/mean: 7.328e-02
Initial log probabilities range: [-166.71, 7.34]
Valid initial probabilities: 4000/4000
Running 10000 MCMC steps for 4000 test samples...
cov**0.5/mean: 6.946e-02
cov**0.5/mean: 8.022e-02
cov**0.5/mean: 7.172e-02
cov**0.5/mean: 7.109e-02
cov**0.5/mean: 6.884e-02
cov**0.5/mean: 7.318e-02
cov**0.5/mean: nan
cov**0.5/mean: 7.806e-02
cov**0.5/mean: 7.039e-02
cov**0.5/mean: 7.308e-02
cov**0.5/mean: 7.450e-02
cov**0.5/mean: 7.146e-02
cov**0.5/mean: 6.913e-02
cov**0.5/mean: 7.360e-02
cov**0.5/mean: 6.506e-02
cov**0.5/mean: 6.470e-02
cov**0.5/mean: nan
cov**0.5/mean: 6.202e-02
cov**0.5/mean: 7.320e-02
cov**0.5/mean: 7.407e-02
cov**0.5/mean: 6.990e-02
cov**0.5/mean: 6.768e-02
cov**0.5/mean: 6.657e-02
cov**0.5/mean: 6.921e-02
cov**0.5/mean: 6.309e-02
cov**0.5/mean: 5.921e-02
cov**0.5/mean: 6.502e-02
cov**0.5/mean: 6.199e-02
cov**0.5/mean: 6.308e-02
cov**0.5/mean: nan
cov**0.5/mean: 6.678e-02
cov**0.5/mean: 6.313e-02
cov**0.5/mean: 6.198e-02
cov**0.5/mean: 7.152e-02
cov**0.5/mean: 7.026e-02
cov**0.5/mean: 7.634e-02
cov**0.5/mean: 7.248e-02
cov**0.5/mean: 6.671e-02
cov**0.5/mean: 7.346e-02
cov**0.5/mean: 7.217e-02
cov**0.5/mean: 7.187e-02
cov**0.5/mean: 7.382e-02
cov**0.5/mean: 7.006e-02
cov**0.5/mean: 7.423e-02
cov**0.5/mean: 7.078e-02
cov**0.5/mean: 7.203e-02
cov**0.5/mean: 6.739e-02
cov**0.5/mean: 6.514e-02
cov**0.5/mean: 7.373e-02
cov**0.5/mean: 7.249e-02
cov**0.5/mean: 7.295e-02
cov**0.5/mean: 6.400e-02
cov**0.5/mean: nan
cov**0.5/mean: nan
cov**0.5/mean: 6.175e-02
cov**0.5/mean: 6.516e-02
cov**0.5/mean: 6.753e-02
cov**0.5/mean: 6.069e-02
cov**0.5/mean: 6.773e-02
cov**0.5/mean: 6.357e-02
cov**0.5/mean: 6.389e-02
cov**0.5/mean: 6.037e-02
cov**0.5/mean: 6.551e-02
cov**0.5/mean: 6.331e-02
cov**0.5/mean: 6.226e-02
cov**0.5/mean: 6.597e-02
cov**0.5/mean: 5.987e-02
cov**0.5/mean: 6.435e-02
cov**0.5/mean: 6.413e-02
cov**0.5/mean: 6.372e-02
cov**0.5/mean: 7.453e-02
cov**0.5/mean: 6.800e-02
cov**0.5/mean: 6.475e-02
cov**0.5/mean: 6.708e-02
cov**0.5/mean: 6.538e-02
cov**0.5/mean: 6.495e-02
cov**0.5/mean: 5.947e-02
cov**0.5/mean: 6.055e-02
cov**0.5/mean: 6.632e-02
cov**0.5/mean: 7.177e-02
cov**0.5/mean: 6.232e-02
cov**0.5/mean: 7.202e-02
cov**0.5/mean: 7.195e-02
cov**0.5/mean: 5.993e-02
cov**0.5/mean: 6.969e-02
cov**0.5/mean: 7.278e-02
cov**0.5/mean: 7.297e-02
cov**0.5/mean: 7.424e-02
cov**0.5/mean: 6.534e-02
cov**0.5/mean: 7.262e-02
cov**0.5/mean: 6.782e-02
cov**0.5/mean: 7.529e-02
cov**0.5/mean: 6.826e-02
cov**0.5/mean: 6.345e-02
cov**0.5/mean: nan
cov**0.5/mean: 6.849e-02
cov**0.5/mean: 7.495e-02
cov**0.5/mean: 7.042e-02
cov**0.5/mean: 6.561e-02
cov**0.5/mean: 6.284e-02
cov**0.5/mean: 7.636e-02
cov**0.5/mean: 7.238e-02
cov**0.5/mean: 7.274e-02
cov**0.5/mean: 6.713e-02
cov**0.5/mean: 6.729e-02
cov**0.5/mean: 7.327e-02
cov**0.5/mean: 6.860e-02
cov**0.5/mean: 6.416e-02
cov**0.5/mean: 6.829e-02
cov**0.5/mean: 7.099e-02
cov**0.5/mean: 6.954e-02
cov**0.5/mean: 7.367e-02
cov**0.5/mean: 7.022e-02
cov**0.5/mean: 7.517e-02
cov**0.5/mean: 7.470e-02
cov**0.5/mean: 7.493e-02
cov**0.5/mean: 7.302e-02
cov**0.5/mean: 7.238e-02
cov**0.5/mean: 7.000e-02
cov**0.5/mean: 7.238e-02
cov**0.5/mean: 7.012e-02
cov**0.5/mean: 7.255e-02
cov**0.5/mean: 7.289e-02
cov**0.5/mean: 6.946e-02
cov**0.5/mean: 7.439e-02
cov**0.5/mean: 6.192e-02
cov**0.5/mean: 6.336e-02
cov**0.5/mean: 6.497e-02
cov**0.5/mean: 6.690e-02
cov**0.5/mean: nan
cov**0.5/mean: 6.423e-02
cov**0.5/mean: 7.157e-02
cov**0.5/mean: 6.672e-02
cov**0.5/mean: 6.300e-02
cov**0.5/mean: 5.894e-02
cov**0.5/mean: nan
cov**0.5/mean: 6.421e-02
cov**0.5/mean: 6.185e-02
cov**0.5/mean: 6.309e-02
cov**0.5/mean: 6.332e-02
cov**0.5/mean: 6.459e-02
cov**0.5/mean: 6.413e-02
cov**0.5/mean: 6.107e-02
cov**0.5/mean: 6.305e-02
cov**0.5/mean: 5.937e-02
cov**0.5/mean: 7.037e-02
cov**0.5/mean: 7.452e-02
cov**0.5/mean: 6.489e-02
cov**0.5/mean: 6.582e-02
cov**0.5/mean: 6.773e-02
cov**0.5/mean: 6.524e-02
cov**0.5/mean: 7.502e-02
cov**0.5/mean: 7.142e-02
cov**0.5/mean: 7.287e-02
cov**0.5/mean: nan
cov**0.5/mean: 6.378e-02
cov**0.5/mean: 6.947e-02
cov**0.5/mean: 6.673e-02
cov**0.5/mean: 6.353e-02
cov**0.5/mean: 6.046e-02
cov**0.5/mean: 6.390e-02
cov**0.5/mean: 6.184e-02
cov**0.5/mean: nan
cov**0.5/mean: 6.330e-02
cov**0.5/mean: 5.952e-02
cov**0.5/mean: nan
cov**0.5/mean: nan
cov**0.5/mean: 5.794e-02
cov**0.5/mean: 6.104e-02
cov**0.5/mean: 6.236e-02
cov**0.5/mean: nan
cov**0.5/mean: 5.891e-02
cov**0.5/mean: nan
cov**0.5/mean: nan
cov**0.5/mean: 5.644e-02
cov**0.5/mean: 6.217e-02
cov**0.5/mean: 5.941e-02
cov**0.5/mean: nan
cov**0.5/mean: 5.937e-02
cov**0.5/mean: 6.096e-02
cov**0.5/mean: nan
cov**0.5/mean: nan
cov**0.5/mean: 6.352e-02
cov**0.5/mean: 7.088e-02
cov**0.5/mean: 6.234e-02
cov**0.5/mean: 5.897e-02
cov**0.5/mean: 7.486e-02
cov**0.5/mean: 7.378e-02
cov**0.5/mean: nan
cov**0.5/mean: 7.247e-02
cov**0.5/mean: 7.283e-02
cov**0.5/mean: nan
cov**0.5/mean: 6.411e-02
cov**0.5/mean: 6.088e-02
cov**0.5/mean: 6.407e-02
cov**0.5/mean: 7.124e-02
cov**0.5/mean: 7.376e-02
cov**0.5/mean: 7.399e-02
cov**0.5/mean: 7.292e-02
cov**0.5/mean: 7.542e-02
cov**0.5/mean: 7.427e-02
cov**0.5/mean: 6.372e-02
cov**0.5/mean: 7.181e-02
cov**0.5/mean: 8.365e-02
cov**0.5/mean: 7.560e-02
cov**0.5/mean: 6.952e-02
cov**0.5/mean: 7.093e-02
cov**0.5/mean: 7.346e-02
cov**0.5/mean: 7.198e-02
cov**0.5/mean: 7.045e-02
cov**0.5/mean: 7.475e-02
cov**0.5/mean: 7.198e-02
cov**0.5/mean: 7.326e-02
cov**0.5/mean: 7.314e-02
cov**0.5/mean: 7.729e-02
cov**0.5/mean: 7.500e-02
cov**0.5/mean: 7.041e-02
cov**0.5/mean: 6.694e-02
cov**0.5/mean: 6.056e-02
cov**0.5/mean: 7.390e-02
cov**0.5/mean: 6.550e-02
cov**0.5/mean: 6.185e-02
cov**0.5/mean: 7.129e-02
cov**0.5/mean: 6.335e-02
cov**0.5/mean: 7.161e-02
cov**0.5/mean: 7.168e-02
cov**0.5/mean: 6.943e-02
cov**0.5/mean: 6.528e-02
cov**0.5/mean: 6.474e-02
cov**0.5/mean: 6.295e-02
cov**0.5/mean: 5.991e-02
cov**0.5/mean: 6.378e-02
cov**0.5/mean: 6.173e-02
cov**0.5/mean: 6.543e-02
cov**0.5/mean: 6.235e-02
cov**0.5/mean: nan
cov**0.5/mean: 5.919e-02
cov**0.5/mean: 5.738e-02
cov**0.5/mean: 5.944e-02
cov**0.5/mean: 5.499e-02
cov**0.5/mean: nan
cov**0.5/mean: 6.186e-02
cov**0.5/mean: 5.596e-02
cov**0.5/mean: 6.275e-02
cov**0.5/mean: 6.445e-02
cov**0.5/mean: 5.753e-02
cov**0.5/mean: 5.954e-02
cov**0.5/mean: 6.291e-02
cov**0.5/mean: 7.158e-02
cov**0.5/mean: 6.216e-02
cov**0.5/mean: 5.828e-02
cov**0.5/mean: 6.469e-02
cov**0.5/mean: 6.965e-02
cov**0.5/mean: 6.749e-02
cov**0.5/mean: 6.607e-02
cov**0.5/mean: 7.182e-02
cov**0.5/mean: 7.038e-02
cov**0.5/mean: 6.353e-02
cov**0.5/mean: 6.061e-02
cov**0.5/mean: 6.023e-02
cov**0.5/mean: 6.286e-02
cov**0.5/mean: 6.707e-02
cov**0.5/mean: nan
cov**0.5/mean: nan
cov**0.5/mean: 7.320e-02
cov**0.5/mean: 6.946e-02
cov**0.5/mean: 6.976e-02
cov**0.5/mean: 7.293e-02
cov**0.5/mean: 7.095e-02
cov**0.5/mean: 6.630e-02
cov**0.5/mean: 6.750e-02
cov**0.5/mean: 6.665e-02
cov**0.5/mean: 7.050e-02
cov**0.5/mean: 7.370e-02
cov**0.5/mean: 7.065e-02
cov**0.5/mean: 6.762e-02
cov**0.5/mean: nan
cov**0.5/mean: 7.139e-02
cov**0.5/mean: 6.378e-02
cov**0.5/mean: 7.263e-02
cov**0.5/mean: 7.337e-02
cov**0.5/mean: nan
cov**0.5/mean: 6.176e-02
cov**0.5/mean: 7.569e-02
cov**0.5/mean: 7.565e-02
cov**0.5/mean: 7.153e-02
cov**0.5/mean: 6.969e-02
cov**0.5/mean: 6.996e-02
cov**0.5/mean: 7.292e-02
cov**0.5/mean: 7.102e-02
cov**0.5/mean: 6.642e-02
cov**0.5/mean: 6.314e-02
cov**0.5/mean: 6.036e-02
cov**0.5/mean: 6.375e-02
cov**0.5/mean: 6.286e-02
cov**0.5/mean: 6.522e-02
cov**0.5/mean: 6.367e-02
cov**0.5/mean: 7.160e-02
cov**0.5/mean: 6.487e-02
cov**0.5/mean: nan
cov**0.5/mean: 6.200e-02
cov**0.5/mean: 6.014e-02
cov**0.5/mean: 6.339e-02
cov**0.5/mean: 6.045e-02
cov**0.5/mean: 6.299e-02
cov**0.5/mean: 6.511e-02
cov**0.5/mean: 6.228e-02
cov**0.5/mean: 6.074e-02
cov**0.5/mean: 7.190e-02
cov**0.5/mean: 7.083e-02
cov**0.5/mean: 7.209e-02
cov**0.5/mean: 7.200e-02
cov**0.5/mean: 8.148e-02
cov**0.5/mean: 7.009e-02
cov**0.5/mean: 6.883e-02
cov**0.5/mean: 7.036e-02
cov**0.5/mean: 7.308e-02
cov**0.5/mean: 6.876e-02
cov**0.5/mean: 7.310e-02
cov**0.5/mean: 7.291e-02
cov**0.5/mean: 7.310e-02
cov**0.5/mean: 6.952e-02
cov**0.5/mean: 6.726e-02
cov**0.5/mean: 7.334e-02
cov**0.5/mean: 7.086e-02
cov**0.5/mean: 6.628e-02
cov**0.5/mean: 6.744e-02
cov**0.5/mean: 6.638e-02
cov**0.5/mean: 7.176e-02
cov**0.5/mean: 6.266e-02
cov**0.5/mean: 7.277e-02
cov**0.5/mean: 7.250e-02
cov**0.5/mean: 7.518e-02
cov**0.5/mean: 6.590e-02
cov**0.5/mean: 6.305e-02
cov**0.5/mean: 5.589e-02
cov**0.5/mean: 6.614e-02
cov**0.5/mean: 6.142e-02
cov**0.5/mean: nan
cov**0.5/mean: nan
cov**0.5/mean: 5.760e-02
cov**0.5/mean: nan
cov**0.5/mean: nan
cov**0.5/mean: 6.319e-02
cov**0.5/mean: 6.722e-02
cov**0.5/mean: 6.094e-02
cov**0.5/mean: nan
cov**0.5/mean: 6.409e-02
cov**0.5/mean: nan
cov**0.5/mean: 6.320e-02
cov**0.5/mean: 6.889e-02
cov**0.5/mean: 6.274e-02
cov**0.5/mean: 6.528e-02
cov**0.5/mean: 7.191e-02
cov**0.5/mean: 5.894e-02
cov**0.5/mean: 6.232e-02
cov**0.5/mean: 6.692e-02
cov**0.5/mean: 6.675e-02
cov**0.5/mean: 6.664e-02
cov**0.5/mean: 7.403e-02
cov**0.5/mean: 6.245e-02
cov**0.5/mean: 6.390e-02
cov**0.5/mean: 5.704e-02
cov**0.5/mean: 6.198e-02
cov**0.5/mean: 6.134e-02
cov**0.5/mean: 5.628e-02
cov**0.5/mean: 6.533e-02
cov**0.5/mean: nan
cov**0.5/mean: 6.350e-02
cov**0.5/mean: 5.993e-02
cov**0.5/mean: 7.316e-02
cov**0.5/mean: 6.715e-02
cov**0.5/mean: nan
cov**0.5/mean: 6.647e-02
cov**0.5/mean: 6.516e-02
cov**0.5/mean: 6.871e-02
cov**0.5/mean: 6.057e-02
cov**0.5/mean: nan
cov**0.5/mean: 6.114e-02
cov**0.5/mean: 7.232e-02
cov**0.5/mean: 6.875e-02
cov**0.5/mean: 7.310e-02
cov**0.5/mean: 7.569e-02
cov**0.5/mean: 6.336e-02
cov**0.5/mean: 7.217e-02
cov**0.5/mean: 6.081e-02
cov**0.5/mean: 6.498e-02
cov**0.5/mean: 6.172e-02
cov**0.5/mean: 5.626e-02
cov**0.5/mean: nan
cov**0.5/mean: 6.281e-02
cov**0.5/mean: 6.662e-02
cov**0.5/mean: 6.752e-02
cov**0.5/mean: 6.402e-02
cov**0.5/mean: 6.438e-02
cov**0.5/mean: 6.196e-02
cov**0.5/mean: 7.402e-02
cov**0.5/mean: 7.043e-02
cov**0.5/mean: 7.265e-02
cov**0.5/mean: 7.126e-02
cov**0.5/mean: 7.037e-02
cov**0.5/mean: 6.334e-02
cov**0.5/mean: nan
cov**0.5/mean: 6.739e-02
cov**0.5/mean: 6.762e-02
cov**0.5/mean: 7.117e-02
cov**0.5/mean: 7.191e-02
cov**0.5/mean: 7.122e-02
cov**0.5/mean: 6.919e-02
cov**0.5/mean: 7.306e-02
cov**0.5/mean: 7.141e-02
cov**0.5/mean: 7.353e-02
cov**0.5/mean: 7.639e-02
cov**0.5/mean: 7.236e-02
cov**0.5/mean: 6.824e-02
cov**0.5/mean: 7.426e-02
cov**0.5/mean: 6.696e-02
cov**0.5/mean: 7.043e-02
cov**0.5/mean: nan
cov**0.5/mean: 7.328e-02
cov**0.5/mean: nan
cov**0.5/mean: nan
cov**0.5/mean: 6.529e-02
cov**0.5/mean: 6.754e-02
cov**0.5/mean: 7.260e-02
cov**0.5/mean: 7.468e-02
cov**0.5/mean: 7.480e-02
cov**0.5/mean: 7.199e-02
cov**0.5/mean: 7.427e-02
cov**0.5/mean: nan
cov**0.5/mean: 6.881e-02
cov**0.5/mean: 6.453e-02
cov**0.5/mean: 6.799e-02
cov**0.5/mean: 6.999e-02
cov**0.5/mean: 6.032e-02
cov**0.5/mean: 6.822e-02
cov**0.5/mean: 7.064e-02
cov**0.5/mean: 7.171e-02
cov**0.5/mean: 7.300e-02
cov**0.5/mean: 7.102e-02
cov**0.5/mean: 7.218e-02
cov**0.5/mean: 7.114e-02
cov**0.5/mean: 6.825e-02
cov**0.5/mean: 7.780e-02
cov**0.5/mean: 7.332e-02
cov**0.5/mean: 6.564e-02
cov**0.5/mean: 6.555e-02
cov**0.5/mean: 6.086e-02
cov**0.5/mean: 7.506e-02
cov**0.5/mean: 6.403e-02
cov**0.5/mean: nan
cov**0.5/mean: 7.235e-02
cov**0.5/mean: 6.965e-02
cov**0.5/mean: 6.317e-02
cov**0.5/mean: 6.751e-02
cov**0.5/mean: 6.456e-02
cov**0.5/mean: 6.780e-02
cov**0.5/mean: 6.338e-02
cov**0.5/mean: 7.023e-02
cov**0.5/mean: 7.689e-02
cov**0.5/mean: 7.652e-02
cov**0.5/mean: 5.894e-02
cov**0.5/mean: 6.394e-02
cov**0.5/mean: 5.911e-02
cov**0.5/mean: 6.079e-02
cov**0.5/mean: 5.886e-02
cov**0.5/mean: 6.423e-02
cov**0.5/mean: 6.234e-02
cov**0.5/mean: 6.298e-02
cov**0.5/mean: nan
cov**0.5/mean: 6.786e-02
cov**0.5/mean: 6.402e-02
cov**0.5/mean: 7.164e-02
cov**0.5/mean: 7.508e-02
cov**0.5/mean: 7.675e-02
cov**0.5/mean: 7.615e-02
cov**0.5/mean: 7.301e-02
cov**0.5/mean: 7.004e-02
cov**0.5/mean: nan
cov**0.5/mean: 6.590e-02
cov**0.5/mean: 7.204e-02
cov**0.5/mean: nan
cov**0.5/mean: 7.377e-02
cov**0.5/mean: 7.281e-02
cov**0.5/mean: 7.527e-02
cov**0.5/mean: 6.831e-02
cov**0.5/mean: 7.200e-02
cov**0.5/mean: 7.015e-02
cov**0.5/mean: 6.994e-02
cov**0.5/mean: 6.636e-02
cov**0.5/mean: 7.158e-02
cov**0.5/mean: 7.404e-02
cov**0.5/mean: 6.900e-02
cov**0.5/mean: 7.403e-02
cov**0.5/mean: 7.119e-02
cov**0.5/mean: 7.251e-02
cov**0.5/mean: 8.199e-02
cov**0.5/mean: 7.361e-02
cov**0.5/mean: 7.109e-02
cov**0.5/mean: 7.096e-02
cov**0.5/mean: 7.310e-02
cov**0.5/mean: 7.035e-02
cov**0.5/mean: 6.342e-02
cov**0.5/mean: nan
cov**0.5/mean: 6.284e-02
cov**0.5/mean: 6.096e-02
cov**0.5/mean: 6.179e-02
cov**0.5/mean: 6.464e-02
cov**0.5/mean: 6.416e-02
cov**0.5/mean: 6.469e-02
cov**0.5/mean: 6.704e-02
cov**0.5/mean: 6.847e-02
cov**0.5/mean: 6.371e-02
cov**0.5/mean: 6.334e-02
cov**0.5/mean: 6.662e-02
cov**0.5/mean: 7.423e-02
cov**0.5/mean: nan
cov**0.5/mean: 7.432e-02
cov**0.5/mean: nan
cov**0.5/mean: nan
cov**0.5/mean: 6.525e-02
cov**0.5/mean: 7.510e-02
cov**0.5/mean: 6.646e-02
cov**0.5/mean: nan
cov**0.5/mean: 7.171e-02
cov**0.5/mean: 7.139e-02
cov**0.5/mean: 7.183e-02
cov**0.5/mean: 7.050e-02
cov**0.5/mean: 7.406e-02
cov**0.5/mean: 6.946e-02
cov**0.5/mean: 6.270e-02
cov**0.5/mean: 6.424e-02
cov**0.5/mean: 6.404e-02
cov**0.5/mean: 7.083e-02
cov**0.5/mean: nan
cov**0.5/mean: 7.182e-02
cov**0.5/mean: 6.846e-02
cov**0.5/mean: 6.951e-02
cov**0.5/mean: 7.194e-02
cov**0.5/mean: nan
cov**0.5/mean: 6.914e-02
cov**0.5/mean: 7.245e-02
cov**0.5/mean: 6.986e-02
cov**0.5/mean: 7.299e-02
cov**0.5/mean: 6.328e-02
cov**0.5/mean: 6.159e-02
cov**0.5/mean: 6.954e-02
cov**0.5/mean: 6.236e-02
cov**0.5/mean: 7.319e-02
cov**0.5/mean: 5.940e-02
cov**0.5/mean: 6.656e-02
cov**0.5/mean: 6.249e-02
cov**0.5/mean: 6.183e-02
cov**0.5/mean: 6.731e-02
cov**0.5/mean: 6.250e-02
cov**0.5/mean: nan
cov**0.5/mean: nan
cov**0.5/mean: 7.035e-02
cov**0.5/mean: 6.218e-02
cov**0.5/mean: nan
cov**0.5/mean: 6.253e-02
cov**0.5/mean: 6.590e-02
cov**0.5/mean: 6.214e-02
cov**0.5/mean: 6.602e-02
cov**0.5/mean: 6.658e-02
cov**0.5/mean: 6.923e-02
cov**0.5/mean: 6.893e-02
cov**0.5/mean: 6.911e-02
cov**0.5/mean: 7.291e-02
cov**0.5/mean: 6.355e-02
cov**0.5/mean: 7.295e-02
cov**0.5/mean: 7.200e-02
cov**0.5/mean: 6.348e-02
cov**0.5/mean: 6.295e-02
cov**0.5/mean: 6.952e-02
cov**0.5/mean: 6.508e-02
cov**0.5/mean: 6.303e-02
cov**0.5/mean: 6.013e-02
cov**0.5/mean: 6.274e-02
cov**0.5/mean: 6.224e-02
cov**0.5/mean: 6.236e-02
cov**0.5/mean: 6.438e-02
cov**0.5/mean: 7.010e-02
cov**0.5/mean: 6.367e-02
cov**0.5/mean: 7.497e-02
cov**0.5/mean: 7.384e-02
cov**0.5/mean: 7.338e-02
cov**0.5/mean: 6.896e-02
cov**0.5/mean: 7.555e-02
cov**0.5/mean: 6.865e-02
cov**0.5/mean: 7.628e-02
cov**0.5/mean: 7.196e-02
cov**0.5/mean: 7.238e-02
cov**0.5/mean: 7.296e-02
cov**0.5/mean: 7.318e-02
cov**0.5/mean: nan
cov**0.5/mean: nan
cov**0.5/mean: 7.195e-02
cov**0.5/mean: 7.388e-02
cov**0.5/mean: 7.286e-02
cov**0.5/mean: 7.521e-02
cov**0.5/mean: 7.301e-02
cov**0.5/mean: 7.045e-02
cov**0.5/mean: 7.386e-02
cov**0.5/mean: 7.144e-02
cov**0.5/mean: 7.650e-02
cov**0.5/mean: 7.273e-02
cov**0.5/mean: 6.930e-02
cov**0.5/mean: 6.738e-02
cov**0.5/mean: nan
cov**0.5/mean: 6.866e-02
cov**0.5/mean: 6.431e-02
cov**0.5/mean: 6.351e-02
cov**0.5/mean: 6.699e-02
cov**0.5/mean: 6.404e-02
cov**0.5/mean: 6.520e-02
cov**0.5/mean: 6.274e-02
cov**0.5/mean: 6.825e-02
cov**0.5/mean: 6.284e-02
cov**0.5/mean: 6.359e-02
cov**0.5/mean: 6.420e-02
cov**0.5/mean: nan
cov**0.5/mean: 6.072e-02
cov**0.5/mean: 6.302e-02
cov**0.5/mean: 6.126e-02
cov**0.5/mean: 6.778e-02
cov**0.5/mean: 6.496e-02
cov**0.5/mean: 7.069e-02
cov**0.5/mean: 6.241e-02
cov**0.5/mean: 5.648e-02
cov**0.5/mean: 6.659e-02
cov**0.5/mean: 6.095e-02
cov**0.5/mean: 6.051e-02
cov**0.5/mean: 6.133e-02
cov**0.5/mean: 6.038e-02
cov**0.5/mean: 5.680e-02
cov**0.5/mean: 6.300e-02
cov**0.5/mean: 6.254e-02
cov**0.5/mean: 6.333e-02
cov**0.5/mean: 6.322e-02
cov**0.5/mean: 6.790e-02
cov**0.5/mean: nan
cov**0.5/mean: 7.053e-02
cov**0.5/mean: 6.630e-02
cov**0.5/mean: 7.204e-02
cov**0.5/mean: 6.444e-02
cov**0.5/mean: 6.180e-02
cov**0.5/mean: 7.189e-02
cov**0.5/mean: 7.101e-02
cov**0.5/mean: 7.532e-02
cov**0.5/mean: 6.709e-02
cov**0.5/mean: 7.193e-02
cov**0.5/mean: 7.381e-02
cov**0.5/mean: 7.445e-02
cov**0.5/mean: 7.078e-02
cov**0.5/mean: 6.322e-02
cov**0.5/mean: 7.127e-02
cov**0.5/mean: 6.769e-02
cov**0.5/mean: 7.068e-02
cov**0.5/mean: 6.610e-02
cov**0.5/mean: 7.666e-02
cov**0.5/mean: 7.177e-02
cov**0.5/mean: 7.394e-02
cov**0.5/mean: 6.920e-02
cov**0.5/mean: 7.315e-02
cov**0.5/mean: 7.475e-02
cov**0.5/mean: 7.524e-02
cov**0.5/mean: 6.949e-02
cov**0.5/mean: 6.079e-02
cov**0.5/mean: 6.913e-02
cov**0.5/mean: 6.804e-02
cov**0.5/mean: nan
cov**0.5/mean: 7.326e-02
cov**0.5/mean: 6.449e-02
cov**0.5/mean: 7.434e-02
cov**0.5/mean: 7.004e-02
cov**0.5/mean: 6.509e-02
cov**0.5/mean: 7.495e-02
cov**0.5/mean: 6.165e-02
cov**0.5/mean: 6.528e-02
cov**0.5/mean: 6.019e-02
cov**0.5/mean: 7.265e-02
cov**0.5/mean: 7.535e-02
cov**0.5/mean: 7.053e-02
cov**0.5/mean: 8.716e-02
cov**0.5/mean: nan
cov**0.5/mean: 6.867e-02
cov**0.5/mean: 7.228e-02
cov**0.5/mean: 6.950e-02
cov**0.5/mean: 7.118e-02
cov**0.5/mean: 7.255e-02
cov**0.5/mean: 6.901e-02
cov**0.5/mean: 7.257e-02
cov**0.5/mean: 7.233e-02
cov**0.5/mean: 6.561e-02
cov**0.5/mean: nan
cov**0.5/mean: 7.364e-02
cov**0.5/mean: 7.061e-02
cov**0.5/mean: 6.951e-02
cov**0.5/mean: 7.371e-02
cov**0.5/mean: 7.176e-02
cov**0.5/mean: 6.567e-02
cov**0.5/mean: 7.086e-02
cov**0.5/mean: 7.198e-02
cov**0.5/mean: 7.525e-02
cov**0.5/mean: nan
cov**0.5/mean: 6.506e-02
cov**0.5/mean: 6.666e-02
cov**0.5/mean: 7.415e-02
cov**0.5/mean: 7.232e-02
cov**0.5/mean: 6.408e-02
cov**0.5/mean: 6.169e-02
cov**0.5/mean: 6.043e-02
cov**0.5/mean: 6.264e-02
cov**0.5/mean: 7.256e-02
cov**0.5/mean: 6.309e-02
cov**0.5/mean: 5.990e-02
cov**0.5/mean: 6.302e-02
cov**0.5/mean: 5.645e-02
cov**0.5/mean: 5.765e-02
cov**0.5/mean: 6.205e-02
cov**0.5/mean: 6.331e-02
cov**0.5/mean: 5.987e-02
cov**0.5/mean: nan
cov**0.5/mean: nan
cov**0.5/mean: 6.086e-02
cov**0.5/mean: 6.375e-02
cov**0.5/mean: nan
cov**0.5/mean: nan
cov**0.5/mean: 6.303e-02
cov**0.5/mean: 6.128e-02
cov**0.5/mean: 6.339e-02
cov**0.5/mean: 6.252e-02
cov**0.5/mean: 6.665e-02
cov**0.5/mean: 6.231e-02
cov**0.5/mean: 6.235e-02
cov**0.5/mean: nan
cov**0.5/mean: 6.394e-02
cov**0.5/mean: 6.426e-02
cov**0.5/mean: 5.753e-02
cov**0.5/mean: 5.956e-02
cov**0.5/mean: 5.622e-02
cov**0.5/mean: 6.574e-02
cov**0.5/mean: 6.299e-02
cov**0.5/mean: nan
cov**0.5/mean: 7.052e-02
cov**0.5/mean: 6.601e-02
cov**0.5/mean: 5.724e-02
cov**0.5/mean: nan
cov**0.5/mean: 6.802e-02
cov**0.5/mean: 7.243e-02
cov**0.5/mean: 7.058e-02
cov**0.5/mean: 7.167e-02
cov**0.5/mean: 6.877e-02
cov**0.5/mean: 7.327e-02
cov**0.5/mean: 6.422e-02
cov**0.5/mean: 6.181e-02
cov**0.5/mean: 6.451e-02
cov**0.5/mean: 5.603e-02
cov**0.5/mean: 5.973e-02
cov**0.5/mean: 6.417e-02
cov**0.5/mean: 6.427e-02
cov**0.5/mean: 6.998e-02
cov**0.5/mean: 6.270e-02
cov**0.5/mean: 6.268e-02
cov**0.5/mean: 5.979e-02
cov**0.5/mean: 6.542e-02
cov**0.5/mean: 6.334e-02
cov**0.5/mean: 6.233e-02
cov**0.5/mean: 6.372e-02
cov**0.5/mean: 6.886e-02
cov**0.5/mean: 6.512e-02
cov**0.5/mean: 6.090e-02
cov**0.5/mean: 6.307e-02
cov**0.5/mean: nan
cov**0.5/mean: 6.361e-02
cov**0.5/mean: 6.208e-02
cov**0.5/mean: nan
cov**0.5/mean: 5.822e-02
cov**0.5/mean: 5.993e-02
cov**0.5/mean: 5.858e-02
cov**0.5/mean: 5.830e-02
cov**0.5/mean: 6.197e-02
cov**0.5/mean: 6.228e-02
cov**0.5/mean: nan
cov**0.5/mean: 6.112e-02
cov**0.5/mean: 6.050e-02
cov**0.5/mean: nan
cov**0.5/mean: nan
cov**0.5/mean: 6.058e-02
cov**0.5/mean: 5.690e-02
cov**0.5/mean: 6.310e-02
cov**0.5/mean: 5.701e-02
cov**0.5/mean: 5.959e-02
cov**0.5/mean: 7.164e-02
cov**0.5/mean: 5.832e-02
cov**0.5/mean: 7.033e-02
cov**0.5/mean: 6.453e-02
cov**0.5/mean: nan
cov**0.5/mean: 6.510e-02
cov**0.5/mean: 6.352e-02
cov**0.5/mean: 7.020e-02
cov**0.5/mean: 6.625e-02
cov**0.5/mean: 6.322e-02
cov**0.5/mean: 6.933e-02
cov**0.5/mean: 7.738e-02
cov**0.5/mean: 7.262e-02
cov**0.5/mean: 7.419e-02
cov**0.5/mean: 7.146e-02
cov**0.5/mean: 7.426e-02
cov**0.5/mean: 7.008e-02
cov**0.5/mean: 7.534e-02
cov**0.5/mean: 7.450e-02
cov**0.5/mean: 7.147e-02
cov**0.5/mean: 6.774e-02
cov**0.5/mean: 7.215e-02
cov**0.5/mean: 7.241e-02
cov**0.5/mean: 6.300e-02
cov**0.5/mean: 6.297e-02
cov**0.5/mean: 6.267e-02
cov**0.5/mean: 6.774e-02
cov**0.5/mean: 7.294e-02
cov**0.5/mean: 6.767e-02
cov**0.5/mean: 6.431e-02
cov**0.5/mean: 6.441e-02
cov**0.5/mean: 6.274e-02
cov**0.5/mean: 6.368e-02
cov**0.5/mean: 7.573e-02
cov**0.5/mean: nan
cov**0.5/mean: 6.941e-02
cov**0.5/mean: 7.465e-02
cov**0.5/mean: 7.068e-02
cov**0.5/mean: 7.011e-02
cov**0.5/mean: 6.613e-02
cov**0.5/mean: 7.157e-02
cov**0.5/mean: 7.077e-02
cov**0.5/mean: 7.291e-02
cov**0.5/mean: 7.096e-02
cov**0.5/mean: 6.724e-02
cov**0.5/mean: 6.605e-02
cov**0.5/mean: 8.819e-02
cov**0.5/mean: 6.845e-02
cov**0.5/mean: 6.386e-02
cov**0.5/mean: 6.242e-02
cov**0.5/mean: 6.437e-02
cov**0.5/mean: 6.021e-02
cov**0.5/mean: 6.381e-02
cov**0.5/mean: 5.770e-02
cov**0.5/mean: 6.977e-02
cov**0.5/mean: 6.113e-02
cov**0.5/mean: 7.376e-02
cov**0.5/mean: 7.174e-02
cov**0.5/mean: 6.135e-02
cov**0.5/mean: 6.402e-02
cov**0.5/mean: nan
cov**0.5/mean: 6.272e-02
cov**0.5/mean: 6.360e-02
cov**0.5/mean: 6.646e-02
cov**0.5/mean: 6.246e-02
cov**0.5/mean: 6.003e-02
cov**0.5/mean: 6.209e-02
cov**0.5/mean: 6.473e-02
cov**0.5/mean: 6.146e-02
cov**0.5/mean: 7.175e-02
cov**0.5/mean: 6.725e-02
cov**0.5/mean: 6.459e-02
cov**0.5/mean: 6.075e-02
cov**0.5/mean: 6.744e-02
cov**0.5/mean: 6.258e-02
cov**0.5/mean: 7.508e-02
cov**0.5/mean: 6.289e-02
cov**0.5/mean: 7.489e-02
cov**0.5/mean: 7.146e-02
cov**0.5/mean: 6.607e-02
cov**0.5/mean: 6.287e-02
cov**0.5/mean: nan
cov**0.5/mean: 7.038e-02
cov**0.5/mean: 7.081e-02
cov**0.5/mean: 6.597e-02
cov**0.5/mean: 6.935e-02
cov**0.5/mean: 6.819e-02
cov**0.5/mean: 6.175e-02
cov**0.5/mean: 6.457e-02
cov**0.5/mean: 6.432e-02
cov**0.5/mean: 7.590e-02
cov**0.5/mean: 7.047e-02
cov**0.5/mean: 6.990e-02
cov**0.5/mean: 7.659e-02
cov**0.5/mean: 7.378e-02
cov**0.5/mean: 7.054e-02
cov**0.5/mean: 6.125e-02
cov**0.5/mean: nan
cov**0.5/mean: 6.838e-02
cov**0.5/mean: 7.146e-02
cov**0.5/mean: 7.090e-02
cov**0.5/mean: 6.077e-02
cov**0.5/mean: 7.186e-02
cov**0.5/mean: 6.637e-02
cov**0.5/mean: 6.981e-02
cov**0.5/mean: 6.114e-02
cov**0.5/mean: 7.470e-02
cov**0.5/mean: nan
cov**0.5/mean: 6.436e-02
cov**0.5/mean: 6.367e-02
cov**0.5/mean: 7.074e-02
cov**0.5/mean: 7.270e-02
cov**0.5/mean: 6.235e-02
cov**0.5/mean: 6.199e-02
cov**0.5/mean: 5.755e-02
cov**0.5/mean: nan
cov**0.5/mean: 6.488e-02
cov**0.5/mean: 6.310e-02
cov**0.5/mean: 6.324e-02
cov**0.5/mean: 6.379e-02
cov**0.5/mean: 6.113e-02
cov**0.5/mean: 6.434e-02
cov**0.5/mean: 6.709e-02
cov**0.5/mean: 6.208e-02
cov**0.5/mean: 6.408e-02
cov**0.5/mean: 6.449e-02
cov**0.5/mean: 6.667e-02
cov**0.5/mean: 7.441e-02
cov**0.5/mean: 7.418e-02
cov**0.5/mean: 7.654e-02
cov**0.5/mean: 7.157e-02
cov**0.5/mean: 6.721e-02
cov**0.5/mean: 6.754e-02
cov**0.5/mean: 6.360e-02
cov**0.5/mean: 6.430e-02
cov**0.5/mean: 6.319e-02
cov**0.5/mean: 6.762e-02
cov**0.5/mean: 6.770e-02
cov**0.5/mean: 6.632e-02
cov**0.5/mean: 6.475e-02
cov**0.5/mean: 6.506e-02
cov**0.5/mean: 5.996e-02
cov**0.5/mean: 6.089e-02
cov**0.5/mean: nan
cov**0.5/mean: 6.172e-02
cov**0.5/mean: 7.027e-02
cov**0.5/mean: 7.411e-02
cov**0.5/mean: 7.302e-02
cov**0.5/mean: 6.420e-02
cov**0.5/mean: 6.261e-02
cov**0.5/mean: 6.672e-02
cov**0.5/mean: 6.291e-02
cov**0.5/mean: 5.963e-02
cov**0.5/mean: 6.061e-02
cov**0.5/mean: 6.316e-02
cov**0.5/mean: 6.198e-02
cov**0.5/mean: 6.701e-02
cov**0.5/mean: 6.198e-02
cov**0.5/mean: 6.853e-02
cov**0.5/mean: 5.970e-02
cov**0.5/mean: 6.548e-02
cov**0.5/mean: 6.844e-02
cov**0.5/mean: 6.993e-02
cov**0.5/mean: nan
cov**0.5/mean: 6.323e-02
cov**0.5/mean: 6.268e-02
cov**0.5/mean: 6.995e-02
cov**0.5/mean: 7.357e-02
cov**0.5/mean: 7.200e-02
cov**0.5/mean: 7.174e-02
cov**0.5/mean: 7.451e-02
cov**0.5/mean: 7.140e-02
cov**0.5/mean: 7.301e-02
cov**0.5/mean: 7.251e-02
cov**0.5/mean: 6.839e-02
cov**0.5/mean: 7.078e-02
cov**0.5/mean: 7.440e-02
cov**0.5/mean: 6.841e-02
cov**0.5/mean: 7.409e-02
cov**0.5/mean: 6.635e-02
cov**0.5/mean: 7.002e-02
cov**0.5/mean: 7.246e-02
cov**0.5/mean: 7.398e-02
cov**0.5/mean: 6.681e-02
cov**0.5/mean: 7.134e-02
cov**0.5/mean: 6.463e-02
cov**0.5/mean: 7.030e-02
cov**0.5/mean: 6.919e-02
cov**0.5/mean: 6.772e-02
cov**0.5/mean: 7.233e-02
cov**0.5/mean: 6.357e-02
cov**0.5/mean: 6.703e-02
cov**0.5/mean: 6.332e-02
cov**0.5/mean: 6.337e-02
cov**0.5/mean: 7.047e-02
cov**0.5/mean: 7.243e-02
cov**0.5/mean: 7.619e-02
cov**0.5/mean: 6.731e-02
cov**0.5/mean: 6.696e-02
cov**0.5/mean: 7.501e-02
cov**0.5/mean: 6.388e-02
cov**0.5/mean: 7.496e-02
cov**0.5/mean: 6.053e-02
cov**0.5/mean: 6.388e-02
cov**0.5/mean: 6.229e-02
cov**0.5/mean: 5.950e-02
  Step 1000/10000, Time: 5.0s, Acceptance: nan
cov**0.5/mean: 6.039e-02
cov**0.5/mean: 6.899e-02
cov**0.5/mean: 6.378e-02
cov**0.5/mean: 6.377e-02
cov**0.5/mean: 6.779e-02
cov**0.5/mean: 6.501e-02
cov**0.5/mean: 6.428e-02
cov**0.5/mean: nan
cov**0.5/mean: 7.574e-02
cov**0.5/mean: nan
cov**0.5/mean: 7.013e-02
cov**0.5/mean: 7.499e-02
cov**0.5/mean: 7.191e-02
cov**0.5/mean: 6.454e-02
cov**0.5/mean: 6.386e-02
cov**0.5/mean: 6.314e-02
cov**0.5/mean: 6.234e-02
cov**0.5/mean: 5.971e-02
cov**0.5/mean: 6.156e-02
cov**0.5/mean: 5.932e-02
cov**0.5/mean: nan
cov**0.5/mean: 6.404e-02
cov**0.5/mean: 6.002e-02
cov**0.5/mean: 6.512e-02
cov**0.5/mean: 5.974e-02
cov**0.5/mean: 6.493e-02
cov**0.5/mean: 6.214e-02
cov**0.5/mean: 5.886e-02
cov**0.5/mean: 6.050e-02
cov**0.5/mean: 6.299e-02
cov**0.5/mean: 6.384e-02
cov**0.5/mean: 6.023e-02
cov**0.5/mean: 7.150e-02
cov**0.5/mean: 7.263e-02
cov**0.5/mean: 7.222e-02
cov**0.5/mean: 7.034e-02
cov**0.5/mean: 7.232e-02
cov**0.5/mean: 7.282e-02
cov**0.5/mean: 7.037e-02
cov**0.5/mean: 7.676e-02
cov**0.5/mean: 6.938e-02
cov**0.5/mean: 6.550e-02
cov**0.5/mean: 6.764e-02
cov**0.5/mean: 6.638e-02
cov**0.5/mean: 6.737e-02
cov**0.5/mean: nan
cov**0.5/mean: 6.625e-02
cov**0.5/mean: 7.280e-02
cov**0.5/mean: 7.275e-02
cov**0.5/mean: 7.444e-02
cov**0.5/mean: 7.359e-02
cov**0.5/mean: 7.237e-02
cov**0.5/mean: 7.129e-02
cov**0.5/mean: 6.115e-02
cov**0.5/mean: 6.097e-02
cov**0.5/mean: 6.830e-02
cov**0.5/mean: 6.296e-02
cov**0.5/mean: 6.600e-02
cov**0.5/mean: 6.850e-02
cov**0.5/mean: 7.546e-02
cov**0.5/mean: 7.069e-02
cov**0.5/mean: 6.793e-02
cov**0.5/mean: 6.818e-02
cov**0.5/mean: 6.143e-02
cov**0.5/mean: 6.661e-02
cov**0.5/mean: 6.264e-02
cov**0.5/mean: 6.965e-02
cov**0.5/mean: 7.539e-02
cov**0.5/mean: 7.167e-02
cov**0.5/mean: 7.399e-02
cov**0.5/mean: 7.095e-02
cov**0.5/mean: 6.797e-02
cov**0.5/mean: 6.572e-02
cov**0.5/mean: 6.550e-02
cov**0.5/mean: nan
cov**0.5/mean: 6.101e-02
cov**0.5/mean: 6.150e-02
cov**0.5/mean: nan
cov**0.5/mean: 6.303e-02
cov**0.5/mean: 6.164e-02
cov**0.5/mean: 6.294e-02
cov**0.5/mean: 6.268e-02
cov**0.5/mean: 6.723e-02
cov**0.5/mean: 5.835e-02
cov**0.5/mean: 6.360e-02
cov**0.5/mean: 6.521e-02
cov**0.5/mean: 7.067e-02
cov**0.5/mean: 6.335e-02
cov**0.5/mean: 6.654e-02
cov**0.5/mean: 6.484e-02
cov**0.5/mean: 6.780e-02
cov**0.5/mean: 6.222e-02
cov**0.5/mean: 6.791e-02
cov**0.5/mean: 6.476e-02
cov**0.5/mean: 5.765e-02
cov**0.5/mean: 7.357e-02
cov**0.5/mean: 6.631e-02
cov**0.5/mean: 6.434e-02
cov**0.5/mean: 6.473e-02
cov**0.5/mean: 6.061e-02
cov**0.5/mean: 6.004e-02
cov**0.5/mean: 5.760e-02
cov**0.5/mean: 6.217e-02
cov**0.5/mean: nan
cov**0.5/mean: 5.972e-02
cov**0.5/mean: 6.465e-02
cov**0.5/mean: 6.403e-02
cov**0.5/mean: 6.020e-02
cov**0.5/mean: nan
cov**0.5/mean: 6.213e-02
cov**0.5/mean: 6.388e-02
cov**0.5/mean: 6.588e-02
cov**0.5/mean: 6.645e-02
cov**0.5/mean: 7.024e-02
cov**0.5/mean: 6.702e-02
cov**0.5/mean: 7.522e-02
cov**0.5/mean: 6.983e-02
cov**0.5/mean: 5.939e-02
cov**0.5/mean: 7.262e-02
cov**0.5/mean: nan
cov**0.5/mean: 6.579e-02
cov**0.5/mean: 6.838e-02
cov**0.5/mean: 6.916e-02
cov**0.5/mean: 6.858e-02
cov**0.5/mean: 7.405e-02
cov**0.5/mean: 6.974e-02
cov**0.5/mean: nan
cov**0.5/mean: nan
cov**0.5/mean: 6.899e-02
cov**0.5/mean: 6.870e-02
cov**0.5/mean: 7.284e-02
cov**0.5/mean: 7.051e-02
cov**0.5/mean: 7.459e-02
cov**0.5/mean: 7.130e-02
cov**0.5/mean: 7.710e-02
cov**0.5/mean: 7.221e-02
cov**0.5/mean: 7.000e-02
cov**0.5/mean: 6.747e-02
cov**0.5/mean: 6.483e-02
cov**0.5/mean: 6.412e-02
cov**0.5/mean: nan
cov**0.5/mean: nan
cov**0.5/mean: 6.420e-02
cov**0.5/mean: 6.523e-02
cov**0.5/mean: 6.978e-02
cov**0.5/mean: 6.901e-02
cov**0.5/mean: 7.202e-02
cov**0.5/mean: 6.326e-02
cov**0.5/mean: 7.103e-02
cov**0.5/mean: 7.279e-02
cov**0.5/mean: 7.458e-02
cov**0.5/mean: 7.018e-02
cov**0.5/mean: 7.271e-02
cov**0.5/mean: 7.180e-02
cov**0.5/mean: 7.092e-02
cov**0.5/mean: 7.476e-02
cov**0.5/mean: 7.314e-02
cov**0.5/mean: 7.090e-02
cov**0.5/mean: 7.278e-02
cov**0.5/mean: 6.738e-02
cov**0.5/mean: 6.250e-02
cov**0.5/mean: 7.198e-02
cov**0.5/mean: 6.743e-02
cov**0.5/mean: 6.467e-02
cov**0.5/mean: 7.373e-02
cov**0.5/mean: 6.516e-02
cov**0.5/mean: 6.724e-02
cov**0.5/mean: 6.510e-02
cov**0.5/mean: 7.297e-02
cov**0.5/mean: 7.599e-02
cov**0.5/mean: 6.417e-02
cov**0.5/mean: 7.417e-02
cov**0.5/mean: 7.281e-02
cov**0.5/mean: 6.729e-02
cov**0.5/mean: 6.603e-02
cov**0.5/mean: 7.146e-02
cov**0.5/mean: 6.447e-02
cov**0.5/mean: 6.203e-02
cov**0.5/mean: 6.351e-02
cov**0.5/mean: 6.322e-02
cov**0.5/mean: 5.794e-02
cov**0.5/mean: 6.495e-02
cov**0.5/mean: 6.491e-02
cov**0.5/mean: 6.626e-02
cov**0.5/mean: 6.935e-02
cov**0.5/mean: 6.457e-02
cov**0.5/mean: 6.501e-02
cov**0.5/mean: 6.445e-02
cov**0.5/mean: 5.958e-02
cov**0.5/mean: 6.041e-02
cov**0.5/mean: 7.033e-02
cov**0.5/mean: nan
cov**0.5/mean: 7.231e-02
cov**0.5/mean: 6.632e-02
cov**0.5/mean: 7.194e-02
cov**0.5/mean: 6.580e-02
cov**0.5/mean: 6.203e-02
cov**0.5/mean: 6.717e-02
cov**0.5/mean: 6.855e-02
cov**0.5/mean: 7.201e-02
cov**0.5/mean: 6.625e-02
cov**0.5/mean: 6.671e-02
cov**0.5/mean: 6.885e-02
cov**0.5/mean: 6.629e-02
cov**0.5/mean: 7.210e-02
cov**0.5/mean: 6.467e-02
cov**0.5/mean: 6.358e-02
cov**0.5/mean: 6.305e-02
cov**0.5/mean: 6.391e-02
cov**0.5/mean: 5.939e-02
cov**0.5/mean: 6.424e-02
cov**0.5/mean: 6.372e-02
cov**0.5/mean: 7.072e-02
cov**0.5/mean: 5.916e-02
cov**0.5/mean: 6.336e-02
cov**0.5/mean: 6.537e-02
cov**0.5/mean: 6.617e-02
cov**0.5/mean: 6.315e-02
cov**0.5/mean: 6.404e-02
cov**0.5/mean: 7.012e-02
cov**0.5/mean: 7.053e-02
cov**0.5/mean: nan
cov**0.5/mean: 6.843e-02
cov**0.5/mean: 7.309e-02
cov**0.5/mean: 7.124e-02
cov**0.5/mean: 7.025e-02
cov**0.5/mean: 7.482e-02
cov**0.5/mean: 6.341e-02
cov**0.5/mean: 6.851e-02
cov**0.5/mean: 6.137e-02
cov**0.5/mean: 6.458e-02
cov**0.5/mean: 6.639e-02
cov**0.5/mean: 6.771e-02
cov**0.5/mean: 6.791e-02
cov**0.5/mean: 7.582e-02
cov**0.5/mean: 6.762e-02
cov**0.5/mean: nan
cov**0.5/mean: 7.280e-02
cov**0.5/mean: 6.448e-02
cov**0.5/mean: 6.310e-02
cov**0.5/mean: 6.299e-02
cov**0.5/mean: 6.455e-02
cov**0.5/mean: 6.540e-02
cov**0.5/mean: 6.883e-02
cov**0.5/mean: nan
cov**0.5/mean: 6.448e-02
cov**0.5/mean: nan
cov**0.5/mean: 6.274e-02
cov**0.5/mean: 6.742e-02
cov**0.5/mean: 5.936e-02
cov**0.5/mean: 6.139e-02
cov**0.5/mean: 7.122e-02
cov**0.5/mean: 6.256e-02
cov**0.5/mean: nan
cov**0.5/mean: nan
cov**0.5/mean: nan
cov**0.5/mean: 6.448e-02
cov**0.5/mean: 7.149e-02
cov**0.5/mean: 7.207e-02
cov**0.5/mean: 6.443e-02
cov**0.5/mean: 6.370e-02
cov**0.5/mean: 6.328e-02
cov**0.5/mean: 7.158e-02
cov**0.5/mean: 6.884e-02
cov**0.5/mean: 6.343e-02
cov**0.5/mean: 7.475e-02
cov**0.5/mean: 7.386e-02
cov**0.5/mean: 7.439e-02
cov**0.5/mean: 7.281e-02
cov**0.5/mean: 7.735e-02
cov**0.5/mean: 6.349e-02
cov**0.5/mean: 6.990e-02
cov**0.5/mean: 6.249e-02
cov**0.5/mean: 7.333e-02
cov**0.5/mean: 6.899e-02
cov**0.5/mean: 7.098e-02
cov**0.5/mean: 6.744e-02
cov**0.5/mean: 7.285e-02
cov**0.5/mean: 7.436e-02
cov**0.5/mean: 5.906e-02
cov**0.5/mean: 7.162e-02
cov**0.5/mean: 6.559e-02
cov**0.5/mean: 6.562e-02
cov**0.5/mean: 6.368e-02
cov**0.5/mean: 6.361e-02
cov**0.5/mean: 6.859e-02
cov**0.5/mean: 7.036e-02
cov**0.5/mean: 7.253e-02
cov**0.5/mean: 6.052e-02
cov**0.5/mean: 7.408e-02
cov**0.5/mean: 7.590e-02
cov**0.5/mean: 6.629e-02
cov**0.5/mean: 6.641e-02
cov**0.5/mean: 6.608e-02
cov**0.5/mean: 6.839e-02
cov**0.5/mean: 6.493e-02
cov**0.5/mean: 6.995e-02
cov**0.5/mean: 6.224e-02
cov**0.5/mean: 6.481e-02
cov**0.5/mean: 7.288e-02
cov**0.5/mean: 6.486e-02
cov**0.5/mean: 6.466e-02
cov**0.5/mean: 6.465e-02
cov**0.5/mean: 6.428e-02
cov**0.5/mean: nan
cov**0.5/mean: nan
cov**0.5/mean: 6.743e-02
cov**0.5/mean: 6.979e-02
cov**0.5/mean: 6.583e-02
cov**0.5/mean: 6.269e-02
cov**0.5/mean: 7.288e-02
cov**0.5/mean: 5.988e-02
cov**0.5/mean: nan
cov**0.5/mean: 5.921e-02
cov**0.5/mean: 7.262e-02
cov**0.5/mean: 6.732e-02
cov**0.5/mean: 6.533e-02
cov**0.5/mean: 6.977e-02
cov**0.5/mean: 6.284e-02
cov**0.5/mean: 7.428e-02
cov**0.5/mean: 6.419e-02
cov**0.5/mean: 6.077e-02
cov**0.5/mean: 7.124e-02
cov**0.5/mean: 7.045e-02
cov**0.5/mean: 6.700e-02
cov**0.5/mean: 7.213e-02
cov**0.5/mean: 6.416e-02
cov**0.5/mean: 5.829e-02
cov**0.5/mean: 6.633e-02
cov**0.5/mean: 6.831e-02
cov**0.5/mean: 5.806e-02
cov**0.5/mean: 6.747e-02
cov**0.5/mean: 6.178e-02
cov**0.5/mean: 6.313e-02
cov**0.5/mean: 6.087e-02
cov**0.5/mean: 7.265e-02
cov**0.5/mean: 7.437e-02
cov**0.5/mean: 6.516e-02
cov**0.5/mean: 6.484e-02
cov**0.5/mean: 6.503e-02
cov**0.5/mean: 5.644e-02
cov**0.5/mean: 6.423e-02
cov**0.5/mean: 7.094e-02
cov**0.5/mean: 7.534e-02
cov**0.5/mean: 6.939e-02
cov**0.5/mean: nan
cov**0.5/mean: 6.490e-02
cov**0.5/mean: 7.250e-02
cov**0.5/mean: 7.526e-02
cov**0.5/mean: 6.456e-02
cov**0.5/mean: 6.501e-02
cov**0.5/mean: 6.650e-02
cov**0.5/mean: 6.256e-02
cov**0.5/mean: 6.415e-02
cov**0.5/mean: 6.025e-02
cov**0.5/mean: 6.415e-02
cov**0.5/mean: 6.368e-02
cov**0.5/mean: 6.907e-02
cov**0.5/mean: 6.184e-02
cov**0.5/mean: 6.583e-02
cov**0.5/mean: 6.518e-02
cov**0.5/mean: 7.263e-02
cov**0.5/mean: 6.508e-02
cov**0.5/mean: 6.622e-02
cov**0.5/mean: nan
cov**0.5/mean: 6.410e-02
cov**0.5/mean: 6.299e-02
cov**0.5/mean: nan
cov**0.5/mean: 5.871e-02
cov**0.5/mean: 6.004e-02
cov**0.5/mean: nan
cov**0.5/mean: nan
cov**0.5/mean: 7.029e-02
cov**0.5/mean: 6.559e-02
cov**0.5/mean: 6.320e-02
cov**0.5/mean: 6.642e-02
cov**0.5/mean: 6.928e-02
cov**0.5/mean: 5.847e-02
cov**0.5/mean: 6.309e-02
cov**0.5/mean: 7.200e-02
cov**0.5/mean: 6.376e-02
cov**0.5/mean: 7.135e-02
cov**0.5/mean: 6.186e-02
cov**0.5/mean: 5.829e-02
cov**0.5/mean: 6.375e-02
cov**0.5/mean: 7.068e-02
cov**0.5/mean: 6.216e-02
cov**0.5/mean: 7.413e-02
cov**0.5/mean: 6.684e-02
cov**0.5/mean: 6.823e-02
cov**0.5/mean: 7.312e-02
cov**0.5/mean: 7.084e-02
cov**0.5/mean: 7.079e-02
cov**0.5/mean: 7.648e-02
cov**0.5/mean: 7.184e-02
cov**0.5/mean: 7.442e-02
cov**0.5/mean: nan
cov**0.5/mean: 7.264e-02
cov**0.5/mean: 6.903e-02
cov**0.5/mean: 7.044e-02
cov**0.5/mean: 6.818e-02
cov**0.5/mean: 6.332e-02
cov**0.5/mean: 5.968e-02
cov**0.5/mean: 6.379e-02
cov**0.5/mean: 6.396e-02
cov**0.5/mean: 6.493e-02
cov**0.5/mean: 6.415e-02
cov**0.5/mean: 6.268e-02
cov**0.5/mean: 6.060e-02
cov**0.5/mean: 6.868e-02
cov**0.5/mean: 6.307e-02
cov**0.5/mean: nan
cov**0.5/mean: nan
cov**0.5/mean: nan
cov**0.5/mean: 5.690e-02
cov**0.5/mean: nan
cov**0.5/mean: 6.322e-02
cov**0.5/mean: 5.770e-02
cov**0.5/mean: 6.183e-02
cov**0.5/mean: 6.445e-02
cov**0.5/mean: 6.254e-02
cov**0.5/mean: 6.346e-02
cov**0.5/mean: 6.304e-02
cov**0.5/mean: 6.235e-02
cov**0.5/mean: 5.884e-02
cov**0.5/mean: 7.314e-02
cov**0.5/mean: nan
cov**0.5/mean: 6.385e-02
cov**0.5/mean: 5.839e-02
cov**0.5/mean: 6.650e-02
cov**0.5/mean: 6.455e-02
cov**0.5/mean: 6.788e-02
cov**0.5/mean: 6.175e-02
cov**0.5/mean: 6.950e-02
cov**0.5/mean: 6.861e-02
cov**0.5/mean: 6.847e-02
cov**0.5/mean: 6.894e-02
cov**0.5/mean: nan
cov**0.5/mean: 7.236e-02
cov**0.5/mean: nan
cov**0.5/mean: 7.561e-02
cov**0.5/mean: nan
cov**0.5/mean: 6.879e-02
cov**0.5/mean: 6.499e-02
cov**0.5/mean: 5.914e-02
cov**0.5/mean: 7.295e-02
cov**0.5/mean: 7.258e-02
cov**0.5/mean: 7.232e-02
cov**0.5/mean: 7.110e-02
cov**0.5/mean: 6.605e-02
cov**0.5/mean: 6.392e-02
cov**0.5/mean: 6.715e-02
cov**0.5/mean: 6.156e-02
cov**0.5/mean: 5.906e-02
cov**0.5/mean: nan
cov**0.5/mean: 6.258e-02
cov**0.5/mean: 7.468e-02
cov**0.5/mean: 6.345e-02
cov**0.5/mean: 6.091e-02
cov**0.5/mean: 7.292e-02
cov**0.5/mean: 6.201e-02
cov**0.5/mean: 5.899e-02
cov**0.5/mean: 7.317e-02
cov**0.5/mean: 6.766e-02
cov**0.5/mean: 7.077e-02
cov**0.5/mean: 7.419e-02
cov**0.5/mean: 6.485e-02
cov**0.5/mean: 6.161e-02
cov**0.5/mean: 7.177e-02
cov**0.5/mean: 6.378e-02
cov**0.5/mean: 7.301e-02
cov**0.5/mean: 7.182e-02
cov**0.5/mean: 6.146e-02
cov**0.5/mean: 6.486e-02
cov**0.5/mean: 6.693e-02
cov**0.5/mean: 6.861e-02
cov**0.5/mean: 6.379e-02
cov**0.5/mean: 7.236e-02
cov**0.5/mean: 6.909e-02
cov**0.5/mean: 6.787e-02
cov**0.5/mean: 7.235e-02
cov**0.5/mean: 6.960e-02
cov**0.5/mean: 6.957e-02
cov**0.5/mean: 7.121e-02
cov**0.5/mean: 6.766e-02
cov**0.5/mean: 6.825e-02
cov**0.5/mean: 6.251e-02
cov**0.5/mean: 6.048e-02
cov**0.5/mean: nan
cov**0.5/mean: 6.636e-02
cov**0.5/mean: 7.815e-02
cov**0.5/mean: 6.370e-02
cov**0.5/mean: 5.868e-02
cov**0.5/mean: 5.949e-02
cov**0.5/mean: nan
cov**0.5/mean: 5.613e-02
cov**0.5/mean: nan
cov**0.5/mean: 5.573e-02
cov**0.5/mean: 6.072e-02
cov**0.5/mean: nan
cov**0.5/mean: 6.798e-02
cov**0.5/mean: 5.927e-02
cov**0.5/mean: 6.442e-02
cov**0.5/mean: 6.057e-02
cov**0.5/mean: 6.230e-02
cov**0.5/mean: nan
cov**0.5/mean: 6.855e-02
cov**0.5/mean: 6.458e-02
cov**0.5/mean: 6.055e-02
cov**0.5/mean: nan
cov**0.5/mean: 6.130e-02
cov**0.5/mean: 5.808e-02
cov**0.5/mean: 6.347e-02
cov**0.5/mean: nan
cov**0.5/mean: nan
cov**0.5/mean: 6.156e-02
cov**0.5/mean: nan
cov**0.5/mean: 6.254e-02
cov**0.5/mean: 6.582e-02
cov**0.5/mean: 6.291e-02
cov**0.5/mean: 6.366e-02
cov**0.5/mean: 6.490e-02
cov**0.5/mean: 6.979e-02
cov**0.5/mean: 6.434e-02
cov**0.5/mean: nan
cov**0.5/mean: nan
cov**0.5/mean: 7.429e-02
cov**0.5/mean: 6.609e-02
cov**0.5/mean: 7.029e-02
cov**0.5/mean: 6.983e-02
cov**0.5/mean: 6.119e-02
cov**0.5/mean: 7.380e-02
cov**0.5/mean: 6.746e-02
cov**0.5/mean: 6.973e-02
cov**0.5/mean: 6.533e-02
cov**0.5/mean: 6.324e-02
cov**0.5/mean: 6.313e-02
cov**0.5/mean: 6.422e-02
cov**0.5/mean: nan
cov**0.5/mean: 6.372e-02
cov**0.5/mean: 6.089e-02
cov**0.5/mean: 7.047e-02
cov**0.5/mean: 7.303e-02
cov**0.5/mean: 6.484e-02
cov**0.5/mean: 6.099e-02
cov**0.5/mean: 6.939e-02
cov**0.5/mean: 7.092e-02
cov**0.5/mean: 7.123e-02
cov**0.5/mean: 6.270e-02
cov**0.5/mean: 7.351e-02
cov**0.5/mean: 7.505e-02
cov**0.5/mean: 7.284e-02
cov**0.5/mean: 6.884e-02
cov**0.5/mean: 6.742e-02
cov**0.5/mean: 6.921e-02
cov**0.5/mean: 7.073e-02
cov**0.5/mean: 7.269e-02
cov**0.5/mean: 7.165e-02
cov**0.5/mean: 7.218e-02
cov**0.5/mean: 7.182e-02
cov**0.5/mean: 7.146e-02
cov**0.5/mean: 6.735e-02
cov**0.5/mean: 6.477e-02
cov**0.5/mean: 7.525e-02
cov**0.5/mean: 6.585e-02
cov**0.5/mean: 6.459e-02
cov**0.5/mean: 7.308e-02
cov**0.5/mean: 6.905e-02
cov**0.5/mean: 7.154e-02
cov**0.5/mean: 7.197e-02
cov**0.5/mean: 6.464e-02
cov**0.5/mean: 7.079e-02
cov**0.5/mean: 7.280e-02
cov**0.5/mean: 7.161e-02
cov**0.5/mean: 6.235e-02
cov**0.5/mean: 6.701e-02
cov**0.5/mean: 6.642e-02
cov**0.5/mean: 6.185e-02
cov**0.5/mean: 6.875e-02
cov**0.5/mean: 6.341e-02
cov**0.5/mean: 6.426e-02
cov**0.5/mean: 6.292e-02
cov**0.5/mean: 7.111e-02
cov**0.5/mean: 7.205e-02
cov**0.5/mean: 5.620e-02
cov**0.5/mean: 6.263e-02
cov**0.5/mean: 7.173e-02
cov**0.5/mean: 6.456e-02
cov**0.5/mean: 6.336e-02
cov**0.5/mean: 5.860e-02
cov**0.5/mean: 6.192e-02
cov**0.5/mean: 6.317e-02
cov**0.5/mean: 7.625e-02
cov**0.5/mean: 6.377e-02
cov**0.5/mean: nan
cov**0.5/mean: 7.274e-02
cov**0.5/mean: 7.374e-02
cov**0.5/mean: 6.945e-02
cov**0.5/mean: 7.129e-02
cov**0.5/mean: 7.343e-02
cov**0.5/mean: 7.539e-02
cov**0.5/mean: 7.004e-02
cov**0.5/mean: 6.820e-02
cov**0.5/mean: 7.334e-02
cov**0.5/mean: nan
cov**0.5/mean: 7.076e-02
cov**0.5/mean: 7.561e-02
cov**0.5/mean: 6.885e-02
cov**0.5/mean: 6.923e-02
cov**0.5/mean: 7.129e-02
cov**0.5/mean: 7.271e-02
cov**0.5/mean: 6.770e-02
cov**0.5/mean: 6.864e-02
cov**0.5/mean: 6.262e-02
cov**0.5/mean: 6.786e-02
cov**0.5/mean: 6.657e-02
cov**0.5/mean: 6.329e-02
cov**0.5/mean: nan
cov**0.5/mean: 6.245e-02
cov**0.5/mean: 7.268e-02
cov**0.5/mean: nan
cov**0.5/mean: 7.460e-02
cov**0.5/mean: 7.367e-02
cov**0.5/mean: 7.199e-02
cov**0.5/mean: 7.459e-02
cov**0.5/mean: 7.316e-02
cov**0.5/mean: 7.755e-02
cov**0.5/mean: 7.636e-02
cov**0.5/mean: 7.460e-02
cov**0.5/mean: nan
cov**0.5/mean: nan
cov**0.5/mean: 6.670e-02
cov**0.5/mean: 7.275e-02
cov**0.5/mean: nan
cov**0.5/mean: 7.102e-02
cov**0.5/mean: nan
cov**0.5/mean: 7.538e-02
cov**0.5/mean: nan
cov**0.5/mean: nan
cov**0.5/mean: nan
cov**0.5/mean: 7.353e-02
cov**0.5/mean: 7.411e-02
cov**0.5/mean: 6.671e-02
cov**0.5/mean: 7.155e-02
cov**0.5/mean: 7.147e-02
cov**0.5/mean: 6.969e-02
cov**0.5/mean: 6.605e-02
cov**0.5/mean: 7.167e-02
cov**0.5/mean: 7.005e-02
cov**0.5/mean: 6.813e-02
cov**0.5/mean: 6.333e-02
cov**0.5/mean: 6.755e-02
cov**0.5/mean: 6.210e-02
cov**0.5/mean: nan
cov**0.5/mean: 6.335e-02
cov**0.5/mean: nan
cov**0.5/mean: 6.327e-02
cov**0.5/mean: nan
cov**0.5/mean: 5.783e-02
cov**0.5/mean: 5.812e-02
cov**0.5/mean: nan
cov**0.5/mean: nan
cov**0.5/mean: 6.166e-02
cov**0.5/mean: nan
cov**0.5/mean: 6.121e-02
cov**0.5/mean: 6.014e-02
cov**0.5/mean: 6.280e-02
cov**0.5/mean: 6.459e-02
cov**0.5/mean: nan
cov**0.5/mean: 6.296e-02
cov**0.5/mean: nan
cov**0.5/mean: 6.023e-02
cov**0.5/mean: 6.111e-02
cov**0.5/mean: 6.069e-02
cov**0.5/mean: 5.823e-02
cov**0.5/mean: 6.302e-02
cov**0.5/mean: 6.231e-02
cov**0.5/mean: nan
cov**0.5/mean: nan
cov**0.5/mean: 6.219e-02
cov**0.5/mean: 6.228e-02
cov**0.5/mean: 6.249e-02
cov**0.5/mean: nan
cov**0.5/mean: nan
cov**0.5/mean: 7.193e-02
cov**0.5/mean: 7.323e-02
cov**0.5/mean: 7.251e-02
cov**0.5/mean: 6.496e-02
cov**0.5/mean: 5.954e-02
cov**0.5/mean: 7.160e-02
cov**0.5/mean: 6.831e-02
cov**0.5/mean: 7.123e-02
cov**0.5/mean: 6.253e-02
cov**0.5/mean: 7.147e-02
cov**0.5/mean: 7.300e-02
cov**0.5/mean: 6.352e-02
cov**0.5/mean: 6.547e-02
cov**0.5/mean: 6.206e-02
cov**0.5/mean: 7.168e-02
cov**0.5/mean: 7.275e-02
cov**0.5/mean: 6.046e-02
cov**0.5/mean: 6.290e-02
cov**0.5/mean: 6.439e-02
cov**0.5/mean: 6.579e-02
cov**0.5/mean: 7.015e-02
cov**0.5/mean: 6.321e-02
cov**0.5/mean: 6.502e-02
cov**0.5/mean: 6.014e-02
cov**0.5/mean: 7.200e-02
cov**0.5/mean: nan
cov**0.5/mean: 7.233e-02
cov**0.5/mean: 6.222e-02
cov**0.5/mean: nan
cov**0.5/mean: 6.488e-02
cov**0.5/mean: 5.900e-02
cov**0.5/mean: 6.474e-02
cov**0.5/mean: nan
cov**0.5/mean: 6.296e-02
cov**0.5/mean: 6.520e-02
cov**0.5/mean: 6.416e-02
cov**0.5/mean: 5.976e-02
cov**0.5/mean: 6.474e-02
cov**0.5/mean: 6.179e-02
cov**0.5/mean: 7.065e-02
cov**0.5/mean: 5.815e-02
cov**0.5/mean: nan
cov**0.5/mean: 6.327e-02
cov**0.5/mean: 6.498e-02
cov**0.5/mean: 6.359e-02
cov**0.5/mean: 6.094e-02
cov**0.5/mean: 6.079e-02
cov**0.5/mean: 7.163e-02
cov**0.5/mean: 6.200e-02
cov**0.5/mean: 6.029e-02
cov**0.5/mean: 6.472e-02
cov**0.5/mean: 6.340e-02
cov**0.5/mean: nan
cov**0.5/mean: 6.239e-02
cov**0.5/mean: 6.370e-02
cov**0.5/mean: 6.392e-02
cov**0.5/mean: 6.558e-02
cov**0.5/mean: 6.972e-02
cov**0.5/mean: 6.457e-02
cov**0.5/mean: 5.997e-02
cov**0.5/mean: 6.553e-02
cov**0.5/mean: 6.422e-02
cov**0.5/mean: 7.126e-02
cov**0.5/mean: 6.130e-02
cov**0.5/mean: 6.358e-02
cov**0.5/mean: 6.181e-02
cov**0.5/mean: 5.756e-02
cov**0.5/mean: 6.014e-02
cov**0.5/mean: 6.463e-02
cov**0.5/mean: 6.407e-02
cov**0.5/mean: 6.908e-02
cov**0.5/mean: 6.338e-02
cov**0.5/mean: 6.322e-02
cov**0.5/mean: nan
cov**0.5/mean: 6.410e-02
cov**0.5/mean: nan
cov**0.5/mean: 5.666e-02
cov**0.5/mean: 5.760e-02
cov**0.5/mean: 6.184e-02
cov**0.5/mean: 6.340e-02
cov**0.5/mean: 6.959e-02
cov**0.5/mean: 6.750e-02
cov**0.5/mean: 7.079e-02
cov**0.5/mean: 7.184e-02
cov**0.5/mean: nan
cov**0.5/mean: 6.113e-02
cov**0.5/mean: 6.093e-02
cov**0.5/mean: 6.411e-02
cov**0.5/mean: 6.122e-02
cov**0.5/mean: 6.478e-02
cov**0.5/mean: 6.041e-02
cov**0.5/mean: 6.623e-02
cov**0.5/mean: 6.288e-02
cov**0.5/mean: 6.335e-02
cov**0.5/mean: 6.291e-02
cov**0.5/mean: 6.413e-02
cov**0.5/mean: 6.410e-02
cov**0.5/mean: 6.436e-02
cov**0.5/mean: nan
cov**0.5/mean: 6.334e-02
cov**0.5/mean: 7.145e-02
cov**0.5/mean: 6.677e-02
cov**0.5/mean: 7.369e-02
cov**0.5/mean: 7.097e-02
cov**0.5/mean: 5.615e-02
cov**0.5/mean: 7.207e-02
cov**0.5/mean: 7.090e-02
cov**0.5/mean: 7.093e-02
cov**0.5/mean: 7.249e-02
cov**0.5/mean: 6.616e-02
cov**0.5/mean: nan
cov**0.5/mean: 7.160e-02
cov**0.5/mean: 6.217e-02
cov**0.5/mean: 7.088e-02
cov**0.5/mean: 6.827e-02
cov**0.5/mean: 7.070e-02
cov**0.5/mean: 7.209e-02
cov**0.5/mean: 6.806e-02
cov**0.5/mean: 6.989e-02
cov**0.5/mean: 7.270e-02
cov**0.5/mean: 7.558e-02
cov**0.5/mean: nan
cov**0.5/mean: nan
cov**0.5/mean: 7.585e-02
cov**0.5/mean: 7.651e-02
cov**0.5/mean: 7.582e-02
cov**0.5/mean: 7.003e-02
cov**0.5/mean: 6.959e-02
cov**0.5/mean: 7.264e-02
cov**0.5/mean: 6.915e-02
cov**0.5/mean: 7.056e-02
cov**0.5/mean: 7.508e-02
cov**0.5/mean: 6.306e-02
cov**0.5/mean: nan
cov**0.5/mean: 6.782e-02
cov**0.5/mean: 6.325e-02
cov**0.5/mean: 6.244e-02
cov**0.5/mean: 6.433e-02
cov**0.5/mean: 6.144e-02
cov**0.5/mean: nan
cov**0.5/mean: 7.120e-02
cov**0.5/mean: 6.153e-02
cov**0.5/mean: 7.177e-02
cov**0.5/mean: 6.953e-02
cov**0.5/mean: 6.597e-02
cov**0.5/mean: 7.501e-02
cov**0.5/mean: 6.434e-02
cov**0.5/mean: 6.744e-02
cov**0.5/mean: 7.141e-02
cov**0.5/mean: 7.300e-02
cov**0.5/mean: 6.187e-02
cov**0.5/mean: 6.796e-02
cov**0.5/mean: 6.347e-02
cov**0.5/mean: nan
cov**0.5/mean: nan
cov**0.5/mean: 7.197e-02
cov**0.5/mean: 6.559e-02
cov**0.5/mean: 7.281e-02
cov**0.5/mean: 6.868e-02
cov**0.5/mean: 7.471e-02
cov**0.5/mean: 7.071e-02
cov**0.5/mean: 6.403e-02
cov**0.5/mean: nan
cov**0.5/mean: 6.245e-02
cov**0.5/mean: 6.009e-02
cov**0.5/mean: 6.336e-02
cov**0.5/mean: 6.734e-02
cov**0.5/mean: nan
cov**0.5/mean: 6.468e-02
cov**0.5/mean: 6.005e-02
cov**0.5/mean: 6.473e-02
cov**0.5/mean: 6.221e-02
cov**0.5/mean: 5.950e-02
cov**0.5/mean: 6.310e-02
cov**0.5/mean: 5.716e-02
cov**0.5/mean: nan
cov**0.5/mean: 5.610e-02
cov**0.5/mean: 5.957e-02
cov**0.5/mean: nan
cov**0.5/mean: nan
cov**0.5/mean: 6.346e-02
cov**0.5/mean: 5.803e-02
cov**0.5/mean: 6.070e-02
cov**0.5/mean: 6.114e-02
cov**0.5/mean: 5.722e-02
cov**0.5/mean: nan
cov**0.5/mean: nan
cov**0.5/mean: nan
cov**0.5/mean: nan
cov**0.5/mean: 5.823e-02
cov**0.5/mean: 5.703e-02
cov**0.5/mean: nan
cov**0.5/mean: nan
cov**0.5/mean: nan
cov**0.5/mean: nan
cov**0.5/mean: 5.682e-02
cov**0.5/mean: nan
cov**0.5/mean: 5.763e-02
cov**0.5/mean: 5.562e-02
cov**0.5/mean: nan
cov**0.5/mean: nan
cov**0.5/mean: nan
cov**0.5/mean: 6.201e-02
cov**0.5/mean: 6.401e-02
cov**0.5/mean: nan
cov**0.5/mean: 6.485e-02
cov**0.5/mean: 6.629e-02
cov**0.5/mean: 6.454e-02
cov**0.5/mean: 7.141e-02
cov**0.5/mean: 6.253e-02
cov**0.5/mean: 6.466e-02
cov**0.5/mean: nan
cov**0.5/mean: 6.990e-02
cov**0.5/mean: 6.105e-02
cov**0.5/mean: 6.323e-02
cov**0.5/mean: 6.271e-02
cov**0.5/mean: nan
cov**0.5/mean: 6.755e-02
cov**0.5/mean: nan
cov**0.5/mean: 6.719e-02
cov**0.5/mean: 7.243e-02
cov**0.5/mean: 7.140e-02
cov**0.5/mean: 6.369e-02
cov**0.5/mean: 6.307e-02
cov**0.5/mean: 6.102e-02
cov**0.5/mean: 7.813e-02
cov**0.5/mean: 6.416e-02
cov**0.5/mean: 6.024e-02
cov**0.5/mean: nan
cov**0.5/mean: nan
cov**0.5/mean: 7.637e-02
cov**0.5/mean: 7.471e-02
cov**0.5/mean: 6.722e-02
cov**0.5/mean: 6.859e-02
cov**0.5/mean: 6.313e-02
cov**0.5/mean: 6.708e-02
cov**0.5/mean: nan
cov**0.5/mean: 7.440e-02
cov**0.5/mean: 6.271e-02
cov**0.5/mean: 7.478e-02
cov**0.5/mean: 6.144e-02
cov**0.5/mean: 6.494e-02
cov**0.5/mean: 6.912e-02
cov**0.5/mean: 6.388e-02
cov**0.5/mean: 6.028e-02
cov**0.5/mean: 6.351e-02
cov**0.5/mean: nan
cov**0.5/mean: nan
cov**0.5/mean: 5.994e-02
cov**0.5/mean: 6.388e-02
cov**0.5/mean: 6.050e-02
cov**0.5/mean: 7.077e-02
cov**0.5/mean: nan
cov**0.5/mean: 6.286e-02
cov**0.5/mean: 7.393e-02
cov**0.5/mean: 6.212e-02
cov**0.5/mean: 7.177e-02
cov**0.5/mean: 6.084e-02
cov**0.5/mean: 6.501e-02
cov**0.5/mean: 7.206e-02
cov**0.5/mean: nan
cov**0.5/mean: 7.312e-02
cov**0.5/mean: 5.964e-02
cov**0.5/mean: 7.249e-02
cov**0.5/mean: 7.358e-02
cov**0.5/mean: nan
cov**0.5/mean: 7.203e-02
cov**0.5/mean: 6.466e-02
cov**0.5/mean: 6.637e-02
cov**0.5/mean: 6.203e-02
cov**0.5/mean: 6.031e-02
cov**0.5/mean: 6.005e-02
cov**0.5/mean: 6.917e-02
cov**0.5/mean: 6.954e-02
cov**0.5/mean: 5.920e-02
cov**0.5/mean: 6.153e-02
cov**0.5/mean: 6.401e-02
cov**0.5/mean: 6.419e-02
cov**0.5/mean: 6.534e-02
cov**0.5/mean: 6.834e-02
cov**0.5/mean: 7.018e-02
cov**0.5/mean: 6.065e-02
cov**0.5/mean: 7.382e-02
cov**0.5/mean: 6.788e-02
cov**0.5/mean: 7.110e-02
cov**0.5/mean: 7.512e-02
cov**0.5/mean: 7.374e-02
cov**0.5/mean: 7.524e-02
cov**0.5/mean: 7.544e-02
cov**0.5/mean: 6.919e-02
cov**0.5/mean: 7.210e-02
cov**0.5/mean: 7.230e-02
cov**0.5/mean: 6.977e-02
cov**0.5/mean: 6.470e-02
cov**0.5/mean: 6.981e-02
cov**0.5/mean: 6.858e-02
cov**0.5/mean: 6.960e-02
cov**0.5/mean: 6.980e-02
cov**0.5/mean: 7.715e-02
cov**0.5/mean: 6.970e-02
cov**0.5/mean: 6.234e-02
cov**0.5/mean: 7.060e-02
cov**0.5/mean: nan
cov**0.5/mean: 7.281e-02
cov**0.5/mean: 6.082e-02
cov**0.5/mean: 6.411e-02
cov**0.5/mean: 6.317e-02
cov**0.5/mean: 7.275e-02
cov**0.5/mean: 7.191e-02
cov**0.5/mean: 6.514e-02
cov**0.5/mean: 7.066e-02
cov**0.5/mean: 6.482e-02
cov**0.5/mean: 7.139e-02
cov**0.5/mean: 7.333e-02
cov**0.5/mean: 7.761e-02
cov**0.5/mean: 7.351e-02
  Step 2000/10000, Time: 5.0s, Acceptance: nan
cov**0.5/mean: 7.364e-02
cov**0.5/mean: 7.103e-02
cov**0.5/mean: 7.547e-02
cov**0.5/mean: 6.965e-02
cov**0.5/mean: 7.213e-02
cov**0.5/mean: nan
cov**0.5/mean: 6.871e-02
cov**0.5/mean: 7.422e-02
cov**0.5/mean: 6.386e-02
cov**0.5/mean: 6.170e-02
cov**0.5/mean: 6.830e-02
cov**0.5/mean: 5.770e-02
cov**0.5/mean: nan
cov**0.5/mean: 5.840e-02
cov**0.5/mean: 6.339e-02
cov**0.5/mean: 6.184e-02
cov**0.5/mean: 7.025e-02
cov**0.5/mean: 6.358e-02
cov**0.5/mean: 6.274e-02
cov**0.5/mean: 6.957e-02
cov**0.5/mean: 7.522e-02
cov**0.5/mean: 7.120e-02
cov**0.5/mean: 6.567e-02
cov**0.5/mean: 6.891e-02
cov**0.5/mean: 6.893e-02
cov**0.5/mean: 6.798e-02
cov**0.5/mean: 6.451e-02
cov**0.5/mean: 6.259e-02
cov**0.5/mean: nan
cov**0.5/mean: nan
cov**0.5/mean: nan
cov**0.5/mean: 6.277e-02
cov**0.5/mean: 5.702e-02
cov**0.5/mean: 6.369e-02
cov**0.5/mean: 5.653e-02
cov**0.5/mean: nan
cov**0.5/mean: 5.998e-02
cov**0.5/mean: 6.418e-02
cov**0.5/mean: 6.368e-02
cov**0.5/mean: 6.440e-02
cov**0.5/mean: 6.285e-02
cov**0.5/mean: 6.457e-02
cov**0.5/mean: 6.120e-02
cov**0.5/mean: 6.482e-02
cov**0.5/mean: 6.272e-02
cov**0.5/mean: 6.835e-02
cov**0.5/mean: 6.714e-02
cov**0.5/mean: 6.872e-02
cov**0.5/mean: 7.336e-02
cov**0.5/mean: 7.014e-02
cov**0.5/mean: 7.208e-02
cov**0.5/mean: 7.479e-02
cov**0.5/mean: 6.148e-02
cov**0.5/mean: 6.239e-02
cov**0.5/mean: 6.172e-02
cov**0.5/mean: 6.151e-02
cov**0.5/mean: 6.738e-02
cov**0.5/mean: 7.098e-02
cov**0.5/mean: 6.031e-02
cov**0.5/mean: 6.309e-02
cov**0.5/mean: 6.855e-02
cov**0.5/mean: 6.288e-02
cov**0.5/mean: 7.496e-02
cov**0.5/mean: 6.782e-02
cov**0.5/mean: 7.460e-02
cov**0.5/mean: 6.015e-02
cov**0.5/mean: 6.422e-02
cov**0.5/mean: 7.037e-02
cov**0.5/mean: 6.188e-02
cov**0.5/mean: 6.589e-02
cov**0.5/mean: 6.143e-02
cov**0.5/mean: 6.254e-02
cov**0.5/mean: nan
cov**0.5/mean: 7.405e-02
cov**0.5/mean: 6.152e-02
cov**0.5/mean: 6.102e-02
cov**0.5/mean: 6.327e-02
cov**0.5/mean: 6.075e-02
cov**0.5/mean: nan
cov**0.5/mean: nan
cov**0.5/mean: 5.855e-02
cov**0.5/mean: nan
cov**0.5/mean: 6.340e-02
cov**0.5/mean: 6.370e-02
cov**0.5/mean: 6.312e-02
cov**0.5/mean: 7.294e-02
cov**0.5/mean: 6.254e-02
cov**0.5/mean: 6.547e-02
cov**0.5/mean: 6.034e-02
cov**0.5/mean: 7.063e-02
cov**0.5/mean: 6.433e-02
cov**0.5/mean: 7.613e-02
cov**0.5/mean: 6.403e-02
cov**0.5/mean: 7.493e-02
cov**0.5/mean: 7.215e-02
cov**0.5/mean: 6.397e-02
cov**0.5/mean: 6.327e-02
cov**0.5/mean: 6.623e-02
cov**0.5/mean: 7.234e-02
cov**0.5/mean: 7.142e-02
cov**0.5/mean: 7.233e-02
cov**0.5/mean: 7.614e-02
cov**0.5/mean: 7.215e-02
cov**0.5/mean: 6.372e-02
cov**0.5/mean: 7.706e-02
cov**0.5/mean: 7.342e-02
cov**0.5/mean: 7.479e-02
cov**0.5/mean: 6.931e-02
cov**0.5/mean: 6.320e-02
cov**0.5/mean: 6.868e-02
cov**0.5/mean: 6.703e-02
cov**0.5/mean: 7.301e-02
cov**0.5/mean: 6.298e-02
cov**0.5/mean: 7.012e-02
cov**0.5/mean: 6.999e-02
cov**0.5/mean: 7.071e-02
cov**0.5/mean: 7.043e-02
cov**0.5/mean: 6.699e-02
cov**0.5/mean: 7.282e-02
cov**0.5/mean: 6.870e-02
cov**0.5/mean: 7.185e-02
cov**0.5/mean: 6.536e-02
cov**0.5/mean: 6.843e-02
cov**0.5/mean: 6.583e-02
cov**0.5/mean: 6.602e-02
cov**0.5/mean: 7.387e-02
cov**0.5/mean: 6.832e-02
cov**0.5/mean: 6.299e-02
cov**0.5/mean: 6.485e-02
cov**0.5/mean: 7.314e-02
cov**0.5/mean: nan
cov**0.5/mean: 6.459e-02
cov**0.5/mean: 6.487e-02
cov**0.5/mean: 6.607e-02
cov**0.5/mean: 7.555e-02
cov**0.5/mean: 7.188e-02
cov**0.5/mean: 7.280e-02
cov**0.5/mean: 7.507e-02
cov**0.5/mean: 6.349e-02
cov**0.5/mean: 6.054e-02
cov**0.5/mean: 6.407e-02
cov**0.5/mean: 6.273e-02
cov**0.5/mean: nan
cov**0.5/mean: nan
cov**0.5/mean: 6.973e-02
cov**0.5/mean: 5.935e-02
cov**0.5/mean: 6.335e-02
cov**0.5/mean: 5.992e-02
cov**0.5/mean: 6.048e-02
cov**0.5/mean: 6.354e-02
cov**0.5/mean: 6.906e-02
cov**0.5/mean: 7.173e-02
cov**0.5/mean: nan
cov**0.5/mean: 7.249e-02
cov**0.5/mean: nan
cov**0.5/mean: 7.237e-02
cov**0.5/mean: 7.436e-02
cov**0.5/mean: 7.233e-02
cov**0.5/mean: 6.834e-02
cov**0.5/mean: nan
cov**0.5/mean: 6.837e-02
cov**0.5/mean: 6.093e-02
cov**0.5/mean: nan
cov**0.5/mean: 7.383e-02
cov**0.5/mean: 6.899e-02
cov**0.5/mean: 6.486e-02
cov**0.5/mean: 5.912e-02
cov**0.5/mean: 6.365e-02
cov**0.5/mean: 6.502e-02
cov**0.5/mean: 6.334e-02
cov**0.5/mean: 6.277e-02
cov**0.5/mean: 6.414e-02
cov**0.5/mean: 6.257e-02
cov**0.5/mean: 6.545e-02
cov**0.5/mean: 6.244e-02
cov**0.5/mean: 6.071e-02
cov**0.5/mean: 6.312e-02
cov**0.5/mean: 6.034e-02
cov**0.5/mean: 7.289e-02
cov**0.5/mean: 6.844e-02
cov**0.5/mean: 7.394e-02
cov**0.5/mean: 7.031e-02
cov**0.5/mean: 7.137e-02
cov**0.5/mean: 6.681e-02
cov**0.5/mean: nan
cov**0.5/mean: 6.491e-02
cov**0.5/mean: 7.224e-02
cov**0.5/mean: 7.444e-02
cov**0.5/mean: 7.123e-02
cov**0.5/mean: 7.241e-02
cov**0.5/mean: 7.791e-02
cov**0.5/mean: 7.603e-02
cov**0.5/mean: 6.275e-02
cov**0.5/mean: 5.956e-02
cov**0.5/mean: 6.474e-02
cov**0.5/mean: 6.110e-02
cov**0.5/mean: 6.616e-02
cov**0.5/mean: 5.826e-02
cov**0.5/mean: 6.249e-02
cov**0.5/mean: 6.785e-02
cov**0.5/mean: 6.254e-02
cov**0.5/mean: 6.992e-02
cov**0.5/mean: 5.764e-02
cov**0.5/mean: 6.490e-02
cov**0.5/mean: 6.690e-02
cov**0.5/mean: nan
cov**0.5/mean: 6.392e-02
cov**0.5/mean: nan
cov**0.5/mean: 6.428e-02
cov**0.5/mean: nan
cov**0.5/mean: 6.296e-02
cov**0.5/mean: 6.975e-02
cov**0.5/mean: 7.060e-02
cov**0.5/mean: nan
cov**0.5/mean: nan
cov**0.5/mean: 6.614e-02
cov**0.5/mean: nan
cov**0.5/mean: 6.090e-02
cov**0.5/mean: nan
cov**0.5/mean: 6.996e-02
cov**0.5/mean: 7.593e-02
cov**0.5/mean: 5.920e-02
cov**0.5/mean: 7.111e-02
cov**0.5/mean: 6.138e-02
cov**0.5/mean: 7.064e-02
cov**0.5/mean: 5.625e-02
cov**0.5/mean: 6.407e-02
cov**0.5/mean: 6.084e-02
cov**0.5/mean: 6.011e-02
cov**0.5/mean: nan
cov**0.5/mean: 6.411e-02
cov**0.5/mean: 6.950e-02
cov**0.5/mean: 6.792e-02
cov**0.5/mean: 7.205e-02
cov**0.5/mean: nan
cov**0.5/mean: 7.406e-02
cov**0.5/mean: 6.210e-02
cov**0.5/mean: 6.201e-02
cov**0.5/mean: 7.373e-02
cov**0.5/mean: 7.287e-02
cov**0.5/mean: 5.945e-02
cov**0.5/mean: 7.234e-02
cov**0.5/mean: 6.517e-02
cov**0.5/mean: 6.897e-02
cov**0.5/mean: 5.921e-02
cov**0.5/mean: 5.944e-02
cov**0.5/mean: nan
cov**0.5/mean: 7.088e-02
cov**0.5/mean: 6.404e-02
cov**0.5/mean: 7.121e-02
cov**0.5/mean: 6.011e-02
cov**0.5/mean: 6.421e-02
cov**0.5/mean: 6.012e-02
cov**0.5/mean: 7.541e-02
cov**0.5/mean: nan
cov**0.5/mean: 6.924e-02
cov**0.5/mean: 7.278e-02
cov**0.5/mean: 7.509e-02
cov**0.5/mean: 6.999e-02
cov**0.5/mean: 7.291e-02
cov**0.5/mean: 6.883e-02
cov**0.5/mean: 6.348e-02
cov**0.5/mean: nan
cov**0.5/mean: 6.756e-02
cov**0.5/mean: 7.105e-02
cov**0.5/mean: 7.385e-02
cov**0.5/mean: 7.466e-02
cov**0.5/mean: 7.146e-02
cov**0.5/mean: 7.092e-02
cov**0.5/mean: 7.256e-02
cov**0.5/mean: 7.318e-02
cov**0.5/mean: 7.302e-02
cov**0.5/mean: 6.091e-02
cov**0.5/mean: 7.452e-02
cov**0.5/mean: 7.153e-02
cov**0.5/mean: 7.458e-02
cov**0.5/mean: 7.323e-02
cov**0.5/mean: 7.440e-02
cov**0.5/mean: 7.431e-02
cov**0.5/mean: 7.242e-02
cov**0.5/mean: 6.384e-02
cov**0.5/mean: 7.259e-02
cov**0.5/mean: 7.377e-02
cov**0.5/mean: 6.008e-02
cov**0.5/mean: 6.495e-02
cov**0.5/mean: 6.091e-02
cov**0.5/mean: 6.489e-02
cov**0.5/mean: 6.949e-02
cov**0.5/mean: 7.275e-02
cov**0.5/mean: 6.948e-02
cov**0.5/mean: 6.900e-02
cov**0.5/mean: 7.488e-02
cov**0.5/mean: 7.403e-02
cov**0.5/mean: 7.270e-02
cov**0.5/mean: 7.402e-02
cov**0.5/mean: 7.559e-02
cov**0.5/mean: 6.966e-02
cov**0.5/mean: 6.455e-02
cov**0.5/mean: 6.962e-02
cov**0.5/mean: 6.725e-02
cov**0.5/mean: 6.474e-02
cov**0.5/mean: 6.814e-02
cov**0.5/mean: 6.542e-02
cov**0.5/mean: 6.295e-02
cov**0.5/mean: nan
cov**0.5/mean: 6.828e-02
cov**0.5/mean: 7.674e-02
cov**0.5/mean: 7.261e-02
cov**0.5/mean: 6.583e-02
cov**0.5/mean: 6.676e-02
cov**0.5/mean: 6.429e-02
cov**0.5/mean: 7.016e-02
cov**0.5/mean: 6.815e-02
cov**0.5/mean: 7.108e-02
cov**0.5/mean: 6.546e-02
cov**0.5/mean: 7.013e-02
cov**0.5/mean: 7.474e-02
cov**0.5/mean: 6.988e-02
cov**0.5/mean: 7.188e-02
cov**0.5/mean: 7.026e-02
cov**0.5/mean: 7.285e-02
cov**0.5/mean: 6.762e-02
cov**0.5/mean: 6.766e-02
cov**0.5/mean: 6.864e-02
cov**0.5/mean: nan
cov**0.5/mean: 6.875e-02
cov**0.5/mean: 7.105e-02
cov**0.5/mean: 6.294e-02
cov**0.5/mean: 7.069e-02
cov**0.5/mean: 6.797e-02
cov**0.5/mean: 7.196e-02
cov**0.5/mean: 6.696e-02
cov**0.5/mean: 6.961e-02
cov**0.5/mean: 7.151e-02
cov**0.5/mean: 7.264e-02
cov**0.5/mean: 6.093e-02
cov**0.5/mean: 6.562e-02
cov**0.5/mean: 6.420e-02
cov**0.5/mean: 6.106e-02
cov**0.5/mean: 6.999e-02
cov**0.5/mean: 6.032e-02
cov**0.5/mean: 6.261e-02
cov**0.5/mean: 7.369e-02
cov**0.5/mean: 7.130e-02
cov**0.5/mean: 7.068e-02
cov**0.5/mean: 6.879e-02
cov**0.5/mean: 6.765e-02
cov**0.5/mean: 6.913e-02
cov**0.5/mean: nan
cov**0.5/mean: 6.574e-02
cov**0.5/mean: 7.227e-02
cov**0.5/mean: 7.379e-02
cov**0.5/mean: 6.983e-02
cov**0.5/mean: 6.851e-02
cov**0.5/mean: 6.405e-02
cov**0.5/mean: 7.647e-02
cov**0.5/mean: 5.795e-02
cov**0.5/mean: 6.504e-02
cov**0.5/mean: nan
cov**0.5/mean: 6.008e-02
cov**0.5/mean: 6.207e-02
cov**0.5/mean: 6.889e-02
cov**0.5/mean: 7.181e-02
cov**0.5/mean: 6.584e-02
cov**0.5/mean: 7.379e-02
cov**0.5/mean: 7.015e-02
cov**0.5/mean: 7.544e-02
cov**0.5/mean: 7.769e-02
cov**0.5/mean: 6.094e-02
cov**0.5/mean: nan
cov**0.5/mean: 6.291e-02
cov**0.5/mean: 7.144e-02
cov**0.5/mean: 6.244e-02
cov**0.5/mean: 6.940e-02
cov**0.5/mean: 6.613e-02
cov**0.5/mean: 6.545e-02
cov**0.5/mean: 6.512e-02
cov**0.5/mean: 6.446e-02
cov**0.5/mean: nan
cov**0.5/mean: 7.264e-02
cov**0.5/mean: 7.069e-02
cov**0.5/mean: 6.204e-02
cov**0.5/mean: 6.405e-02
cov**0.5/mean: 6.090e-02
cov**0.5/mean: 6.411e-02
cov**0.5/mean: 7.123e-02
cov**0.5/mean: 6.198e-02
cov**0.5/mean: 7.078e-02
cov**0.5/mean: 7.005e-02
cov**0.5/mean: 7.037e-02
cov**0.5/mean: 7.066e-02
cov**0.5/mean: 7.321e-02
cov**0.5/mean: 6.236e-02
cov**0.5/mean: 6.460e-02
cov**0.5/mean: 6.430e-02
cov**0.5/mean: 6.011e-02
cov**0.5/mean: 7.311e-02
cov**0.5/mean: 6.375e-02
cov**0.5/mean: 7.394e-02
cov**0.5/mean: 7.368e-02
cov**0.5/mean: 7.073e-02
cov**0.5/mean: 6.844e-02
cov**0.5/mean: 6.323e-02
cov**0.5/mean: 6.296e-02
cov**0.5/mean: 6.694e-02
cov**0.5/mean: 7.119e-02
cov**0.5/mean: 7.104e-02
cov**0.5/mean: 7.450e-02
cov**0.5/mean: 7.276e-02
cov**0.5/mean: 7.107e-02
cov**0.5/mean: 6.346e-02
cov**0.5/mean: nan
cov**0.5/mean: 6.246e-02
cov**0.5/mean: 6.746e-02
cov**0.5/mean: 6.569e-02
cov**0.5/mean: 6.843e-02
cov**0.5/mean: 7.486e-02
cov**0.5/mean: 7.243e-02
cov**0.5/mean: 6.233e-02
cov**0.5/mean: 6.439e-02
cov**0.5/mean: 6.401e-02
cov**0.5/mean: 6.353e-02
cov**0.5/mean: 7.043e-02
cov**0.5/mean: 7.301e-02
cov**0.5/mean: 6.320e-02
cov**0.5/mean: 6.640e-02
cov**0.5/mean: nan
cov**0.5/mean: 6.692e-02
cov**0.5/mean: 7.182e-02
cov**0.5/mean: 7.133e-02
cov**0.5/mean: 7.259e-02
cov**0.5/mean: nan
cov**0.5/mean: 6.304e-02
cov**0.5/mean: 6.988e-02
cov**0.5/mean: 6.257e-02
cov**0.5/mean: nan
cov**0.5/mean: 6.256e-02
cov**0.5/mean: 6.662e-02
cov**0.5/mean: 6.176e-02
cov**0.5/mean: 6.751e-02
cov**0.5/mean: 6.582e-02
cov**0.5/mean: 6.414e-02
cov**0.5/mean: nan
cov**0.5/mean: 6.632e-02
cov**0.5/mean: 6.708e-02
cov**0.5/mean: 7.447e-02
cov**0.5/mean: 7.644e-02
cov**0.5/mean: 6.276e-02
cov**0.5/mean: nan
cov**0.5/mean: 7.175e-02
cov**0.5/mean: 6.148e-02
cov**0.5/mean: nan
cov**0.5/mean: 6.291e-02
cov**0.5/mean: 6.505e-02
cov**0.5/mean: nan
cov**0.5/mean: nan
cov**0.5/mean: 6.234e-02
cov**0.5/mean: 6.439e-02
cov**0.5/mean: 6.946e-02
cov**0.5/mean: 5.630e-02
cov**0.5/mean: 6.873e-02
cov**0.5/mean: nan
cov**0.5/mean: nan
cov**0.5/mean: 7.564e-02
cov**0.5/mean: 6.517e-02
cov**0.5/mean: 6.823e-02
cov**0.5/mean: 7.196e-02
cov**0.5/mean: 7.210e-02
cov**0.5/mean: 6.978e-02
cov**0.5/mean: 7.567e-02
cov**0.5/mean: 7.218e-02
cov**0.5/mean: 7.161e-02
cov**0.5/mean: 7.025e-02
cov**0.5/mean: 7.304e-02
cov**0.5/mean: 7.260e-02
cov**0.5/mean: 7.505e-02
cov**0.5/mean: 7.188e-02
cov**0.5/mean: 7.401e-02
cov**0.5/mean: 7.354e-02
cov**0.5/mean: 6.292e-02
cov**0.5/mean: 6.771e-02
cov**0.5/mean: 7.542e-02
cov**0.5/mean: 7.127e-02
cov**0.5/mean: 7.608e-02
cov**0.5/mean: 7.380e-02
cov**0.5/mean: 7.215e-02
cov**0.5/mean: 7.000e-02
cov**0.5/mean: 6.636e-02
cov**0.5/mean: 6.643e-02
cov**0.5/mean: nan
cov**0.5/mean: 6.551e-02
cov**0.5/mean: 5.944e-02
cov**0.5/mean: 6.003e-02
cov**0.5/mean: 5.722e-02
cov**0.5/mean: 6.291e-02
cov**0.5/mean: 7.232e-02
cov**0.5/mean: 6.332e-02
cov**0.5/mean: 5.948e-02
cov**0.5/mean: 6.184e-02
cov**0.5/mean: nan
cov**0.5/mean: 6.440e-02
cov**0.5/mean: 6.803e-02
cov**0.5/mean: 6.938e-02
cov**0.5/mean: 7.318e-02
cov**0.5/mean: 6.831e-02
cov**0.5/mean: 7.560e-02
cov**0.5/mean: 6.989e-02
cov**0.5/mean: 7.486e-02
cov**0.5/mean: nan
cov**0.5/mean: 6.927e-02
cov**0.5/mean: 6.422e-02
cov**0.5/mean: 6.423e-02
cov**0.5/mean: 6.176e-02
cov**0.5/mean: 7.377e-02
cov**0.5/mean: 6.999e-02
cov**0.5/mean: 6.286e-02
cov**0.5/mean: 6.668e-02
cov**0.5/mean: 7.139e-02
cov**0.5/mean: 6.343e-02
cov**0.5/mean: 6.764e-02
cov**0.5/mean: 6.279e-02
cov**0.5/mean: 6.911e-02
cov**0.5/mean: 6.160e-02
cov**0.5/mean: 6.046e-02
cov**0.5/mean: 6.379e-02
cov**0.5/mean: 6.488e-02
cov**0.5/mean: 6.294e-02
cov**0.5/mean: 7.082e-02
cov**0.5/mean: 6.600e-02
cov**0.5/mean: 6.313e-02
cov**0.5/mean: 6.637e-02
cov**0.5/mean: 5.943e-02
cov**0.5/mean: 6.650e-02
cov**0.5/mean: 6.402e-02
cov**0.5/mean: nan
cov**0.5/mean: 7.200e-02
cov**0.5/mean: 6.486e-02
cov**0.5/mean: 7.358e-02
cov**0.5/mean: 6.399e-02
cov**0.5/mean: 7.423e-02
cov**0.5/mean: nan
cov**0.5/mean: 6.529e-02
cov**0.5/mean: 6.837e-02
cov**0.5/mean: 6.307e-02
cov**0.5/mean: nan
cov**0.5/mean: 5.610e-02
cov**0.5/mean: 6.674e-02
cov**0.5/mean: 6.895e-02
cov**0.5/mean: 7.503e-02
cov**0.5/mean: 6.944e-02
cov**0.5/mean: 6.812e-02
cov**0.5/mean: 6.730e-02
cov**0.5/mean: 7.426e-02
cov**0.5/mean: 6.887e-02
cov**0.5/mean: 6.473e-02
cov**0.5/mean: 6.090e-02
cov**0.5/mean: 6.744e-02
cov**0.5/mean: nan
cov**0.5/mean: 6.946e-02
cov**0.5/mean: 6.894e-02
cov**0.5/mean: 6.996e-02
cov**0.5/mean: 7.635e-02
cov**0.5/mean: 6.916e-02
cov**0.5/mean: 7.304e-02
cov**0.5/mean: 6.462e-02
cov**0.5/mean: 7.411e-02
cov**0.5/mean: 7.358e-02
cov**0.5/mean: 7.208e-02
cov**0.5/mean: 7.192e-02
cov**0.5/mean: 7.378e-02
cov**0.5/mean: 7.099e-02
cov**0.5/mean: 6.530e-02
cov**0.5/mean: 6.172e-02
cov**0.5/mean: 6.459e-02
cov**0.5/mean: 6.838e-02
cov**0.5/mean: 6.917e-02
cov**0.5/mean: 7.210e-02
cov**0.5/mean: 6.304e-02
cov**0.5/mean: 7.142e-02
cov**0.5/mean: 6.210e-02
cov**0.5/mean: 6.451e-02
cov**0.5/mean: 6.326e-02
cov**0.5/mean: 6.262e-02
cov**0.5/mean: nan
cov**0.5/mean: 6.376e-02
cov**0.5/mean: 6.310e-02
cov**0.5/mean: 6.093e-02
cov**0.5/mean: nan
cov**0.5/mean: 7.100e-02
cov**0.5/mean: nan
cov**0.5/mean: 6.097e-02
cov**0.5/mean: nan
cov**0.5/mean: 6.783e-02
cov**0.5/mean: nan
cov**0.5/mean: 6.407e-02
cov**0.5/mean: 7.089e-02
cov**0.5/mean: 6.471e-02
cov**0.5/mean: 6.604e-02
cov**0.5/mean: 6.576e-02
cov**0.5/mean: 7.243e-02
cov**0.5/mean: 6.807e-02
cov**0.5/mean: 6.770e-02
cov**0.5/mean: 7.697e-02
cov**0.5/mean: 7.096e-02
cov**0.5/mean: 7.648e-02
cov**0.5/mean: 7.313e-02
cov**0.5/mean: 7.455e-02
cov**0.5/mean: 7.388e-02
cov**0.5/mean: 7.137e-02
cov**0.5/mean: 7.292e-02
cov**0.5/mean: 6.844e-02
cov**0.5/mean: 6.845e-02
cov**0.5/mean: 6.513e-02
cov**0.5/mean: 7.103e-02
cov**0.5/mean: 6.362e-02
cov**0.5/mean: 6.289e-02
cov**0.5/mean: 7.032e-02
cov**0.5/mean: 6.508e-02
cov**0.5/mean: 6.467e-02
cov**0.5/mean: 6.288e-02
cov**0.5/mean: 6.050e-02
cov**0.5/mean: 5.846e-02
cov**0.5/mean: 6.289e-02
cov**0.5/mean: 5.907e-02
cov**0.5/mean: 6.323e-02
cov**0.5/mean: 5.559e-02
cov**0.5/mean: nan
cov**0.5/mean: 6.236e-02
cov**0.5/mean: 6.226e-02
cov**0.5/mean: 5.840e-02
cov**0.5/mean: 6.309e-02
cov**0.5/mean: 6.138e-02
cov**0.5/mean: 6.030e-02
cov**0.5/mean: 6.245e-02
cov**0.5/mean: 5.921e-02
cov**0.5/mean: 6.253e-02
cov**0.5/mean: 5.922e-02
cov**0.5/mean: 6.392e-02
cov**0.5/mean: nan
cov**0.5/mean: 6.451e-02
cov**0.5/mean: 6.512e-02
cov**0.5/mean: 6.581e-02
cov**0.5/mean: 6.922e-02
cov**0.5/mean: 6.970e-02
cov**0.5/mean: 7.513e-02
cov**0.5/mean: 6.734e-02
cov**0.5/mean: 6.265e-02
cov**0.5/mean: 7.202e-02
cov**0.5/mean: 6.255e-02
cov**0.5/mean: 7.239e-02
cov**0.5/mean: 6.201e-02
cov**0.5/mean: 7.538e-02
cov**0.5/mean: 7.035e-02
cov**0.5/mean: 6.364e-02
cov**0.5/mean: 6.082e-02
cov**0.5/mean: 5.892e-02
cov**0.5/mean: 6.995e-02
cov**0.5/mean: 6.248e-02
cov**0.5/mean: 6.859e-02
cov**0.5/mean: 7.231e-02
cov**0.5/mean: nan
cov**0.5/mean: 6.480e-02
cov**0.5/mean: 6.564e-02
cov**0.5/mean: 6.422e-02
cov**0.5/mean: 6.730e-02
cov**0.5/mean: 6.461e-02
cov**0.5/mean: nan
cov**0.5/mean: 6.328e-02
cov**0.5/mean: 7.225e-02
cov**0.5/mean: 6.615e-02
cov**0.5/mean: 6.256e-02
cov**0.5/mean: 6.513e-02
cov**0.5/mean: 7.134e-02
cov**0.5/mean: 6.164e-02
cov**0.5/mean: nan
cov**0.5/mean: 6.963e-02
cov**0.5/mean: 7.559e-02
cov**0.5/mean: 6.868e-02
cov**0.5/mean: nan
cov**0.5/mean: 7.141e-02
cov**0.5/mean: nan
cov**0.5/mean: 7.488e-02
cov**0.5/mean: nan
cov**0.5/mean: 6.937e-02
cov**0.5/mean: 7.269e-02
cov**0.5/mean: 7.503e-02
cov**0.5/mean: 7.007e-02
cov**0.5/mean: 7.330e-02
cov**0.5/mean: 6.466e-02
cov**0.5/mean: 6.586e-02
cov**0.5/mean: 6.324e-02
cov**0.5/mean: nan
cov**0.5/mean: 6.283e-02
cov**0.5/mean: nan
cov**0.5/mean: 5.968e-02
cov**0.5/mean: 6.827e-02
cov**0.5/mean: 6.407e-02
cov**0.5/mean: 6.259e-02
cov**0.5/mean: 6.317e-02
cov**0.5/mean: nan
cov**0.5/mean: 6.201e-02
cov**0.5/mean: 5.970e-02
cov**0.5/mean: 5.850e-02
cov**0.5/mean: 6.727e-02
cov**0.5/mean: 6.412e-02
cov**0.5/mean: 6.391e-02
cov**0.5/mean: 6.293e-02
cov**0.5/mean: 6.058e-02
cov**0.5/mean: nan
cov**0.5/mean: 5.703e-02
cov**0.5/mean: 6.368e-02
cov**0.5/mean: 6.264e-02
cov**0.5/mean: 6.540e-02
cov**0.5/mean: 7.192e-02
cov**0.5/mean: 6.268e-02
cov**0.5/mean: 6.033e-02
cov**0.5/mean: 6.438e-02
cov**0.5/mean: 6.410e-02
cov**0.5/mean: 6.355e-02
cov**0.5/mean: 7.263e-02
cov**0.5/mean: 6.488e-02
cov**0.5/mean: 6.433e-02
cov**0.5/mean: 6.602e-02
cov**0.5/mean: 6.360e-02
cov**0.5/mean: 6.157e-02
cov**0.5/mean: 7.101e-02
cov**0.5/mean: 6.652e-02
cov**0.5/mean: 6.033e-02
cov**0.5/mean: nan
cov**0.5/mean: 6.065e-02
cov**0.5/mean: 7.372e-02
cov**0.5/mean: 6.623e-02
cov**0.5/mean: 6.714e-02
cov**0.5/mean: 6.371e-02
cov**0.5/mean: 6.518e-02
cov**0.5/mean: 6.400e-02
cov**0.5/mean: 6.291e-02
cov**0.5/mean: 5.649e-02
cov**0.5/mean: 5.721e-02
cov**0.5/mean: 5.721e-02
cov**0.5/mean: 6.315e-02
cov**0.5/mean: 6.368e-02
cov**0.5/mean: 6.199e-02
cov**0.5/mean: 7.278e-02
cov**0.5/mean: 6.327e-02
cov**0.5/mean: 6.921e-02
cov**0.5/mean: 6.385e-02
cov**0.5/mean: 7.341e-02
cov**0.5/mean: 7.352e-02
cov**0.5/mean: 7.218e-02
cov**0.5/mean: 6.814e-02
cov**0.5/mean: 6.422e-02
cov**0.5/mean: nan
cov**0.5/mean: 7.453e-02
cov**0.5/mean: 7.369e-02
cov**0.5/mean: 7.389e-02
cov**0.5/mean: nan
cov**0.5/mean: 6.930e-02
cov**0.5/mean: 7.421e-02
cov**0.5/mean: 7.260e-02
cov**0.5/mean: 6.651e-02
cov**0.5/mean: 5.977e-02
cov**0.5/mean: 7.742e-02
cov**0.5/mean: 7.128e-02
cov**0.5/mean: 7.457e-02
cov**0.5/mean: 6.520e-02
cov**0.5/mean: 5.909e-02
cov**0.5/mean: 7.352e-02
cov**0.5/mean: 6.887e-02
cov**0.5/mean: 6.972e-02
cov**0.5/mean: 7.122e-02
cov**0.5/mean: 7.249e-02
cov**0.5/mean: 6.441e-02
cov**0.5/mean: 6.838e-02
cov**0.5/mean: 6.611e-02
cov**0.5/mean: nan
cov**0.5/mean: 6.204e-02
cov**0.5/mean: 6.284e-02
cov**0.5/mean: 6.444e-02
cov**0.5/mean: 6.071e-02
cov**0.5/mean: 6.126e-02
cov**0.5/mean: 5.941e-02
cov**0.5/mean: 6.246e-02
cov**0.5/mean: nan
cov**0.5/mean: 6.444e-02
cov**0.5/mean: 6.414e-02
cov**0.5/mean: 6.929e-02
cov**0.5/mean: 7.261e-02
cov**0.5/mean: 7.658e-02
cov**0.5/mean: 7.156e-02
cov**0.5/mean: 8.012e-02
cov**0.5/mean: 6.842e-02
cov**0.5/mean: 6.723e-02
cov**0.5/mean: 7.529e-02
cov**0.5/mean: 7.513e-02
cov**0.5/mean: 7.294e-02
cov**0.5/mean: 6.267e-02
cov**0.5/mean: 7.398e-02
cov**0.5/mean: 6.858e-02
cov**0.5/mean: 6.872e-02
cov**0.5/mean: nan
cov**0.5/mean: 7.117e-02
cov**0.5/mean: 6.742e-02
cov**0.5/mean: 8.124e-02
cov**0.5/mean: nan
cov**0.5/mean: 6.443e-02
cov**0.5/mean: 7.715e-02
cov**0.5/mean: 6.361e-02
cov**0.5/mean: 7.252e-02
cov**0.5/mean: 7.251e-02
cov**0.5/mean: 6.170e-02
cov**0.5/mean: 6.029e-02
cov**0.5/mean: 6.804e-02
cov**0.5/mean: 6.403e-02
cov**0.5/mean: 6.325e-02
cov**0.5/mean: 6.102e-02
cov**0.5/mean: 7.457e-02
cov**0.5/mean: 6.407e-02
cov**0.5/mean: 5.922e-02
cov**0.5/mean: 6.092e-02
cov**0.5/mean: nan
cov**0.5/mean: 5.962e-02
cov**0.5/mean: 5.993e-02
cov**0.5/mean: 5.964e-02
cov**0.5/mean: 6.305e-02
cov**0.5/mean: nan
cov**0.5/mean: 6.458e-02
cov**0.5/mean: 6.346e-02
cov**0.5/mean: 5.885e-02
cov**0.5/mean: 6.193e-02
cov**0.5/mean: 5.793e-02
cov**0.5/mean: 5.749e-02
cov**0.5/mean: nan
cov**0.5/mean: nan
cov**0.5/mean: 5.612e-02
cov**0.5/mean: 6.408e-02
cov**0.5/mean: nan
cov**0.5/mean: 6.425e-02
cov**0.5/mean: 6.474e-02
cov**0.5/mean: 6.987e-02
cov**0.5/mean: 6.245e-02
cov**0.5/mean: 7.169e-02
cov**0.5/mean: 6.856e-02
cov**0.5/mean: 7.040e-02
cov**0.5/mean: 7.682e-02
cov**0.5/mean: 6.172e-02
cov**0.5/mean: 6.588e-02
cov**0.5/mean: 7.452e-02
cov**0.5/mean: nan
cov**0.5/mean: 6.680e-02
cov**0.5/mean: 6.029e-02
cov**0.5/mean: nan
cov**0.5/mean: 6.295e-02
cov**0.5/mean: 6.301e-02
cov**0.5/mean: 6.977e-02
cov**0.5/mean: 7.121e-02
cov**0.5/mean: 6.313e-02
cov**0.5/mean: 6.677e-02
cov**0.5/mean: 7.120e-02
cov**0.5/mean: 7.639e-02
cov**0.5/mean: 6.688e-02
cov**0.5/mean: 6.649e-02
cov**0.5/mean: 6.697e-02
cov**0.5/mean: 6.684e-02
cov**0.5/mean: nan
cov**0.5/mean: 7.028e-02
cov**0.5/mean: 6.732e-02
cov**0.5/mean: 7.034e-02
cov**0.5/mean: 7.516e-02
cov**0.5/mean: 6.256e-02
cov**0.5/mean: 6.626e-02
cov**0.5/mean: 6.203e-02
cov**0.5/mean: 7.175e-02
cov**0.5/mean: 6.789e-02
cov**0.5/mean: 7.208e-02
cov**0.5/mean: 6.418e-02
cov**0.5/mean: 6.398e-02
cov**0.5/mean: 7.071e-02
cov**0.5/mean: 7.192e-02
cov**0.5/mean: 7.036e-02
cov**0.5/mean: 6.657e-02
cov**0.5/mean: 6.609e-02
cov**0.5/mean: nan
cov**0.5/mean: 7.012e-02
cov**0.5/mean: 6.933e-02
cov**0.5/mean: 7.057e-02
cov**0.5/mean: 7.052e-02
cov**0.5/mean: 7.280e-02
cov**0.5/mean: 6.255e-02
cov**0.5/mean: 5.848e-02
cov**0.5/mean: 6.521e-02
cov**0.5/mean: 6.690e-02
cov**0.5/mean: 6.204e-02
cov**0.5/mean: 6.396e-02
cov**0.5/mean: 6.922e-02
cov**0.5/mean: nan
cov**0.5/mean: 6.357e-02
cov**0.5/mean: 6.268e-02
cov**0.5/mean: 7.145e-02
cov**0.5/mean: 7.033e-02
cov**0.5/mean: 6.343e-02
cov**0.5/mean: 6.320e-02
cov**0.5/mean: 7.007e-02
cov**0.5/mean: 7.125e-02
cov**0.5/mean: 6.833e-02
cov**0.5/mean: 6.402e-02
cov**0.5/mean: 6.441e-02
cov**0.5/mean: 6.543e-02
cov**0.5/mean: 5.999e-02
cov**0.5/mean: 6.134e-02
cov**0.5/mean: 5.603e-02
cov**0.5/mean: 6.803e-02
cov**0.5/mean: 6.964e-02
cov**0.5/mean: 6.438e-02
cov**0.5/mean: 7.277e-02
cov**0.5/mean: 7.191e-02
cov**0.5/mean: 7.285e-02
cov**0.5/mean: 7.118e-02
cov**0.5/mean: 7.004e-02
cov**0.5/mean: nan
cov**0.5/mean: 7.648e-02
cov**0.5/mean: 6.836e-02
cov**0.5/mean: 7.251e-02
cov**0.5/mean: 6.940e-02
cov**0.5/mean: 7.065e-02
cov**0.5/mean: 7.116e-02
cov**0.5/mean: 7.178e-02
cov**0.5/mean: 7.192e-02
cov**0.5/mean: 7.187e-02
cov**0.5/mean: 6.788e-02
cov**0.5/mean: 6.362e-02
cov**0.5/mean: 6.345e-02
cov**0.5/mean: 7.365e-02
cov**0.5/mean: 6.618e-02
cov**0.5/mean: 5.926e-02
cov**0.5/mean: 7.076e-02
cov**0.5/mean: 6.975e-02
cov**0.5/mean: 6.854e-02
cov**0.5/mean: 6.565e-02
cov**0.5/mean: 7.005e-02
cov**0.5/mean: 7.294e-02
cov**0.5/mean: 7.085e-02
cov**0.5/mean: 7.209e-02
cov**0.5/mean: 6.271e-02
cov**0.5/mean: 6.329e-02
cov**0.5/mean: 6.396e-02
cov**0.5/mean: 6.287e-02
cov**0.5/mean: 5.779e-02
cov**0.5/mean: 6.443e-02
cov**0.5/mean: 5.979e-02
cov**0.5/mean: 5.915e-02
cov**0.5/mean: 6.638e-02
cov**0.5/mean: 7.139e-02
cov**0.5/mean: 7.236e-02
cov**0.5/mean: 7.205e-02
cov**0.5/mean: 7.019e-02
cov**0.5/mean: 7.213e-02
cov**0.5/mean: 7.000e-02
cov**0.5/mean: 6.654e-02
cov**0.5/mean: 7.014e-02
cov**0.5/mean: 7.532e-02
cov**0.5/mean: 6.353e-02
cov**0.5/mean: 6.275e-02
cov**0.5/mean: 6.592e-02
cov**0.5/mean: 6.161e-02
cov**0.5/mean: 5.862e-02
cov**0.5/mean: nan
cov**0.5/mean: nan
cov**0.5/mean: 6.546e-02
cov**0.5/mean: 6.175e-02
cov**0.5/mean: 6.222e-02
cov**0.5/mean: 6.455e-02
cov**0.5/mean: 6.433e-02
cov**0.5/mean: 6.174e-02
cov**0.5/mean: 7.026e-02
cov**0.5/mean: 6.451e-02
cov**0.5/mean: 6.864e-02
cov**0.5/mean: nan
cov**0.5/mean: 6.934e-02
cov**0.5/mean: nan
cov**0.5/mean: 6.430e-02
cov**0.5/mean: nan
cov**0.5/mean: 6.243e-02
cov**0.5/mean: 6.396e-02
cov**0.5/mean: 6.521e-02
cov**0.5/mean: 6.902e-02
cov**0.5/mean: 7.112e-02
cov**0.5/mean: 6.309e-02
cov**0.5/mean: 7.078e-02
cov**0.5/mean: 5.805e-02
cov**0.5/mean: 6.741e-02
cov**0.5/mean: 6.141e-02
cov**0.5/mean: 7.061e-02
cov**0.5/mean: 7.192e-02
cov**0.5/mean: nan
cov**0.5/mean: 7.204e-02
cov**0.5/mean: 7.879e-02
cov**0.5/mean: 6.937e-02
cov**0.5/mean: 7.223e-02
cov**0.5/mean: 6.984e-02
  Step 3000/10000, Time: 5.0s, Acceptance: nan
cov**0.5/mean: 6.796e-02
cov**0.5/mean: 6.782e-02
cov**0.5/mean: 6.548e-02
cov**0.5/mean: 7.291e-02
cov**0.5/mean: 6.274e-02
cov**0.5/mean: 7.413e-02
cov**0.5/mean: 6.349e-02
cov**0.5/mean: 6.455e-02
cov**0.5/mean: 7.466e-02
cov**0.5/mean: 7.214e-02
cov**0.5/mean: nan
cov**0.5/mean: 6.376e-02
cov**0.5/mean: 6.240e-02
cov**0.5/mean: 7.049e-02
cov**0.5/mean: 6.415e-02
cov**0.5/mean: 6.193e-02
cov**0.5/mean: 6.474e-02
cov**0.5/mean: 6.394e-02
cov**0.5/mean: 6.199e-02
cov**0.5/mean: 6.307e-02
cov**0.5/mean: 7.061e-02
cov**0.5/mean: 6.985e-02
cov**0.5/mean: nan
cov**0.5/mean: nan
cov**0.5/mean: 6.615e-02
cov**0.5/mean: 6.933e-02
cov**0.5/mean: 6.895e-02
cov**0.5/mean: 7.470e-02
cov**0.5/mean: 7.278e-02
cov**0.5/mean: 7.186e-02
cov**0.5/mean: 7.083e-02
cov**0.5/mean: 7.653e-02
cov**0.5/mean: 7.010e-02
cov**0.5/mean: 7.296e-02
cov**0.5/mean: 7.123e-02
cov**0.5/mean: 6.470e-02
cov**0.5/mean: 7.267e-02
cov**0.5/mean: 6.365e-02
cov**0.5/mean: 6.789e-02
cov**0.5/mean: 6.743e-02
cov**0.5/mean: 7.058e-02
cov**0.5/mean: 7.466e-02
cov**0.5/mean: 6.742e-02
cov**0.5/mean: nan
cov**0.5/mean: 6.394e-02
cov**0.5/mean: 6.070e-02
cov**0.5/mean: 6.774e-02
cov**0.5/mean: 6.852e-02
cov**0.5/mean: 7.353e-02
cov**0.5/mean: 6.959e-02
cov**0.5/mean: 7.038e-02
cov**0.5/mean: 7.041e-02
cov**0.5/mean: 6.625e-02
cov**0.5/mean: 7.199e-02
cov**0.5/mean: nan
cov**0.5/mean: 6.094e-02
cov**0.5/mean: 7.373e-02
cov**0.5/mean: 7.095e-02
cov**0.5/mean: 7.055e-02
cov**0.5/mean: 7.446e-02
cov**0.5/mean: 7.115e-02
cov**0.5/mean: 7.227e-02
cov**0.5/mean: 6.284e-02
cov**0.5/mean: nan
cov**0.5/mean: 6.162e-02
cov**0.5/mean: nan
cov**0.5/mean: 6.152e-02
cov**0.5/mean: nan
cov**0.5/mean: 6.202e-02
cov**0.5/mean: nan
cov**0.5/mean: nan
cov**0.5/mean: nan
cov**0.5/mean: nan
cov**0.5/mean: 6.383e-02
cov**0.5/mean: 6.820e-02
cov**0.5/mean: 6.489e-02
cov**0.5/mean: nan
cov**0.5/mean: 6.206e-02
cov**0.5/mean: 6.248e-02
cov**0.5/mean: 6.012e-02
cov**0.5/mean: 6.612e-02
cov**0.5/mean: 6.910e-02
cov**0.5/mean: 7.559e-02
cov**0.5/mean: 6.549e-02
cov**0.5/mean: 6.657e-02
cov**0.5/mean: 7.402e-02
cov**0.5/mean: 6.652e-02
cov**0.5/mean: 7.151e-02
cov**0.5/mean: 6.382e-02
cov**0.5/mean: 6.317e-02
cov**0.5/mean: nan
cov**0.5/mean: 7.405e-02
cov**0.5/mean: 7.619e-02
cov**0.5/mean: nan
cov**0.5/mean: 6.756e-02
cov**0.5/mean: 6.879e-02
cov**0.5/mean: 6.622e-02
cov**0.5/mean: nan
cov**0.5/mean: 6.076e-02
cov**0.5/mean: 6.628e-02
cov**0.5/mean: 7.280e-02
cov**0.5/mean: 7.032e-02
cov**0.5/mean: 6.215e-02
cov**0.5/mean: 7.152e-02
cov**0.5/mean: 7.474e-02
cov**0.5/mean: 7.349e-02
cov**0.5/mean: 6.957e-02
cov**0.5/mean: nan
cov**0.5/mean: 7.217e-02
cov**0.5/mean: 7.138e-02
cov**0.5/mean: 6.391e-02
cov**0.5/mean: nan
cov**0.5/mean: 5.545e-02
cov**0.5/mean: 6.805e-02
cov**0.5/mean: 7.369e-02
cov**0.5/mean: 7.042e-02
cov**0.5/mean: nan
cov**0.5/mean: 6.027e-02
cov**0.5/mean: 6.239e-02
cov**0.5/mean: nan
cov**0.5/mean: 6.979e-02
cov**0.5/mean: 7.043e-02
cov**0.5/mean: 6.261e-02
cov**0.5/mean: 7.428e-02
cov**0.5/mean: 6.780e-02
cov**0.5/mean: 7.093e-02
cov**0.5/mean: 6.558e-02
cov**0.5/mean: 7.527e-02
cov**0.5/mean: 6.107e-02
cov**0.5/mean: nan
cov**0.5/mean: 6.346e-02
cov**0.5/mean: 6.530e-02
cov**0.5/mean: 5.867e-02
cov**0.5/mean: nan
cov**0.5/mean: 6.890e-02
cov**0.5/mean: 5.967e-02
cov**0.5/mean: 6.537e-02
cov**0.5/mean: 6.235e-02
cov**0.5/mean: 6.094e-02
cov**0.5/mean: 6.525e-02
cov**0.5/mean: 7.008e-02
cov**0.5/mean: 7.674e-02
cov**0.5/mean: 6.458e-02
cov**0.5/mean: 6.137e-02
cov**0.5/mean: 6.490e-02
cov**0.5/mean: 7.486e-02
cov**0.5/mean: 7.090e-02
cov**0.5/mean: 6.678e-02
cov**0.5/mean: 7.048e-02
cov**0.5/mean: nan
cov**0.5/mean: 5.987e-02
cov**0.5/mean: 6.429e-02
cov**0.5/mean: 6.368e-02
cov**0.5/mean: 6.313e-02
cov**0.5/mean: 6.183e-02
cov**0.5/mean: nan
cov**0.5/mean: nan
cov**0.5/mean: 6.440e-02
cov**0.5/mean: 6.619e-02
cov**0.5/mean: 6.782e-02
cov**0.5/mean: 6.658e-02
cov**0.5/mean: nan
cov**0.5/mean: 6.079e-02
cov**0.5/mean: 6.429e-02
cov**0.5/mean: 6.122e-02
cov**0.5/mean: 6.308e-02
cov**0.5/mean: 6.916e-02
cov**0.5/mean: 7.066e-02
cov**0.5/mean: 6.874e-02
cov**0.5/mean: 6.346e-02
cov**0.5/mean: 7.108e-02
cov**0.5/mean: 6.714e-02
cov**0.5/mean: 7.075e-02
cov**0.5/mean: nan
cov**0.5/mean: 7.225e-02
cov**0.5/mean: 6.276e-02
cov**0.5/mean: 7.130e-02
cov**0.5/mean: 6.951e-02
cov**0.5/mean: 7.484e-02
cov**0.5/mean: 7.260e-02
cov**0.5/mean: 6.629e-02
cov**0.5/mean: 6.441e-02
cov**0.5/mean: 7.175e-02
cov**0.5/mean: 7.275e-02
cov**0.5/mean: 6.738e-02
cov**0.5/mean: 7.413e-02
cov**0.5/mean: 6.604e-02
cov**0.5/mean: 6.343e-02
cov**0.5/mean: 7.517e-02
cov**0.5/mean: 6.474e-02
cov**0.5/mean: 7.199e-02
cov**0.5/mean: 6.438e-02
cov**0.5/mean: 6.662e-02
cov**0.5/mean: 7.396e-02
cov**0.5/mean: 6.456e-02
cov**0.5/mean: 6.078e-02
cov**0.5/mean: 6.244e-02
cov**0.5/mean: 6.111e-02
cov**0.5/mean: 7.013e-02
cov**0.5/mean: 6.232e-02
cov**0.5/mean: 6.077e-02
cov**0.5/mean: 5.994e-02
cov**0.5/mean: 6.361e-02
cov**0.5/mean: 5.932e-02
cov**0.5/mean: nan
cov**0.5/mean: 6.333e-02
cov**0.5/mean: 5.799e-02
cov**0.5/mean: 6.455e-02
cov**0.5/mean: nan
cov**0.5/mean: 6.469e-02
cov**0.5/mean: 6.613e-02
cov**0.5/mean: 6.533e-02
cov**0.5/mean: 6.078e-02
cov**0.5/mean: 5.653e-02
cov**0.5/mean: 6.452e-02
cov**0.5/mean: 6.379e-02
cov**0.5/mean: 6.396e-02
cov**0.5/mean: 6.415e-02
cov**0.5/mean: 6.226e-02
cov**0.5/mean: 5.778e-02
cov**0.5/mean: 6.456e-02
cov**0.5/mean: 5.990e-02
cov**0.5/mean: 6.835e-02
cov**0.5/mean: 6.845e-02
cov**0.5/mean: nan
cov**0.5/mean: 6.475e-02
cov**0.5/mean: 7.106e-02
cov**0.5/mean: 6.632e-02
cov**0.5/mean: 7.174e-02
cov**0.5/mean: 6.364e-02
cov**0.5/mean: 6.504e-02
cov**0.5/mean: 7.258e-02
cov**0.5/mean: 7.076e-02
cov**0.5/mean: 5.938e-02
cov**0.5/mean: 7.371e-02
cov**0.5/mean: 7.151e-02
cov**0.5/mean: 7.324e-02
cov**0.5/mean: 7.484e-02
cov**0.5/mean: 7.351e-02
cov**0.5/mean: 6.699e-02
cov**0.5/mean: 6.691e-02
cov**0.5/mean: 8.144e-02
cov**0.5/mean: 6.772e-02
cov**0.5/mean: 6.348e-02
cov**0.5/mean: 7.055e-02
cov**0.5/mean: 6.905e-02
cov**0.5/mean: 6.889e-02
cov**0.5/mean: 6.648e-02
cov**0.5/mean: 6.581e-02
cov**0.5/mean: 6.928e-02
cov**0.5/mean: 6.321e-02
cov**0.5/mean: 6.326e-02
cov**0.5/mean: 6.779e-02
cov**0.5/mean: 6.449e-02
cov**0.5/mean: 6.167e-02
cov**0.5/mean: 6.593e-02
cov**0.5/mean: nan
cov**0.5/mean: 7.275e-02
cov**0.5/mean: 7.274e-02
cov**0.5/mean: 7.374e-02
cov**0.5/mean: 6.996e-02
cov**0.5/mean: nan
cov**0.5/mean: 6.758e-02
cov**0.5/mean: 7.048e-02
cov**0.5/mean: 6.526e-02
cov**0.5/mean: 6.608e-02
cov**0.5/mean: 5.965e-02
cov**0.5/mean: 6.054e-02
cov**0.5/mean: 6.453e-02
cov**0.5/mean: 6.319e-02
cov**0.5/mean: 6.288e-02
cov**0.5/mean: 6.354e-02
cov**0.5/mean: 6.382e-02
cov**0.5/mean: 6.227e-02
cov**0.5/mean: 5.838e-02
cov**0.5/mean: 6.270e-02
cov**0.5/mean: nan
cov**0.5/mean: 6.033e-02
cov**0.5/mean: 6.609e-02
cov**0.5/mean: 6.611e-02
cov**0.5/mean: 6.273e-02
cov**0.5/mean: 6.804e-02
cov**0.5/mean: 7.401e-02
cov**0.5/mean: 7.432e-02
cov**0.5/mean: nan
cov**0.5/mean: 7.377e-02
cov**0.5/mean: 6.379e-02
cov**0.5/mean: 6.157e-02
cov**0.5/mean: 6.127e-02
cov**0.5/mean: 5.931e-02
cov**0.5/mean: 6.302e-02
cov**0.5/mean: 6.318e-02
cov**0.5/mean: 6.156e-02
cov**0.5/mean: nan
cov**0.5/mean: nan
cov**0.5/mean: 5.800e-02
cov**0.5/mean: 6.277e-02
cov**0.5/mean: nan
cov**0.5/mean: nan
cov**0.5/mean: 6.332e-02
cov**0.5/mean: 5.683e-02
cov**0.5/mean: 6.055e-02
cov**0.5/mean: nan
cov**0.5/mean: 5.877e-02
cov**0.5/mean: 6.116e-02
cov**0.5/mean: 6.116e-02
cov**0.5/mean: 5.747e-02
cov**0.5/mean: 6.161e-02
cov**0.5/mean: 5.658e-02
cov**0.5/mean: 6.220e-02
cov**0.5/mean: 6.094e-02
cov**0.5/mean: 6.001e-02
cov**0.5/mean: 7.328e-02
cov**0.5/mean: 6.259e-02
cov**0.5/mean: 6.643e-02
cov**0.5/mean: 6.204e-02
cov**0.5/mean: nan
cov**0.5/mean: 6.092e-02
cov**0.5/mean: 6.411e-02
cov**0.5/mean: 7.440e-02
cov**0.5/mean: 6.635e-02
cov**0.5/mean: 6.019e-02
cov**0.5/mean: 6.391e-02
cov**0.5/mean: 6.243e-02
cov**0.5/mean: 6.747e-02
cov**0.5/mean: 6.008e-02
cov**0.5/mean: 6.412e-02
cov**0.5/mean: 7.497e-02
cov**0.5/mean: 7.224e-02
cov**0.5/mean: 6.015e-02
cov**0.5/mean: 6.626e-02
cov**0.5/mean: 6.499e-02
cov**0.5/mean: 7.065e-02
cov**0.5/mean: 6.705e-02
cov**0.5/mean: 6.728e-02
cov**0.5/mean: 6.731e-02
cov**0.5/mean: 7.334e-02
cov**0.5/mean: 5.808e-02
cov**0.5/mean: 6.698e-02
cov**0.5/mean: 6.276e-02
cov**0.5/mean: 6.651e-02
cov**0.5/mean: 6.639e-02
cov**0.5/mean: 6.623e-02
cov**0.5/mean: 6.685e-02
cov**0.5/mean: 6.466e-02
cov**0.5/mean: 6.516e-02
cov**0.5/mean: nan
cov**0.5/mean: 6.808e-02
cov**0.5/mean: 6.166e-02
cov**0.5/mean: 7.191e-02
cov**0.5/mean: 6.981e-02
cov**0.5/mean: 6.676e-02
cov**0.5/mean: 7.293e-02
cov**0.5/mean: 6.756e-02
cov**0.5/mean: nan
cov**0.5/mean: nan
cov**0.5/mean: nan
cov**0.5/mean: 7.263e-02
cov**0.5/mean: 6.897e-02
cov**0.5/mean: 6.931e-02
cov**0.5/mean: 6.205e-02
cov**0.5/mean: 6.408e-02
cov**0.5/mean: 6.299e-02
cov**0.5/mean: 6.872e-02
cov**0.5/mean: 7.160e-02
cov**0.5/mean: 6.998e-02
cov**0.5/mean: 6.412e-02
cov**0.5/mean: 6.079e-02
cov**0.5/mean: 6.907e-02
cov**0.5/mean: nan
cov**0.5/mean: 6.384e-02
cov**0.5/mean: 6.235e-02
cov**0.5/mean: 5.902e-02
cov**0.5/mean: 6.111e-02
cov**0.5/mean: 6.382e-02
cov**0.5/mean: 6.038e-02
cov**0.5/mean: 6.499e-02
cov**0.5/mean: 6.371e-02
cov**0.5/mean: 6.474e-02
cov**0.5/mean: 7.226e-02
cov**0.5/mean: 7.288e-02
cov**0.5/mean: nan
cov**0.5/mean: 6.256e-02
cov**0.5/mean: 6.537e-02
cov**0.5/mean: 7.112e-02
cov**0.5/mean: 6.594e-02
cov**0.5/mean: 6.129e-02
cov**0.5/mean: 6.519e-02
cov**0.5/mean: 6.312e-02
cov**0.5/mean: 6.491e-02
cov**0.5/mean: 5.932e-02
cov**0.5/mean: 6.011e-02
cov**0.5/mean: nan
cov**0.5/mean: nan
cov**0.5/mean: 6.849e-02
cov**0.5/mean: 7.265e-02
cov**0.5/mean: 6.159e-02
cov**0.5/mean: 5.640e-02
cov**0.5/mean: 6.689e-02
cov**0.5/mean: 6.248e-02
cov**0.5/mean: 6.686e-02
cov**0.5/mean: 6.092e-02
cov**0.5/mean: nan
cov**0.5/mean: 6.771e-02
cov**0.5/mean: 6.174e-02
cov**0.5/mean: 7.472e-02
cov**0.5/mean: 7.328e-02
cov**0.5/mean: 7.565e-02
cov**0.5/mean: 6.759e-02
cov**0.5/mean: 7.367e-02
cov**0.5/mean: 7.319e-02
cov**0.5/mean: 7.467e-02
cov**0.5/mean: 7.094e-02
cov**0.5/mean: 7.553e-02
cov**0.5/mean: 5.954e-02
cov**0.5/mean: 6.186e-02
cov**0.5/mean: 6.218e-02
cov**0.5/mean: 6.751e-02
cov**0.5/mean: 6.003e-02
cov**0.5/mean: 7.306e-02
cov**0.5/mean: 7.356e-02
cov**0.5/mean: 6.973e-02
cov**0.5/mean: 7.448e-02
cov**0.5/mean: 7.148e-02
cov**0.5/mean: 5.914e-02
cov**0.5/mean: 6.859e-02
cov**0.5/mean: 7.484e-02
cov**0.5/mean: 6.287e-02
cov**0.5/mean: 7.292e-02
cov**0.5/mean: 7.148e-02
cov**0.5/mean: nan
cov**0.5/mean: 7.453e-02
cov**0.5/mean: 5.808e-02
cov**0.5/mean: 6.833e-02
cov**0.5/mean: 5.981e-02
cov**0.5/mean: 6.369e-02
cov**0.5/mean: nan
cov**0.5/mean: 6.552e-02
cov**0.5/mean: 6.722e-02
cov**0.5/mean: 6.475e-02
cov**0.5/mean: 6.258e-02
cov**0.5/mean: 6.908e-02
cov**0.5/mean: 6.493e-02
cov**0.5/mean: 7.221e-02
cov**0.5/mean: 7.358e-02
cov**0.5/mean: 6.561e-02
cov**0.5/mean: 6.984e-02
cov**0.5/mean: 6.942e-02
cov**0.5/mean: 7.183e-02
cov**0.5/mean: 7.103e-02
cov**0.5/mean: 6.209e-02
cov**0.5/mean: 7.088e-02
cov**0.5/mean: 7.348e-02
cov**0.5/mean: 6.995e-02
cov**0.5/mean: 6.868e-02
cov**0.5/mean: 7.498e-02
cov**0.5/mean: 7.237e-02
cov**0.5/mean: nan
cov**0.5/mean: 6.412e-02
cov**0.5/mean: 7.285e-02
cov**0.5/mean: 5.954e-02
cov**0.5/mean: 6.463e-02
cov**0.5/mean: 6.319e-02
cov**0.5/mean: nan
cov**0.5/mean: 6.471e-02
cov**0.5/mean: nan
cov**0.5/mean: 5.775e-02
cov**0.5/mean: 6.361e-02
cov**0.5/mean: 6.038e-02
cov**0.5/mean: nan
cov**0.5/mean: 6.351e-02
cov**0.5/mean: 5.968e-02
cov**0.5/mean: 6.982e-02
cov**0.5/mean: nan
cov**0.5/mean: 7.629e-02
cov**0.5/mean: 6.454e-02
cov**0.5/mean: nan
cov**0.5/mean: 6.517e-02
cov**0.5/mean: 7.096e-02
cov**0.5/mean: 6.595e-02
cov**0.5/mean: 6.032e-02
cov**0.5/mean: 6.505e-02
cov**0.5/mean: 6.515e-02
cov**0.5/mean: 7.794e-02
cov**0.5/mean: 6.028e-02
cov**0.5/mean: 6.255e-02
cov**0.5/mean: 6.694e-02
cov**0.5/mean: 6.958e-02
cov**0.5/mean: 7.123e-02
cov**0.5/mean: 7.595e-02
cov**0.5/mean: 7.286e-02
cov**0.5/mean: 7.184e-02
cov**0.5/mean: 6.249e-02
cov**0.5/mean: 6.307e-02
cov**0.5/mean: 5.750e-02
cov**0.5/mean: 7.802e-02
cov**0.5/mean: 7.266e-02
cov**0.5/mean: 5.863e-02
cov**0.5/mean: 6.244e-02
cov**0.5/mean: 6.358e-02
cov**0.5/mean: nan
cov**0.5/mean: 6.238e-02
cov**0.5/mean: 6.392e-02
cov**0.5/mean: 6.200e-02
cov**0.5/mean: 6.434e-02
cov**0.5/mean: 5.985e-02
cov**0.5/mean: 6.386e-02
cov**0.5/mean: 6.316e-02
cov**0.5/mean: 6.179e-02
cov**0.5/mean: 6.281e-02
cov**0.5/mean: nan
cov**0.5/mean: 7.092e-02
cov**0.5/mean: 6.473e-02
cov**0.5/mean: 6.075e-02
cov**0.5/mean: 6.515e-02
cov**0.5/mean: 7.377e-02
cov**0.5/mean: 7.294e-02
cov**0.5/mean: 7.851e-02
cov**0.5/mean: 6.851e-02
cov**0.5/mean: 6.992e-02
cov**0.5/mean: 7.277e-02
cov**0.5/mean: 7.446e-02
cov**0.5/mean: 7.385e-02
cov**0.5/mean: 6.983e-02
cov**0.5/mean: 6.935e-02
cov**0.5/mean: 6.580e-02
cov**0.5/mean: 6.507e-02
cov**0.5/mean: 6.298e-02
cov**0.5/mean: 6.215e-02
cov**0.5/mean: 6.451e-02
cov**0.5/mean: 6.268e-02
cov**0.5/mean: 5.652e-02
cov**0.5/mean: nan
cov**0.5/mean: 5.995e-02
cov**0.5/mean: 5.626e-02
cov**0.5/mean: 6.457e-02
cov**0.5/mean: 6.477e-02
cov**0.5/mean: 6.458e-02
cov**0.5/mean: 6.518e-02
cov**0.5/mean: nan
cov**0.5/mean: 7.572e-02
cov**0.5/mean: nan
cov**0.5/mean: nan
cov**0.5/mean: nan
cov**0.5/mean: nan
cov**0.5/mean: 7.043e-02
cov**0.5/mean: 7.005e-02
cov**0.5/mean: 7.242e-02
cov**0.5/mean: 7.198e-02
cov**0.5/mean: 6.544e-02
cov**0.5/mean: 7.191e-02
cov**0.5/mean: 7.020e-02
cov**0.5/mean: 7.222e-02
cov**0.5/mean: 6.944e-02
cov**0.5/mean: 7.160e-02
cov**0.5/mean: 6.876e-02
cov**0.5/mean: 7.164e-02
cov**0.5/mean: 7.197e-02
cov**0.5/mean: 6.525e-02
cov**0.5/mean: 6.627e-02
cov**0.5/mean: 7.005e-02
cov**0.5/mean: 7.041e-02
cov**0.5/mean: 7.648e-02
cov**0.5/mean: 6.637e-02
cov**0.5/mean: 7.291e-02
cov**0.5/mean: 6.988e-02
cov**0.5/mean: 6.744e-02
cov**0.5/mean: 6.669e-02
cov**0.5/mean: 7.363e-02
cov**0.5/mean: nan
cov**0.5/mean: 6.446e-02
cov**0.5/mean: 6.302e-02
cov**0.5/mean: 6.176e-02
cov**0.5/mean: 6.460e-02
cov**0.5/mean: 6.035e-02
cov**0.5/mean: 6.218e-02
cov**0.5/mean: 6.270e-02
cov**0.5/mean: nan
cov**0.5/mean: nan
cov**0.5/mean: 5.486e-02
cov**0.5/mean: 6.327e-02
cov**0.5/mean: 6.212e-02
cov**0.5/mean: 6.523e-02
cov**0.5/mean: 6.132e-02
cov**0.5/mean: 6.004e-02
cov**0.5/mean: 6.440e-02
cov**0.5/mean: 6.087e-02
cov**0.5/mean: 6.026e-02
cov**0.5/mean: 6.329e-02
cov**0.5/mean: 6.419e-02
cov**0.5/mean: 6.657e-02
cov**0.5/mean: 6.370e-02
cov**0.5/mean: 6.178e-02
cov**0.5/mean: 6.735e-02
cov**0.5/mean: 6.857e-02
cov**0.5/mean: 6.233e-02
cov**0.5/mean: 6.837e-02
cov**0.5/mean: 6.542e-02
cov**0.5/mean: 6.213e-02
cov**0.5/mean: 7.184e-02
cov**0.5/mean: 6.163e-02
cov**0.5/mean: 7.135e-02
cov**0.5/mean: 7.120e-02
cov**0.5/mean: 6.903e-02
cov**0.5/mean: 7.242e-02
cov**0.5/mean: 6.819e-02
cov**0.5/mean: 7.531e-02
cov**0.5/mean: nan
cov**0.5/mean: 6.029e-02
cov**0.5/mean: 7.274e-02
cov**0.5/mean: 6.227e-02
cov**0.5/mean: 6.132e-02
cov**0.5/mean: 6.477e-02
cov**0.5/mean: 6.348e-02
cov**0.5/mean: 6.807e-02
cov**0.5/mean: 7.327e-02
cov**0.5/mean: 6.455e-02
cov**0.5/mean: 7.519e-02
cov**0.5/mean: 7.090e-02
cov**0.5/mean: 7.192e-02
cov**0.5/mean: 6.151e-02
cov**0.5/mean: 7.620e-02
cov**0.5/mean: 7.343e-02
cov**0.5/mean: 6.536e-02
cov**0.5/mean: 6.982e-02
cov**0.5/mean: 6.944e-02
cov**0.5/mean: 7.047e-02
cov**0.5/mean: 7.095e-02
cov**0.5/mean: 7.076e-02
cov**0.5/mean: 6.392e-02
cov**0.5/mean: 6.211e-02
cov**0.5/mean: 7.045e-02
cov**0.5/mean: 7.103e-02
cov**0.5/mean: 5.998e-02
cov**0.5/mean: 6.464e-02
cov**0.5/mean: 7.025e-02
cov**0.5/mean: 6.236e-02
cov**0.5/mean: 6.009e-02
cov**0.5/mean: 6.421e-02
cov**0.5/mean: 5.996e-02
cov**0.5/mean: 6.861e-02
cov**0.5/mean: 6.009e-02
cov**0.5/mean: 6.236e-02
cov**0.5/mean: 7.413e-02
cov**0.5/mean: 6.055e-02
cov**0.5/mean: 7.446e-02
cov**0.5/mean: 7.211e-02
cov**0.5/mean: 6.770e-02
cov**0.5/mean: 6.280e-02
cov**0.5/mean: 5.566e-02
cov**0.5/mean: 6.596e-02
cov**0.5/mean: nan
cov**0.5/mean: 6.441e-02
cov**0.5/mean: 6.885e-02
cov**0.5/mean: 7.009e-02
cov**0.5/mean: 6.210e-02
cov**0.5/mean: 7.128e-02
cov**0.5/mean: 6.560e-02
cov**0.5/mean: 7.306e-02
cov**0.5/mean: 6.443e-02
cov**0.5/mean: 5.984e-02
cov**0.5/mean: 6.856e-02
cov**0.5/mean: 7.428e-02
cov**0.5/mean: 6.434e-02
cov**0.5/mean: 6.726e-02
cov**0.5/mean: nan
cov**0.5/mean: 7.119e-02
cov**0.5/mean: 7.597e-02
cov**0.5/mean: 6.841e-02
cov**0.5/mean: 7.082e-02
cov**0.5/mean: 6.005e-02
cov**0.5/mean: 7.228e-02
cov**0.5/mean: 6.864e-02
cov**0.5/mean: 6.872e-02
cov**0.5/mean: 6.788e-02
cov**0.5/mean: 6.252e-02
cov**0.5/mean: 6.164e-02
cov**0.5/mean: 6.715e-02
cov**0.5/mean: 6.202e-02
cov**0.5/mean: nan
cov**0.5/mean: 6.360e-02
cov**0.5/mean: nan
cov**0.5/mean: 7.214e-02
cov**0.5/mean: 7.185e-02
cov**0.5/mean: nan
cov**0.5/mean: 6.780e-02
cov**0.5/mean: 7.249e-02
cov**0.5/mean: 6.854e-02
cov**0.5/mean: 6.804e-02
cov**0.5/mean: 5.979e-02
cov**0.5/mean: 7.115e-02
cov**0.5/mean: 6.504e-02
cov**0.5/mean: 6.326e-02
cov**0.5/mean: nan
cov**0.5/mean: 6.162e-02
cov**0.5/mean: 6.104e-02
cov**0.5/mean: 6.453e-02
cov**0.5/mean: 6.046e-02
cov**0.5/mean: nan
cov**0.5/mean: 6.567e-02
cov**0.5/mean: 6.132e-02
cov**0.5/mean: 6.348e-02
cov**0.5/mean: 7.513e-02
cov**0.5/mean: nan
cov**0.5/mean: 7.157e-02
cov**0.5/mean: 7.159e-02
cov**0.5/mean: 6.758e-02
cov**0.5/mean: 7.466e-02
cov**0.5/mean: 6.702e-02
cov**0.5/mean: 5.882e-02
cov**0.5/mean: 6.717e-02
cov**0.5/mean: 6.809e-02
cov**0.5/mean: 6.030e-02
cov**0.5/mean: 6.313e-02
cov**0.5/mean: 6.203e-02
cov**0.5/mean: 6.577e-02
cov**0.5/mean: 6.791e-02
cov**0.5/mean: 7.170e-02
cov**0.5/mean: 7.319e-02
cov**0.5/mean: 7.227e-02
cov**0.5/mean: 7.574e-02
cov**0.5/mean: 6.483e-02
cov**0.5/mean: 6.813e-02
cov**0.5/mean: 6.133e-02
cov**0.5/mean: nan
cov**0.5/mean: 6.627e-02
cov**0.5/mean: 6.392e-02
cov**0.5/mean: 6.335e-02
cov**0.5/mean: 7.129e-02
cov**0.5/mean: 6.370e-02
cov**0.5/mean: 6.441e-02
cov**0.5/mean: 7.621e-02
cov**0.5/mean: 7.326e-02
cov**0.5/mean: 7.536e-02
cov**0.5/mean: 7.595e-02
cov**0.5/mean: 6.822e-02
cov**0.5/mean: 7.028e-02
cov**0.5/mean: 7.767e-02
cov**0.5/mean: 6.464e-02
cov**0.5/mean: 5.990e-02
cov**0.5/mean: 6.260e-02
cov**0.5/mean: 6.718e-02
cov**0.5/mean: 6.882e-02
cov**0.5/mean: 6.948e-02
cov**0.5/mean: 7.045e-02
cov**0.5/mean: 7.493e-02
cov**0.5/mean: 8.191e-02
cov**0.5/mean: 7.879e-02
cov**0.5/mean: 7.243e-02
cov**0.5/mean: 6.628e-02
cov**0.5/mean: 6.730e-02
cov**0.5/mean: 7.214e-02
cov**0.5/mean: 7.276e-02
cov**0.5/mean: 6.744e-02
cov**0.5/mean: 6.956e-02
cov**0.5/mean: 7.315e-02
cov**0.5/mean: nan
cov**0.5/mean: 6.655e-02
cov**0.5/mean: 6.032e-02
cov**0.5/mean: 7.183e-02
cov**0.5/mean: 7.054e-02
cov**0.5/mean: 7.803e-02
cov**0.5/mean: 6.565e-02
cov**0.5/mean: 7.346e-02
cov**0.5/mean: 5.733e-02
cov**0.5/mean: 6.653e-02
cov**0.5/mean: 6.677e-02
cov**0.5/mean: 6.362e-02
cov**0.5/mean: 6.351e-02
cov**0.5/mean: 6.985e-02
cov**0.5/mean: 6.152e-02
cov**0.5/mean: 6.810e-02
cov**0.5/mean: 7.398e-02
cov**0.5/mean: 7.116e-02
cov**0.5/mean: nan
cov**0.5/mean: 7.040e-02
cov**0.5/mean: 6.992e-02
cov**0.5/mean: 7.453e-02
cov**0.5/mean: 7.402e-02
cov**0.5/mean: 7.336e-02
cov**0.5/mean: 7.645e-02
cov**0.5/mean: 7.476e-02
cov**0.5/mean: 7.444e-02
cov**0.5/mean: 7.165e-02
cov**0.5/mean: 7.540e-02
cov**0.5/mean: 7.413e-02
cov**0.5/mean: 7.061e-02
cov**0.5/mean: 7.287e-02
cov**0.5/mean: 7.141e-02
cov**0.5/mean: 6.413e-02
cov**0.5/mean: 6.609e-02
cov**0.5/mean: 7.131e-02
cov**0.5/mean: 7.141e-02
cov**0.5/mean: 7.275e-02
cov**0.5/mean: 6.280e-02
cov**0.5/mean: 7.195e-02
cov**0.5/mean: 6.705e-02
cov**0.5/mean: 7.188e-02
cov**0.5/mean: 6.319e-02
cov**0.5/mean: 6.252e-02
cov**0.5/mean: 6.426e-02
cov**0.5/mean: nan
cov**0.5/mean: 6.689e-02
cov**0.5/mean: 6.381e-02
cov**0.5/mean: 6.399e-02
cov**0.5/mean: 7.218e-02
cov**0.5/mean: 7.307e-02
cov**0.5/mean: nan
cov**0.5/mean: 6.149e-02
cov**0.5/mean: 6.363e-02
cov**0.5/mean: 7.239e-02
cov**0.5/mean: 6.104e-02
cov**0.5/mean: 7.206e-02
cov**0.5/mean: 6.326e-02
cov**0.5/mean: 6.686e-02
cov**0.5/mean: 6.791e-02
cov**0.5/mean: 6.273e-02
cov**0.5/mean: 7.128e-02
cov**0.5/mean: 7.051e-02
cov**0.5/mean: nan
cov**0.5/mean: nan
cov**0.5/mean: 5.780e-02
cov**0.5/mean: 6.023e-02
cov**0.5/mean: 6.450e-02
cov**0.5/mean: 6.016e-02
cov**0.5/mean: 6.827e-02
cov**0.5/mean: nan
cov**0.5/mean: nan
cov**0.5/mean: 6.472e-02
cov**0.5/mean: 7.205e-02
cov**0.5/mean: nan
cov**0.5/mean: 6.914e-02
cov**0.5/mean: 5.985e-02
cov**0.5/mean: nan
cov**0.5/mean: nan
cov**0.5/mean: 5.988e-02
cov**0.5/mean: 7.060e-02
cov**0.5/mean: 6.092e-02
cov**0.5/mean: 6.545e-02
cov**0.5/mean: 7.089e-02
cov**0.5/mean: nan
cov**0.5/mean: 5.979e-02
cov**0.5/mean: 5.934e-02
cov**0.5/mean: 6.131e-02
cov**0.5/mean: 6.343e-02
cov**0.5/mean: 5.995e-02
cov**0.5/mean: 5.850e-02
cov**0.5/mean: 6.442e-02
cov**0.5/mean: 6.677e-02
cov**0.5/mean: 7.017e-02
cov**0.5/mean: 5.967e-02
cov**0.5/mean: 7.300e-02
cov**0.5/mean: 7.201e-02
cov**0.5/mean: 7.558e-02
cov**0.5/mean: 6.585e-02
cov**0.5/mean: 6.183e-02
cov**0.5/mean: 6.756e-02
cov**0.5/mean: 6.848e-02
cov**0.5/mean: 6.603e-02
cov**0.5/mean: 6.908e-02
cov**0.5/mean: 6.612e-02
cov**0.5/mean: 6.803e-02
cov**0.5/mean: 6.122e-02
cov**0.5/mean: 5.836e-02
cov**0.5/mean: 6.244e-02
cov**0.5/mean: nan
cov**0.5/mean: nan
cov**0.5/mean: 6.758e-02
cov**0.5/mean: nan
cov**0.5/mean: nan
cov**0.5/mean: 6.836e-02
cov**0.5/mean: 7.310e-02
cov**0.5/mean: 7.266e-02
cov**0.5/mean: nan
cov**0.5/mean: 7.384e-02
cov**0.5/mean: 7.647e-02
cov**0.5/mean: 6.976e-02
cov**0.5/mean: 7.492e-02
cov**0.5/mean: 6.905e-02
cov**0.5/mean: 6.957e-02
cov**0.5/mean: 7.163e-02
cov**0.5/mean: 7.391e-02
cov**0.5/mean: 6.846e-02
cov**0.5/mean: 6.384e-02
cov**0.5/mean: nan
cov**0.5/mean: 6.514e-02
cov**0.5/mean: 7.213e-02
cov**0.5/mean: 7.264e-02
cov**0.5/mean: 7.083e-02
cov**0.5/mean: 6.237e-02
cov**0.5/mean: 6.502e-02
cov**0.5/mean: 6.105e-02
cov**0.5/mean: nan
cov**0.5/mean: 5.992e-02
cov**0.5/mean: 6.885e-02
cov**0.5/mean: 6.651e-02
cov**0.5/mean: nan
cov**0.5/mean: 6.877e-02
cov**0.5/mean: 6.591e-02
cov**0.5/mean: 6.061e-02
cov**0.5/mean: 6.974e-02
cov**0.5/mean: 7.064e-02
cov**0.5/mean: 6.696e-02
cov**0.5/mean: 6.800e-02
cov**0.5/mean: 6.071e-02
cov**0.5/mean: 7.346e-02
cov**0.5/mean: 7.270e-02
cov**0.5/mean: 6.947e-02
cov**0.5/mean: 7.280e-02
cov**0.5/mean: 6.906e-02
cov**0.5/mean: nan
cov**0.5/mean: 7.404e-02
cov**0.5/mean: nan
cov**0.5/mean: nan
cov**0.5/mean: 6.768e-02
cov**0.5/mean: 6.392e-02
cov**0.5/mean: 7.072e-02
cov**0.5/mean: 6.980e-02
cov**0.5/mean: 6.283e-02
cov**0.5/mean: 7.180e-02
cov**0.5/mean: 6.575e-02
cov**0.5/mean: 6.312e-02
cov**0.5/mean: 6.297e-02
cov**0.5/mean: 6.295e-02
cov**0.5/mean: 6.599e-02
cov**0.5/mean: 6.737e-02
cov**0.5/mean: 6.936e-02
cov**0.5/mean: 7.353e-02
cov**0.5/mean: 6.447e-02
cov**0.5/mean: 6.408e-02
cov**0.5/mean: 6.411e-02
cov**0.5/mean: 6.495e-02
cov**0.5/mean: 7.188e-02
cov**0.5/mean: 7.202e-02
cov**0.5/mean: 6.383e-02
cov**0.5/mean: 6.782e-02
cov**0.5/mean: 6.798e-02
cov**0.5/mean: 6.365e-02
cov**0.5/mean: nan
cov**0.5/mean: 6.414e-02
cov**0.5/mean: 6.334e-02
cov**0.5/mean: nan
cov**0.5/mean: 7.142e-02
cov**0.5/mean: nan
cov**0.5/mean: 5.648e-02
cov**0.5/mean: 6.469e-02
cov**0.5/mean: 6.779e-02
cov**0.5/mean: 7.132e-02
cov**0.5/mean: 7.354e-02
cov**0.5/mean: 6.236e-02
cov**0.5/mean: 6.163e-02
cov**0.5/mean: 6.461e-02
cov**0.5/mean: 6.508e-02
cov**0.5/mean: 7.396e-02
cov**0.5/mean: nan
cov**0.5/mean: 6.353e-02
cov**0.5/mean: nan
cov**0.5/mean: 6.282e-02
cov**0.5/mean: 6.299e-02
cov**0.5/mean: 6.290e-02
cov**0.5/mean: nan
cov**0.5/mean: 6.650e-02
cov**0.5/mean: nan
cov**0.5/mean: 6.331e-02
cov**0.5/mean: 6.367e-02
cov**0.5/mean: 6.488e-02
cov**0.5/mean: 6.969e-02
cov**0.5/mean: 7.324e-02
cov**0.5/mean: 7.430e-02
cov**0.5/mean: 7.099e-02
cov**0.5/mean: 7.265e-02
cov**0.5/mean: 7.212e-02
cov**0.5/mean: 7.106e-02
cov**0.5/mean: 6.739e-02
cov**0.5/mean: 6.584e-02
cov**0.5/mean: 7.506e-02
cov**0.5/mean: 6.769e-02
cov**0.5/mean: 7.719e-02
cov**0.5/mean: 7.130e-02
cov**0.5/mean: 6.453e-02
cov**0.5/mean: 5.969e-02
cov**0.5/mean: 6.053e-02
cov**0.5/mean: 6.068e-02
cov**0.5/mean: nan
cov**0.5/mean: 6.452e-02
cov**0.5/mean: 6.357e-02
cov**0.5/mean: 5.793e-02
cov**0.5/mean: 6.272e-02
cov**0.5/mean: nan
cov**0.5/mean: 6.947e-02
cov**0.5/mean: nan
cov**0.5/mean: 6.359e-02
cov**0.5/mean: 6.470e-02
cov**0.5/mean: 6.004e-02
cov**0.5/mean: 6.033e-02
cov**0.5/mean: 6.061e-02
cov**0.5/mean: 5.778e-02
cov**0.5/mean: 5.969e-02
cov**0.5/mean: 5.782e-02
cov**0.5/mean: 6.124e-02
  Step 4000/10000, Time: 5.0s, Acceptance: nan
cov**0.5/mean: 6.447e-02
cov**0.5/mean: 6.425e-02
cov**0.5/mean: 6.389e-02
cov**0.5/mean: 6.679e-02
cov**0.5/mean: 7.586e-02
cov**0.5/mean: 7.159e-02
cov**0.5/mean: 7.220e-02
cov**0.5/mean: 6.063e-02
cov**0.5/mean: 6.180e-02
cov**0.5/mean: 6.537e-02
cov**0.5/mean: nan
cov**0.5/mean: 6.424e-02
cov**0.5/mean: 6.342e-02
cov**0.5/mean: 6.237e-02
cov**0.5/mean: nan
cov**0.5/mean: 5.901e-02
cov**0.5/mean: nan
cov**0.5/mean: 6.237e-02
cov**0.5/mean: 6.904e-02
cov**0.5/mean: 6.815e-02
cov**0.5/mean: 7.786e-02
cov**0.5/mean: 7.207e-02
cov**0.5/mean: 7.302e-02
cov**0.5/mean: 7.192e-02
cov**0.5/mean: 7.351e-02
cov**0.5/mean: 7.588e-02
cov**0.5/mean: 7.678e-02
cov**0.5/mean: 6.967e-02
cov**0.5/mean: 7.269e-02
cov**0.5/mean: 6.926e-02
cov**0.5/mean: 7.428e-02
cov**0.5/mean: 6.972e-02
cov**0.5/mean: 7.615e-02
cov**0.5/mean: 6.706e-02
cov**0.5/mean: 6.665e-02
cov**0.5/mean: 6.869e-02
cov**0.5/mean: 7.196e-02
cov**0.5/mean: 7.049e-02
cov**0.5/mean: 6.307e-02
cov**0.5/mean: 7.148e-02
cov**0.5/mean: 6.460e-02
cov**0.5/mean: 6.121e-02
cov**0.5/mean: 6.500e-02
cov**0.5/mean: 6.003e-02
cov**0.5/mean: 6.367e-02
cov**0.5/mean: 6.943e-02
cov**0.5/mean: 6.538e-02
cov**0.5/mean: 7.062e-02
cov**0.5/mean: 7.083e-02
cov**0.5/mean: 6.433e-02
cov**0.5/mean: 6.165e-02
cov**0.5/mean: nan
cov**0.5/mean: nan
cov**0.5/mean: 6.736e-02
cov**0.5/mean: 7.012e-02
cov**0.5/mean: 6.886e-02
cov**0.5/mean: 7.106e-02
cov**0.5/mean: 6.385e-02
cov**0.5/mean: 6.122e-02
cov**0.5/mean: 6.412e-02
cov**0.5/mean: 6.666e-02
cov**0.5/mean: 7.324e-02
cov**0.5/mean: 7.116e-02
cov**0.5/mean: 7.453e-02
cov**0.5/mean: 6.635e-02
cov**0.5/mean: 6.334e-02
cov**0.5/mean: 6.175e-02
cov**0.5/mean: 7.290e-02
cov**0.5/mean: 7.100e-02
cov**0.5/mean: 6.836e-02
cov**0.5/mean: 7.072e-02
cov**0.5/mean: 7.473e-02
cov**0.5/mean: 7.184e-02
cov**0.5/mean: 7.054e-02
cov**0.5/mean: nan
cov**0.5/mean: 6.660e-02
cov**0.5/mean: 6.546e-02
cov**0.5/mean: 6.655e-02
cov**0.5/mean: 6.367e-02
cov**0.5/mean: 6.295e-02
cov**0.5/mean: nan
cov**0.5/mean: 5.932e-02
cov**0.5/mean: 6.450e-02
cov**0.5/mean: 6.361e-02
cov**0.5/mean: 7.155e-02
cov**0.5/mean: 6.129e-02
cov**0.5/mean: 7.166e-02
cov**0.5/mean: 7.081e-02
cov**0.5/mean: 7.253e-02
cov**0.5/mean: 7.277e-02
cov**0.5/mean: 7.031e-02
cov**0.5/mean: 6.631e-02
cov**0.5/mean: 6.994e-02
cov**0.5/mean: 6.441e-02
cov**0.5/mean: 6.330e-02
cov**0.5/mean: 6.014e-02
cov**0.5/mean: nan
cov**0.5/mean: 6.195e-02
cov**0.5/mean: 5.620e-02
cov**0.5/mean: 5.981e-02
cov**0.5/mean: 5.655e-02
cov**0.5/mean: nan
cov**0.5/mean: nan
cov**0.5/mean: 5.556e-02
cov**0.5/mean: 5.449e-02
cov**0.5/mean: 6.064e-02
cov**0.5/mean: 5.995e-02
cov**0.5/mean: nan
cov**0.5/mean: nan
cov**0.5/mean: nan
cov**0.5/mean: 5.899e-02
cov**0.5/mean: nan
cov**0.5/mean: nan
cov**0.5/mean: nan
cov**0.5/mean: 6.337e-02
cov**0.5/mean: 6.163e-02
cov**0.5/mean: 6.409e-02
cov**0.5/mean: nan
cov**0.5/mean: 7.198e-02
cov**0.5/mean: nan
cov**0.5/mean: 7.410e-02
cov**0.5/mean: 6.887e-02
cov**0.5/mean: 7.262e-02
cov**0.5/mean: 7.375e-02
cov**0.5/mean: nan
cov**0.5/mean: 7.387e-02
cov**0.5/mean: 7.243e-02
cov**0.5/mean: 7.098e-02
cov**0.5/mean: 7.435e-02
cov**0.5/mean: 7.002e-02
cov**0.5/mean: 7.406e-02
cov**0.5/mean: 6.926e-02
cov**0.5/mean: 7.633e-02
cov**0.5/mean: 7.278e-02
cov**0.5/mean: 7.236e-02
cov**0.5/mean: 7.183e-02
cov**0.5/mean: 7.204e-02
cov**0.5/mean: 6.297e-02
cov**0.5/mean: 6.556e-02
cov**0.5/mean: 7.130e-02
cov**0.5/mean: 6.843e-02
cov**0.5/mean: 6.377e-02
cov**0.5/mean: nan
cov**0.5/mean: 6.492e-02
cov**0.5/mean: 5.946e-02
cov**0.5/mean: 6.351e-02
cov**0.5/mean: 6.262e-02
cov**0.5/mean: 6.490e-02
cov**0.5/mean: 6.032e-02
cov**0.5/mean: nan
cov**0.5/mean: nan
cov**0.5/mean: 5.922e-02
cov**0.5/mean: 5.763e-02
cov**0.5/mean: 7.330e-02
cov**0.5/mean: 7.058e-02
cov**0.5/mean: 7.360e-02
cov**0.5/mean: 7.190e-02
cov**0.5/mean: nan
cov**0.5/mean: 6.941e-02
cov**0.5/mean: 7.242e-02
cov**0.5/mean: 6.884e-02
cov**0.5/mean: 7.754e-02
cov**0.5/mean: 7.147e-02
cov**0.5/mean: 7.076e-02
cov**0.5/mean: 8.019e-02
cov**0.5/mean: 7.603e-02
cov**0.5/mean: 6.998e-02
cov**0.5/mean: 7.268e-02
cov**0.5/mean: 7.070e-02
cov**0.5/mean: 6.188e-02
cov**0.5/mean: 6.191e-02
cov**0.5/mean: 5.803e-02
cov**0.5/mean: 6.177e-02
cov**0.5/mean: 6.374e-02
cov**0.5/mean: 6.557e-02
cov**0.5/mean: 7.077e-02
cov**0.5/mean: 6.948e-02
cov**0.5/mean: 7.255e-02
cov**0.5/mean: 7.003e-02
cov**0.5/mean: 6.949e-02
cov**0.5/mean: 6.279e-02
cov**0.5/mean: 6.309e-02
cov**0.5/mean: 6.662e-02
cov**0.5/mean: 7.023e-02
cov**0.5/mean: 6.355e-02
cov**0.5/mean: 7.118e-02
cov**0.5/mean: 6.993e-02
cov**0.5/mean: nan
cov**0.5/mean: nan
cov**0.5/mean: nan
cov**0.5/mean: 6.702e-02
cov**0.5/mean: nan
cov**0.5/mean: 7.379e-02
cov**0.5/mean: 6.424e-02
cov**0.5/mean: 7.097e-02
cov**0.5/mean: 7.354e-02
cov**0.5/mean: 6.352e-02
cov**0.5/mean: 7.289e-02
cov**0.5/mean: 6.599e-02
cov**0.5/mean: 5.978e-02
cov**0.5/mean: 7.394e-02
cov**0.5/mean: 7.381e-02
cov**0.5/mean: 7.253e-02
cov**0.5/mean: 7.086e-02
cov**0.5/mean: nan
cov**0.5/mean: 7.141e-02
cov**0.5/mean: 7.077e-02
cov**0.5/mean: 7.232e-02
cov**0.5/mean: 6.903e-02
cov**0.5/mean: 6.744e-02
cov**0.5/mean: 6.853e-02
cov**0.5/mean: 6.893e-02
cov**0.5/mean: 7.704e-02
cov**0.5/mean: 6.504e-02
cov**0.5/mean: 6.086e-02
cov**0.5/mean: 6.206e-02
cov**0.5/mean: nan
cov**0.5/mean: 6.344e-02
cov**0.5/mean: 6.504e-02
cov**0.5/mean: 6.427e-02
cov**0.5/mean: 6.319e-02
cov**0.5/mean: 6.465e-02
cov**0.5/mean: 6.100e-02
cov**0.5/mean: 6.361e-02
cov**0.5/mean: 5.800e-02
cov**0.5/mean: 6.021e-02
cov**0.5/mean: 5.641e-02
cov**0.5/mean: 6.449e-02
cov**0.5/mean: 6.408e-02
cov**0.5/mean: nan
cov**0.5/mean: 6.090e-02
cov**0.5/mean: nan
cov**0.5/mean: 6.841e-02
cov**0.5/mean: 5.848e-02
cov**0.5/mean: 5.826e-02
cov**0.5/mean: nan
cov**0.5/mean: 5.915e-02
cov**0.5/mean: nan
cov**0.5/mean: 6.117e-02
cov**0.5/mean: 6.161e-02
cov**0.5/mean: nan
cov**0.5/mean: 7.230e-02
cov**0.5/mean: 6.583e-02
cov**0.5/mean: 6.777e-02
cov**0.5/mean: 6.905e-02
cov**0.5/mean: 6.518e-02
cov**0.5/mean: 6.842e-02
cov**0.5/mean: 7.229e-02
cov**0.5/mean: 7.390e-02
cov**0.5/mean: 6.080e-02
cov**0.5/mean: 6.991e-02
cov**0.5/mean: 6.799e-02
cov**0.5/mean: 6.402e-02
cov**0.5/mean: 6.078e-02
cov**0.5/mean: 7.350e-02
cov**0.5/mean: 7.358e-02
cov**0.5/mean: 7.308e-02
cov**0.5/mean: 7.630e-02
cov**0.5/mean: 7.009e-02
cov**0.5/mean: 7.583e-02
cov**0.5/mean: nan
cov**0.5/mean: 7.142e-02
cov**0.5/mean: 6.899e-02
cov**0.5/mean: 7.351e-02
cov**0.5/mean: 7.485e-02
cov**0.5/mean: 7.635e-02
cov**0.5/mean: 7.010e-02
cov**0.5/mean: 7.203e-02
cov**0.5/mean: nan
cov**0.5/mean: 7.361e-02
cov**0.5/mean: 7.101e-02
cov**0.5/mean: 7.019e-02
cov**0.5/mean: 6.822e-02
cov**0.5/mean: 7.366e-02
cov**0.5/mean: 6.817e-02
cov**0.5/mean: 6.634e-02
cov**0.5/mean: 5.737e-02
cov**0.5/mean: 7.266e-02
cov**0.5/mean: 6.628e-02
cov**0.5/mean: 6.946e-02
cov**0.5/mean: 6.816e-02
cov**0.5/mean: 7.472e-02
cov**0.5/mean: nan
cov**0.5/mean: 6.489e-02
cov**0.5/mean: 7.737e-02
cov**0.5/mean: 7.047e-02
cov**0.5/mean: 6.366e-02
cov**0.5/mean: 7.530e-02
cov**0.5/mean: 6.984e-02
cov**0.5/mean: 7.307e-02
cov**0.5/mean: 5.996e-02
cov**0.5/mean: nan
cov**0.5/mean: 6.256e-02
cov**0.5/mean: 6.389e-02
cov**0.5/mean: 6.195e-02
cov**0.5/mean: 6.464e-02
cov**0.5/mean: 6.829e-02
cov**0.5/mean: 6.154e-02
cov**0.5/mean: 6.420e-02
cov**0.5/mean: 6.499e-02
cov**0.5/mean: 6.064e-02
cov**0.5/mean: 7.039e-02
cov**0.5/mean: 6.262e-02
cov**0.5/mean: 5.932e-02
cov**0.5/mean: 6.328e-02
cov**0.5/mean: 6.922e-02
cov**0.5/mean: 7.026e-02
cov**0.5/mean: 5.862e-02
cov**0.5/mean: 6.052e-02
cov**0.5/mean: 5.986e-02
cov**0.5/mean: 6.827e-02
cov**0.5/mean: 6.298e-02
cov**0.5/mean: 6.929e-02
cov**0.5/mean: 7.327e-02
cov**0.5/mean: 6.950e-02
cov**0.5/mean: 6.887e-02
cov**0.5/mean: 6.535e-02
cov**0.5/mean: nan
cov**0.5/mean: 6.614e-02
cov**0.5/mean: 6.927e-02
cov**0.5/mean: 6.960e-02
cov**0.5/mean: 7.322e-02
cov**0.5/mean: 6.747e-02
cov**0.5/mean: 6.720e-02
cov**0.5/mean: 7.763e-02
cov**0.5/mean: 7.144e-02
cov**0.5/mean: 7.468e-02
cov**0.5/mean: 7.148e-02
cov**0.5/mean: 7.098e-02
cov**0.5/mean: 7.153e-02
cov**0.5/mean: 6.191e-02
cov**0.5/mean: 7.467e-02
cov**0.5/mean: 7.389e-02
cov**0.5/mean: 7.043e-02
cov**0.5/mean: 7.171e-02
cov**0.5/mean: 6.780e-02
cov**0.5/mean: 7.055e-02
cov**0.5/mean: 6.143e-02
cov**0.5/mean: 7.389e-02
cov**0.5/mean: 7.435e-02
cov**0.5/mean: 7.220e-02
cov**0.5/mean: 7.239e-02
cov**0.5/mean: 6.355e-02
cov**0.5/mean: 7.129e-02
cov**0.5/mean: 6.654e-02
cov**0.5/mean: 7.201e-02
cov**0.5/mean: 6.422e-02
cov**0.5/mean: 7.166e-02
cov**0.5/mean: nan
cov**0.5/mean: 6.936e-02
cov**0.5/mean: 7.447e-02
cov**0.5/mean: 7.233e-02
cov**0.5/mean: 7.039e-02
cov**0.5/mean: 7.310e-02
cov**0.5/mean: 7.435e-02
cov**0.5/mean: nan
cov**0.5/mean: 7.146e-02
cov**0.5/mean: 6.916e-02
cov**0.5/mean: nan
cov**0.5/mean: 7.506e-02
cov**0.5/mean: 7.105e-02
cov**0.5/mean: 6.225e-02
cov**0.5/mean: 6.451e-02
cov**0.5/mean: 6.979e-02
cov**0.5/mean: 7.425e-02
cov**0.5/mean: 7.057e-02
cov**0.5/mean: 7.606e-02
cov**0.5/mean: 7.567e-02
cov**0.5/mean: 6.417e-02
cov**0.5/mean: 6.474e-02
cov**0.5/mean: 6.601e-02
cov**0.5/mean: 5.878e-02
cov**0.5/mean: 6.913e-02
cov**0.5/mean: 6.852e-02
cov**0.5/mean: 7.075e-02
cov**0.5/mean: 6.455e-02
cov**0.5/mean: 7.149e-02
cov**0.5/mean: 6.606e-02
cov**0.5/mean: 6.915e-02
cov**0.5/mean: 7.241e-02
cov**0.5/mean: 7.653e-02
cov**0.5/mean: 7.313e-02
cov**0.5/mean: 6.334e-02
cov**0.5/mean: 5.806e-02
cov**0.5/mean: 6.224e-02
cov**0.5/mean: 6.374e-02
cov**0.5/mean: 6.232e-02
cov**0.5/mean: 5.766e-02
cov**0.5/mean: 6.479e-02
cov**0.5/mean: 5.996e-02
cov**0.5/mean: 6.256e-02
cov**0.5/mean: 6.744e-02
cov**0.5/mean: 6.349e-02
cov**0.5/mean: 5.980e-02
cov**0.5/mean: 6.450e-02
cov**0.5/mean: 6.220e-02
cov**0.5/mean: 6.862e-02
cov**0.5/mean: 6.471e-02
cov**0.5/mean: 6.981e-02
cov**0.5/mean: 6.052e-02
cov**0.5/mean: 7.355e-02
cov**0.5/mean: 7.205e-02
cov**0.5/mean: 6.898e-02
cov**0.5/mean: 6.363e-02
cov**0.5/mean: 7.313e-02
cov**0.5/mean: nan
cov**0.5/mean: 7.193e-02
cov**0.5/mean: nan
cov**0.5/mean: 6.384e-02
cov**0.5/mean: 7.362e-02
cov**0.5/mean: 7.574e-02
cov**0.5/mean: 7.152e-02
cov**0.5/mean: 6.965e-02
cov**0.5/mean: 6.831e-02
cov**0.5/mean: nan
cov**0.5/mean: 7.245e-02
cov**0.5/mean: 7.147e-02
cov**0.5/mean: 6.513e-02
cov**0.5/mean: 6.078e-02
cov**0.5/mean: 5.980e-02
cov**0.5/mean: 6.703e-02
cov**0.5/mean: 7.194e-02
cov**0.5/mean: 7.064e-02
cov**0.5/mean: 7.027e-02
cov**0.5/mean: 7.297e-02
cov**0.5/mean: 7.367e-02
cov**0.5/mean: 7.191e-02
cov**0.5/mean: 7.153e-02
cov**0.5/mean: 7.274e-02
cov**0.5/mean: 7.025e-02
cov**0.5/mean: 7.471e-02
cov**0.5/mean: 7.286e-02
cov**0.5/mean: 7.092e-02
cov**0.5/mean: 7.368e-02
cov**0.5/mean: nan
cov**0.5/mean: 7.339e-02
cov**0.5/mean: 7.271e-02
cov**0.5/mean: 6.894e-02
cov**0.5/mean: 7.232e-02
cov**0.5/mean: 7.430e-02
cov**0.5/mean: 7.581e-02
cov**0.5/mean: 6.193e-02
cov**0.5/mean: 7.096e-02
cov**0.5/mean: 6.352e-02
cov**0.5/mean: nan
cov**0.5/mean: 6.364e-02
cov**0.5/mean: 7.221e-02
cov**0.5/mean: 7.364e-02
cov**0.5/mean: 6.175e-02
cov**0.5/mean: 6.303e-02
cov**0.5/mean: 6.169e-02
cov**0.5/mean: nan
cov**0.5/mean: 6.052e-02
cov**0.5/mean: 6.056e-02
cov**0.5/mean: 5.958e-02
cov**0.5/mean: 6.853e-02
cov**0.5/mean: 6.670e-02
cov**0.5/mean: nan
cov**0.5/mean: 7.173e-02
cov**0.5/mean: 6.540e-02
cov**0.5/mean: 6.441e-02
cov**0.5/mean: 6.731e-02
cov**0.5/mean: 6.476e-02
cov**0.5/mean: 6.371e-02
cov**0.5/mean: 6.394e-02
cov**0.5/mean: 6.014e-02
cov**0.5/mean: 6.101e-02
cov**0.5/mean: 6.212e-02
cov**0.5/mean: 6.795e-02
cov**0.5/mean: 6.283e-02
cov**0.5/mean: 7.093e-02
cov**0.5/mean: 6.897e-02
cov**0.5/mean: 6.705e-02
cov**0.5/mean: 6.982e-02
cov**0.5/mean: 7.003e-02
cov**0.5/mean: 7.074e-02
cov**0.5/mean: 6.886e-02
cov**0.5/mean: 6.898e-02
cov**0.5/mean: 7.111e-02
cov**0.5/mean: nan
cov**0.5/mean: nan
cov**0.5/mean: 6.254e-02
cov**0.5/mean: 6.671e-02
cov**0.5/mean: 6.921e-02
cov**0.5/mean: 6.472e-02
cov**0.5/mean: 6.657e-02
cov**0.5/mean: 7.217e-02
cov**0.5/mean: 6.604e-02
cov**0.5/mean: 7.282e-02
cov**0.5/mean: 6.278e-02
cov**0.5/mean: 7.141e-02
cov**0.5/mean: 7.123e-02
cov**0.5/mean: 7.116e-02
cov**0.5/mean: 6.502e-02
cov**0.5/mean: 6.759e-02
cov**0.5/mean: 6.956e-02
cov**0.5/mean: 7.147e-02
cov**0.5/mean: 7.469e-02
cov**0.5/mean: 7.560e-02
cov**0.5/mean: 6.852e-02
cov**0.5/mean: 6.938e-02
cov**0.5/mean: 6.284e-02
cov**0.5/mean: 6.283e-02
cov**0.5/mean: 6.271e-02
cov**0.5/mean: 6.201e-02
cov**0.5/mean: 5.924e-02
cov**0.5/mean: 6.871e-02
cov**0.5/mean: 5.946e-02
cov**0.5/mean: 6.439e-02
cov**0.5/mean: 7.001e-02
cov**0.5/mean: 6.824e-02
cov**0.5/mean: 7.423e-02
cov**0.5/mean: 7.015e-02
cov**0.5/mean: 7.525e-02
cov**0.5/mean: 6.934e-02
cov**0.5/mean: 7.063e-02
cov**0.5/mean: 6.963e-02
cov**0.5/mean: 6.396e-02
cov**0.5/mean: 6.991e-02
cov**0.5/mean: 7.161e-02
cov**0.5/mean: 5.944e-02
cov**0.5/mean: 6.968e-02
cov**0.5/mean: 6.153e-02
cov**0.5/mean: 6.300e-02
cov**0.5/mean: 6.957e-02
cov**0.5/mean: 6.108e-02
cov**0.5/mean: nan
cov**0.5/mean: 6.183e-02
cov**0.5/mean: 6.981e-02
cov**0.5/mean: 7.424e-02
cov**0.5/mean: 7.144e-02
cov**0.5/mean: 6.949e-02
cov**0.5/mean: 6.305e-02
cov**0.5/mean: 6.321e-02
cov**0.5/mean: 6.373e-02
cov**0.5/mean: 6.018e-02
cov**0.5/mean: 6.666e-02
cov**0.5/mean: 6.163e-02
cov**0.5/mean: 7.064e-02
cov**0.5/mean: 6.425e-02
cov**0.5/mean: nan
cov**0.5/mean: nan
cov**0.5/mean: 6.178e-02
cov**0.5/mean: 6.598e-02
cov**0.5/mean: 7.333e-02
cov**0.5/mean: 6.863e-02
cov**0.5/mean: 7.458e-02
cov**0.5/mean: 7.111e-02
cov**0.5/mean: 6.213e-02
cov**0.5/mean: 6.307e-02
cov**0.5/mean: 6.033e-02
cov**0.5/mean: 5.775e-02
cov**0.5/mean: 6.261e-02
cov**0.5/mean: 6.257e-02
cov**0.5/mean: 6.580e-02
cov**0.5/mean: 7.207e-02
cov**0.5/mean: 6.931e-02
cov**0.5/mean: nan
cov**0.5/mean: nan
cov**0.5/mean: 6.527e-02
cov**0.5/mean: 6.322e-02
cov**0.5/mean: 6.141e-02
cov**0.5/mean: 6.377e-02
cov**0.5/mean: 6.036e-02
cov**0.5/mean: 5.840e-02
cov**0.5/mean: 6.325e-02
cov**0.5/mean: 6.647e-02
cov**0.5/mean: 6.420e-02
cov**0.5/mean: nan
cov**0.5/mean: 6.522e-02
cov**0.5/mean: 6.370e-02
cov**0.5/mean: nan
cov**0.5/mean: 6.047e-02
cov**0.5/mean: 5.885e-02
cov**0.5/mean: 7.136e-02
cov**0.5/mean: 6.224e-02
cov**0.5/mean: nan
cov**0.5/mean: 6.401e-02
cov**0.5/mean: 6.427e-02
cov**0.5/mean: 6.049e-02
cov**0.5/mean: 6.519e-02
cov**0.5/mean: 6.074e-02
cov**0.5/mean: 6.368e-02
cov**0.5/mean: 6.481e-02
cov**0.5/mean: 6.364e-02
cov**0.5/mean: 6.386e-02
cov**0.5/mean: 6.395e-02
cov**0.5/mean: 6.178e-02
cov**0.5/mean: 6.217e-02
cov**0.5/mean: nan
cov**0.5/mean: nan
cov**0.5/mean: 6.340e-02
cov**0.5/mean: 6.573e-02
cov**0.5/mean: 6.076e-02
cov**0.5/mean: 6.357e-02
cov**0.5/mean: 6.170e-02
cov**0.5/mean: nan
cov**0.5/mean: 6.378e-02
cov**0.5/mean: 7.093e-02
cov**0.5/mean: 6.799e-02
cov**0.5/mean: 6.501e-02
cov**0.5/mean: 6.571e-02
cov**0.5/mean: 6.486e-02
cov**0.5/mean: 6.768e-02
cov**0.5/mean: 6.637e-02
cov**0.5/mean: 6.815e-02
cov**0.5/mean: 6.893e-02
cov**0.5/mean: 7.189e-02
cov**0.5/mean: nan
cov**0.5/mean: 6.618e-02
cov**0.5/mean: 6.332e-02
cov**0.5/mean: 6.473e-02
cov**0.5/mean: 6.740e-02
cov**0.5/mean: 7.388e-02
cov**0.5/mean: 7.008e-02
cov**0.5/mean: 7.187e-02
cov**0.5/mean: nan
cov**0.5/mean: 7.216e-02
cov**0.5/mean: 7.354e-02
cov**0.5/mean: 7.348e-02
cov**0.5/mean: 6.865e-02
cov**0.5/mean: 7.069e-02
cov**0.5/mean: 7.229e-02
cov**0.5/mean: 7.332e-02
cov**0.5/mean: 6.825e-02
cov**0.5/mean: 6.956e-02
cov**0.5/mean: 7.601e-02
cov**0.5/mean: 7.166e-02
cov**0.5/mean: 6.996e-02
cov**0.5/mean: 7.205e-02
cov**0.5/mean: 6.539e-02
cov**0.5/mean: 6.442e-02
cov**0.5/mean: 6.304e-02
cov**0.5/mean: 7.109e-02
cov**0.5/mean: 6.952e-02
cov**0.5/mean: nan
cov**0.5/mean: 6.008e-02
cov**0.5/mean: 6.013e-02
cov**0.5/mean: 6.732e-02
cov**0.5/mean: 6.491e-02
cov**0.5/mean: 7.002e-02
cov**0.5/mean: 7.121e-02
cov**0.5/mean: 7.020e-02
cov**0.5/mean: 6.974e-02
cov**0.5/mean: 7.453e-02
cov**0.5/mean: 7.033e-02
cov**0.5/mean: 6.000e-02
cov**0.5/mean: 7.123e-02
cov**0.5/mean: nan
cov**0.5/mean: 7.053e-02
cov**0.5/mean: 6.404e-02
cov**0.5/mean: 5.932e-02
cov**0.5/mean: 6.082e-02
cov**0.5/mean: 6.485e-02
cov**0.5/mean: 6.330e-02
cov**0.5/mean: 6.329e-02
cov**0.5/mean: 6.995e-02
cov**0.5/mean: 6.145e-02
cov**0.5/mean: 6.293e-02
cov**0.5/mean: 5.660e-02
cov**0.5/mean: 6.216e-02
cov**0.5/mean: nan
cov**0.5/mean: nan
cov**0.5/mean: nan
cov**0.5/mean: 6.435e-02
cov**0.5/mean: 6.430e-02
cov**0.5/mean: 6.043e-02
cov**0.5/mean: 6.313e-02
cov**0.5/mean: 6.299e-02
cov**0.5/mean: nan
cov**0.5/mean: 6.741e-02
cov**0.5/mean: 6.011e-02
cov**0.5/mean: 6.866e-02
cov**0.5/mean: 7.210e-02
cov**0.5/mean: 7.612e-02
cov**0.5/mean: 6.575e-02
cov**0.5/mean: 7.037e-02
cov**0.5/mean: 6.760e-02
cov**0.5/mean: 7.170e-02
cov**0.5/mean: 6.105e-02
cov**0.5/mean: 6.814e-02
cov**0.5/mean: 6.026e-02
cov**0.5/mean: 7.265e-02
cov**0.5/mean: 6.125e-02
cov**0.5/mean: nan
cov**0.5/mean: 6.990e-02
cov**0.5/mean: 6.752e-02
cov**0.5/mean: 6.024e-02
cov**0.5/mean: 6.182e-02
cov**0.5/mean: 6.165e-02
cov**0.5/mean: 6.409e-02
cov**0.5/mean: 6.406e-02
cov**0.5/mean: 6.359e-02
cov**0.5/mean: 5.756e-02
cov**0.5/mean: 6.340e-02
cov**0.5/mean: 5.996e-02
cov**0.5/mean: nan
cov**0.5/mean: 6.354e-02
cov**0.5/mean: 7.141e-02
cov**0.5/mean: 6.271e-02
cov**0.5/mean: nan
cov**0.5/mean: 6.251e-02
cov**0.5/mean: 6.390e-02
cov**0.5/mean: 5.655e-02
cov**0.5/mean: 6.355e-02
cov**0.5/mean: nan
cov**0.5/mean: nan
cov**0.5/mean: 6.432e-02
cov**0.5/mean: 6.218e-02
cov**0.5/mean: 6.483e-02
cov**0.5/mean: 7.414e-02
cov**0.5/mean: 6.416e-02
cov**0.5/mean: 6.985e-02
cov**0.5/mean: 6.783e-02
cov**0.5/mean: 6.781e-02
cov**0.5/mean: 6.829e-02
cov**0.5/mean: 7.539e-02
cov**0.5/mean: 7.498e-02
cov**0.5/mean: 7.367e-02
cov**0.5/mean: 7.672e-02
cov**0.5/mean: 6.957e-02
cov**0.5/mean: 6.981e-02
cov**0.5/mean: 7.474e-02
cov**0.5/mean: 6.713e-02
cov**0.5/mean: 6.149e-02
cov**0.5/mean: 6.037e-02
cov**0.5/mean: nan
cov**0.5/mean: 5.900e-02
cov**0.5/mean: 6.337e-02
cov**0.5/mean: 6.955e-02
cov**0.5/mean: 6.710e-02
cov**0.5/mean: 6.186e-02
cov**0.5/mean: 7.041e-02
cov**0.5/mean: 6.672e-02
cov**0.5/mean: 7.221e-02
cov**0.5/mean: 6.407e-02
cov**0.5/mean: 6.344e-02
cov**0.5/mean: 6.236e-02
cov**0.5/mean: 6.291e-02
cov**0.5/mean: 6.936e-02
cov**0.5/mean: 6.509e-02
cov**0.5/mean: 6.437e-02
cov**0.5/mean: 6.010e-02
cov**0.5/mean: 5.946e-02
cov**0.5/mean: 6.327e-02
cov**0.5/mean: 6.738e-02
cov**0.5/mean: 6.430e-02
cov**0.5/mean: 6.454e-02
cov**0.5/mean: 6.228e-02
cov**0.5/mean: nan
cov**0.5/mean: 6.489e-02
cov**0.5/mean: 6.514e-02
cov**0.5/mean: 7.135e-02
cov**0.5/mean: 7.451e-02
cov**0.5/mean: 6.422e-02
cov**0.5/mean: 6.352e-02
cov**0.5/mean: 6.866e-02
cov**0.5/mean: 7.486e-02
cov**0.5/mean: 6.277e-02
cov**0.5/mean: nan
cov**0.5/mean: 6.831e-02
cov**0.5/mean: 6.782e-02
cov**0.5/mean: 7.113e-02
cov**0.5/mean: 7.142e-02
cov**0.5/mean: nan
cov**0.5/mean: 7.187e-02
cov**0.5/mean: 7.224e-02
cov**0.5/mean: 7.485e-02
cov**0.5/mean: 6.400e-02
cov**0.5/mean: 7.232e-02
cov**0.5/mean: 7.157e-02
cov**0.5/mean: 6.959e-02
cov**0.5/mean: 6.929e-02
cov**0.5/mean: 7.413e-02
cov**0.5/mean: 7.533e-02
cov**0.5/mean: 7.640e-02
cov**0.5/mean: 6.460e-02
cov**0.5/mean: 6.425e-02
cov**0.5/mean: 6.330e-02
cov**0.5/mean: 7.322e-02
cov**0.5/mean: 6.498e-02
cov**0.5/mean: 6.193e-02
cov**0.5/mean: 6.479e-02
cov**0.5/mean: 6.348e-02
cov**0.5/mean: 6.996e-02
cov**0.5/mean: 6.629e-02
cov**0.5/mean: 7.310e-02
cov**0.5/mean: 7.176e-02
cov**0.5/mean: 6.985e-02
cov**0.5/mean: 7.394e-02
cov**0.5/mean: 7.128e-02
cov**0.5/mean: 6.983e-02
cov**0.5/mean: 6.874e-02
cov**0.5/mean: 7.018e-02
cov**0.5/mean: 7.282e-02
cov**0.5/mean: 7.028e-02
cov**0.5/mean: 7.188e-02
cov**0.5/mean: 6.839e-02
cov**0.5/mean: 6.823e-02
cov**0.5/mean: 6.890e-02
cov**0.5/mean: 7.852e-02
cov**0.5/mean: 7.219e-02
cov**0.5/mean: 6.807e-02
cov**0.5/mean: 7.420e-02
cov**0.5/mean: 7.086e-02
cov**0.5/mean: 6.979e-02
cov**0.5/mean: 6.793e-02
cov**0.5/mean: 7.507e-02
cov**0.5/mean: 6.239e-02
cov**0.5/mean: 7.602e-02
cov**0.5/mean: nan
cov**0.5/mean: 6.518e-02
cov**0.5/mean: 6.943e-02
cov**0.5/mean: 6.674e-02
cov**0.5/mean: 7.219e-02
cov**0.5/mean: 6.994e-02
cov**0.5/mean: 6.598e-02
cov**0.5/mean: nan
cov**0.5/mean: 6.616e-02
cov**0.5/mean: 7.277e-02
cov**0.5/mean: nan
cov**0.5/mean: 6.606e-02
cov**0.5/mean: 6.058e-02
cov**0.5/mean: 6.795e-02
cov**0.5/mean: nan
cov**0.5/mean: 6.483e-02
cov**0.5/mean: 6.861e-02
cov**0.5/mean: 7.432e-02
cov**0.5/mean: 7.454e-02
cov**0.5/mean: 7.260e-02
cov**0.5/mean: nan
cov**0.5/mean: nan
cov**0.5/mean: 7.538e-02
cov**0.5/mean: 7.280e-02
cov**0.5/mean: 7.104e-02
cov**0.5/mean: 7.347e-02
cov**0.5/mean: 6.803e-02
cov**0.5/mean: 7.175e-02
cov**0.5/mean: 6.943e-02
cov**0.5/mean: 6.972e-02
cov**0.5/mean: nan
cov**0.5/mean: 7.306e-02
cov**0.5/mean: 7.036e-02
cov**0.5/mean: 7.143e-02
cov**0.5/mean: 6.087e-02
cov**0.5/mean: 6.955e-02
cov**0.5/mean: 6.303e-02
cov**0.5/mean: 7.139e-02
cov**0.5/mean: 6.416e-02
cov**0.5/mean: 6.827e-02
cov**0.5/mean: 6.343e-02
cov**0.5/mean: 7.092e-02
cov**0.5/mean: 6.569e-02
cov**0.5/mean: 6.809e-02
cov**0.5/mean: 7.087e-02
cov**0.5/mean: 6.871e-02
cov**0.5/mean: 7.363e-02
cov**0.5/mean: 6.951e-02
cov**0.5/mean: 7.397e-02
cov**0.5/mean: 7.026e-02
cov**0.5/mean: 6.408e-02
cov**0.5/mean: 6.408e-02
cov**0.5/mean: 7.098e-02
cov**0.5/mean: 7.269e-02
cov**0.5/mean: 7.137e-02
cov**0.5/mean: 6.768e-02
cov**0.5/mean: 6.347e-02
cov**0.5/mean: 6.693e-02
cov**0.5/mean: 7.165e-02
cov**0.5/mean: 6.216e-02
cov**0.5/mean: nan
cov**0.5/mean: 7.514e-02
cov**0.5/mean: 6.744e-02
cov**0.5/mean: 6.441e-02
cov**0.5/mean: 7.477e-02
cov**0.5/mean: 7.303e-02
cov**0.5/mean: 6.659e-02
cov**0.5/mean: 6.185e-02
cov**0.5/mean: 6.416e-02
cov**0.5/mean: 7.261e-02
cov**0.5/mean: 6.360e-02
cov**0.5/mean: 7.311e-02
cov**0.5/mean: 6.170e-02
cov**0.5/mean: 5.899e-02
cov**0.5/mean: 6.428e-02
cov**0.5/mean: 6.434e-02
cov**0.5/mean: 6.269e-02
cov**0.5/mean: 6.502e-02
cov**0.5/mean: nan
cov**0.5/mean: 6.217e-02
cov**0.5/mean: 6.773e-02
cov**0.5/mean: nan
cov**0.5/mean: 7.256e-02
cov**0.5/mean: 6.928e-02
cov**0.5/mean: 7.418e-02
cov**0.5/mean: 6.282e-02
cov**0.5/mean: 6.877e-02
cov**0.5/mean: 6.455e-02
cov**0.5/mean: 6.926e-02
cov**0.5/mean: nan
cov**0.5/mean: 7.143e-02
cov**0.5/mean: 6.449e-02
cov**0.5/mean: 6.766e-02
cov**0.5/mean: 7.376e-02
cov**0.5/mean: 6.162e-02
cov**0.5/mean: 6.064e-02
cov**0.5/mean: 6.841e-02
cov**0.5/mean: 6.027e-02
cov**0.5/mean: 6.144e-02
cov**0.5/mean: 7.342e-02
cov**0.5/mean: 7.315e-02
cov**0.5/mean: nan
cov**0.5/mean: 7.243e-02
cov**0.5/mean: 7.457e-02
cov**0.5/mean: 6.288e-02
cov**0.5/mean: 6.424e-02
cov**0.5/mean: 6.994e-02
cov**0.5/mean: 7.591e-02
cov**0.5/mean: 7.014e-02
cov**0.5/mean: 6.527e-02
cov**0.5/mean: 6.158e-02
cov**0.5/mean: 6.456e-02
cov**0.5/mean: nan
cov**0.5/mean: 6.969e-02
cov**0.5/mean: 6.254e-02
cov**0.5/mean: 6.047e-02
cov**0.5/mean: 6.939e-02
cov**0.5/mean: 7.611e-02
cov**0.5/mean: 7.031e-02
cov**0.5/mean: 7.390e-02
cov**0.5/mean: 7.060e-02
cov**0.5/mean: 7.274e-02
cov**0.5/mean: 7.149e-02
cov**0.5/mean: 6.976e-02
cov**0.5/mean: nan
cov**0.5/mean: 7.305e-02
cov**0.5/mean: 6.993e-02
cov**0.5/mean: 6.469e-02
cov**0.5/mean: 5.996e-02
cov**0.5/mean: 6.573e-02
cov**0.5/mean: 7.155e-02
cov**0.5/mean: 7.436e-02
cov**0.5/mean: 7.634e-02
cov**0.5/mean: 7.030e-02
cov**0.5/mean: 7.152e-02
cov**0.5/mean: 7.145e-02
cov**0.5/mean: 6.261e-02
cov**0.5/mean: 6.002e-02
cov**0.5/mean: 6.535e-02
cov**0.5/mean: 6.384e-02
cov**0.5/mean: 6.079e-02
cov**0.5/mean: 6.338e-02
cov**0.5/mean: 6.351e-02
cov**0.5/mean: 5.976e-02
cov**0.5/mean: 6.512e-02
cov**0.5/mean: 5.999e-02
cov**0.5/mean: 6.595e-02
cov**0.5/mean: nan
cov**0.5/mean: 6.165e-02
cov**0.5/mean: 7.164e-02
cov**0.5/mean: 6.338e-02
cov**0.5/mean: 5.903e-02
cov**0.5/mean: nan
cov**0.5/mean: 6.199e-02
cov**0.5/mean: 5.826e-02
cov**0.5/mean: 5.936e-02
cov**0.5/mean: 6.503e-02
cov**0.5/mean: 5.615e-02
cov**0.5/mean: 6.763e-02
cov**0.5/mean: nan
cov**0.5/mean: 6.852e-02
cov**0.5/mean: 6.725e-02
cov**0.5/mean: 7.090e-02
cov**0.5/mean: 6.838e-02
cov**0.5/mean: 7.636e-02
cov**0.5/mean: 6.981e-02
cov**0.5/mean: 6.802e-02
cov**0.5/mean: 9.221e-02
cov**0.5/mean: 6.963e-02
cov**0.5/mean: 6.918e-02
cov**0.5/mean: 7.450e-02
cov**0.5/mean: 7.315e-02
cov**0.5/mean: 7.460e-02
cov**0.5/mean: 7.446e-02
cov**0.5/mean: 7.289e-02
cov**0.5/mean: 7.169e-02
cov**0.5/mean: 7.252e-02
cov**0.5/mean: 7.592e-02
cov**0.5/mean: 7.265e-02
cov**0.5/mean: 6.477e-02
cov**0.5/mean: 6.493e-02
cov**0.5/mean: 6.770e-02
cov**0.5/mean: nan
cov**0.5/mean: 6.111e-02
cov**0.5/mean: 7.109e-02
cov**0.5/mean: 7.090e-02
cov**0.5/mean: nan
cov**0.5/mean: 6.803e-02
cov**0.5/mean: 7.203e-02
cov**0.5/mean: 6.828e-02
  Step 5000/10000, Time: 5.0s, Acceptance: nan
cov**0.5/mean: 5.988e-02
cov**0.5/mean: 7.314e-02
cov**0.5/mean: 7.350e-02
cov**0.5/mean: nan
cov**0.5/mean: 7.076e-02
cov**0.5/mean: 6.970e-02
cov**0.5/mean: 7.491e-02
cov**0.5/mean: 7.182e-02
cov**0.5/mean: 6.843e-02
cov**0.5/mean: 7.127e-02
cov**0.5/mean: 7.152e-02
cov**0.5/mean: 6.181e-02
cov**0.5/mean: 6.603e-02
cov**0.5/mean: 7.030e-02
cov**0.5/mean: 7.512e-02
cov**0.5/mean: 7.203e-02
cov**0.5/mean: 6.324e-02
cov**0.5/mean: 7.254e-02
cov**0.5/mean: 7.005e-02
cov**0.5/mean: 6.046e-02
cov**0.5/mean: 6.156e-02
cov**0.5/mean: 6.196e-02
cov**0.5/mean: 6.106e-02
cov**0.5/mean: nan
cov**0.5/mean: 7.011e-02
cov**0.5/mean: 7.649e-02
cov**0.5/mean: 6.723e-02
cov**0.5/mean: nan
cov**0.5/mean: 7.644e-02
cov**0.5/mean: 6.560e-02
cov**0.5/mean: 6.875e-02
cov**0.5/mean: 7.259e-02
cov**0.5/mean: 7.131e-02
cov**0.5/mean: 7.118e-02
cov**0.5/mean: 6.802e-02
cov**0.5/mean: 6.863e-02
cov**0.5/mean: 6.806e-02
cov**0.5/mean: 6.462e-02
cov**0.5/mean: 6.516e-02
cov**0.5/mean: 5.983e-02
cov**0.5/mean: 6.148e-02
cov**0.5/mean: 6.278e-02
cov**0.5/mean: 6.465e-02
cov**0.5/mean: 7.342e-02
cov**0.5/mean: 7.317e-02
cov**0.5/mean: 6.048e-02
cov**0.5/mean: 7.007e-02
cov**0.5/mean: 6.880e-02
cov**0.5/mean: 6.350e-02
cov**0.5/mean: 7.144e-02
cov**0.5/mean: 7.539e-02
cov**0.5/mean: 6.959e-02
cov**0.5/mean: 6.983e-02
cov**0.5/mean: 6.743e-02
cov**0.5/mean: 6.802e-02
cov**0.5/mean: 7.430e-02
cov**0.5/mean: 7.072e-02
cov**0.5/mean: 7.452e-02
cov**0.5/mean: 7.176e-02
cov**0.5/mean: 7.138e-02
cov**0.5/mean: 7.212e-02
cov**0.5/mean: 7.060e-02
cov**0.5/mean: 6.605e-02
cov**0.5/mean: nan
cov**0.5/mean: 6.721e-02
cov**0.5/mean: 7.247e-02
cov**0.5/mean: 6.052e-02
cov**0.5/mean: 7.068e-02
cov**0.5/mean: nan
cov**0.5/mean: 6.302e-02
cov**0.5/mean: 7.370e-02
cov**0.5/mean: 6.199e-02
cov**0.5/mean: 7.733e-02
cov**0.5/mean: 7.257e-02
cov**0.5/mean: 7.038e-02
cov**0.5/mean: 5.883e-02
cov**0.5/mean: 6.281e-02
cov**0.5/mean: 6.837e-02
cov**0.5/mean: 6.472e-02
cov**0.5/mean: 6.260e-02
cov**0.5/mean: 6.051e-02
cov**0.5/mean: 5.844e-02
cov**0.5/mean: 6.211e-02
cov**0.5/mean: 6.227e-02
cov**0.5/mean: 6.110e-02
cov**0.5/mean: nan
cov**0.5/mean: 5.794e-02
cov**0.5/mean: nan
cov**0.5/mean: 5.611e-02
cov**0.5/mean: 6.842e-02
cov**0.5/mean: 6.060e-02
cov**0.5/mean: 5.714e-02
cov**0.5/mean: 6.342e-02
cov**0.5/mean: 6.085e-02
cov**0.5/mean: 6.252e-02
cov**0.5/mean: 6.098e-02
cov**0.5/mean: nan
cov**0.5/mean: 6.394e-02
cov**0.5/mean: nan
cov**0.5/mean: 7.094e-02
cov**0.5/mean: 6.059e-02
cov**0.5/mean: 6.358e-02
cov**0.5/mean: 6.845e-02
cov**0.5/mean: 6.393e-02
cov**0.5/mean: 6.353e-02
cov**0.5/mean: 6.477e-02
cov**0.5/mean: 6.516e-02
cov**0.5/mean: 6.350e-02
cov**0.5/mean: nan
cov**0.5/mean: 7.045e-02
cov**0.5/mean: 7.430e-02
cov**0.5/mean: 7.648e-02
cov**0.5/mean: 6.221e-02
cov**0.5/mean: 7.350e-02
cov**0.5/mean: 6.499e-02
cov**0.5/mean: 6.512e-02
cov**0.5/mean: 7.050e-02
cov**0.5/mean: 6.844e-02
cov**0.5/mean: 6.293e-02
cov**0.5/mean: 6.910e-02
cov**0.5/mean: 6.167e-02
cov**0.5/mean: 7.017e-02
cov**0.5/mean: 6.571e-02
cov**0.5/mean: 6.777e-02
cov**0.5/mean: 7.254e-02
cov**0.5/mean: 6.372e-02
cov**0.5/mean: 5.835e-02
cov**0.5/mean: 6.330e-02
cov**0.5/mean: 7.038e-02
cov**0.5/mean: 6.411e-02
cov**0.5/mean: 7.284e-02
cov**0.5/mean: 7.163e-02
cov**0.5/mean: nan
cov**0.5/mean: 6.872e-02
cov**0.5/mean: 7.519e-02
cov**0.5/mean: 7.419e-02
cov**0.5/mean: 7.279e-02
cov**0.5/mean: 7.031e-02
cov**0.5/mean: 5.988e-02
cov**0.5/mean: 7.183e-02
cov**0.5/mean: 6.962e-02
cov**0.5/mean: 6.512e-02
cov**0.5/mean: 7.200e-02
cov**0.5/mean: 6.126e-02
cov**0.5/mean: 7.515e-02
cov**0.5/mean: 7.216e-02
cov**0.5/mean: 6.834e-02
cov**0.5/mean: 7.453e-02
cov**0.5/mean: 7.611e-02
cov**0.5/mean: 6.391e-02
cov**0.5/mean: 7.248e-02
cov**0.5/mean: 6.341e-02
cov**0.5/mean: 6.901e-02
cov**0.5/mean: 7.208e-02
cov**0.5/mean: 6.979e-02
cov**0.5/mean: 6.332e-02
cov**0.5/mean: 7.450e-02
cov**0.5/mean: 7.274e-02
cov**0.5/mean: 7.403e-02
cov**0.5/mean: 6.507e-02
cov**0.5/mean: 7.115e-02
cov**0.5/mean: 7.071e-02
cov**0.5/mean: 6.972e-02
cov**0.5/mean: 6.878e-02
cov**0.5/mean: 7.196e-02
cov**0.5/mean: 7.400e-02
cov**0.5/mean: 7.108e-02
cov**0.5/mean: 6.342e-02
cov**0.5/mean: 7.087e-02
cov**0.5/mean: 6.322e-02
cov**0.5/mean: 7.245e-02
cov**0.5/mean: 6.428e-02
cov**0.5/mean: nan
cov**0.5/mean: 6.390e-02
cov**0.5/mean: 6.414e-02
cov**0.5/mean: 6.796e-02
cov**0.5/mean: nan
cov**0.5/mean: 6.179e-02
cov**0.5/mean: 6.863e-02
cov**0.5/mean: 6.256e-02
cov**0.5/mean: nan
cov**0.5/mean: 6.006e-02
cov**0.5/mean: 6.565e-02
cov**0.5/mean: 6.990e-02
cov**0.5/mean: 7.404e-02
cov**0.5/mean: 7.502e-02
cov**0.5/mean: 7.372e-02
cov**0.5/mean: 6.495e-02
cov**0.5/mean: 6.077e-02
cov**0.5/mean: 7.345e-02
cov**0.5/mean: 6.158e-02
cov**0.5/mean: 6.332e-02
cov**0.5/mean: 6.456e-02
cov**0.5/mean: 6.333e-02
cov**0.5/mean: 6.065e-02
cov**0.5/mean: nan
cov**0.5/mean: 6.669e-02
cov**0.5/mean: 7.200e-02
cov**0.5/mean: 6.145e-02
cov**0.5/mean: 6.973e-02
cov**0.5/mean: 6.343e-02
cov**0.5/mean: 6.475e-02
cov**0.5/mean: 5.967e-02
cov**0.5/mean: 7.049e-02
cov**0.5/mean: 6.965e-02
cov**0.5/mean: 6.867e-02
cov**0.5/mean: 6.689e-02
cov**0.5/mean: 6.355e-02
cov**0.5/mean: nan
cov**0.5/mean: 6.204e-02
cov**0.5/mean: 6.824e-02
cov**0.5/mean: 7.665e-02
cov**0.5/mean: 6.430e-02
cov**0.5/mean: 7.341e-02
cov**0.5/mean: 6.144e-02
cov**0.5/mean: 6.794e-02
cov**0.5/mean: 6.624e-02
cov**0.5/mean: 7.090e-02
cov**0.5/mean: nan
cov**0.5/mean: 7.012e-02
cov**0.5/mean: 6.246e-02
cov**0.5/mean: 6.602e-02
cov**0.5/mean: 7.026e-02
cov**0.5/mean: 6.846e-02
cov**0.5/mean: 6.956e-02
cov**0.5/mean: 7.274e-02
cov**0.5/mean: 7.256e-02
cov**0.5/mean: 6.809e-02
cov**0.5/mean: 7.225e-02
cov**0.5/mean: 6.795e-02
cov**0.5/mean: 6.498e-02
cov**0.5/mean: 7.394e-02
cov**0.5/mean: 6.564e-02
cov**0.5/mean: 6.074e-02
cov**0.5/mean: 6.430e-02
cov**0.5/mean: 6.395e-02
cov**0.5/mean: 5.823e-02
cov**0.5/mean: 6.574e-02
cov**0.5/mean: 7.444e-02
cov**0.5/mean: 6.284e-02
cov**0.5/mean: 6.204e-02
cov**0.5/mean: 6.390e-02
cov**0.5/mean: 7.330e-02
cov**0.5/mean: 6.078e-02
cov**0.5/mean: 6.382e-02
cov**0.5/mean: 7.177e-02
cov**0.5/mean: 6.995e-02
cov**0.5/mean: 7.130e-02
cov**0.5/mean: 6.493e-02
cov**0.5/mean: 6.383e-02
cov**0.5/mean: 5.944e-02
cov**0.5/mean: 6.774e-02
cov**0.5/mean: 7.383e-02
cov**0.5/mean: 6.409e-02
cov**0.5/mean: 7.141e-02
cov**0.5/mean: 7.007e-02
cov**0.5/mean: 7.457e-02
cov**0.5/mean: 6.814e-02
cov**0.5/mean: 6.255e-02
cov**0.5/mean: nan
cov**0.5/mean: 7.150e-02
cov**0.5/mean: 6.047e-02
cov**0.5/mean: 7.352e-02
cov**0.5/mean: 7.320e-02
cov**0.5/mean: 6.844e-02
cov**0.5/mean: 7.151e-02
cov**0.5/mean: 6.690e-02
cov**0.5/mean: 7.006e-02
cov**0.5/mean: 7.258e-02
cov**0.5/mean: 6.238e-02
cov**0.5/mean: 7.017e-02
cov**0.5/mean: 6.957e-02
cov**0.5/mean: 6.311e-02
cov**0.5/mean: nan
cov**0.5/mean: 6.146e-02
cov**0.5/mean: 6.267e-02
cov**0.5/mean: 6.179e-02
cov**0.5/mean: 5.874e-02
cov**0.5/mean: 6.420e-02
cov**0.5/mean: 6.228e-02
cov**0.5/mean: nan
cov**0.5/mean: 6.411e-02
cov**0.5/mean: 7.345e-02
cov**0.5/mean: 7.286e-02
cov**0.5/mean: 6.339e-02
cov**0.5/mean: 5.950e-02
cov**0.5/mean: 5.951e-02
cov**0.5/mean: 6.796e-02
cov**0.5/mean: 6.196e-02
cov**0.5/mean: nan
cov**0.5/mean: 5.942e-02
cov**0.5/mean: 7.022e-02
cov**0.5/mean: 5.772e-02
cov**0.5/mean: 6.222e-02
cov**0.5/mean: 6.494e-02
cov**0.5/mean: 6.989e-02
cov**0.5/mean: 7.256e-02
cov**0.5/mean: 6.717e-02
cov**0.5/mean: 6.644e-02
cov**0.5/mean: 7.015e-02
cov**0.5/mean: 6.080e-02
cov**0.5/mean: 7.165e-02
cov**0.5/mean: 7.193e-02
cov**0.5/mean: 7.686e-02
cov**0.5/mean: 7.498e-02
cov**0.5/mean: 6.670e-02
cov**0.5/mean: 6.265e-02
cov**0.5/mean: 7.182e-02
cov**0.5/mean: 7.330e-02
cov**0.5/mean: 7.302e-02
cov**0.5/mean: 6.835e-02
cov**0.5/mean: 7.244e-02
cov**0.5/mean: 6.619e-02
cov**0.5/mean: 6.517e-02
cov**0.5/mean: 6.681e-02
cov**0.5/mean: 7.087e-02
cov**0.5/mean: 7.115e-02
cov**0.5/mean: 7.132e-02
cov**0.5/mean: 7.008e-02
cov**0.5/mean: 6.943e-02
cov**0.5/mean: nan
cov**0.5/mean: 7.177e-02
cov**0.5/mean: 6.879e-02
cov**0.5/mean: 6.688e-02
cov**0.5/mean: 6.844e-02
cov**0.5/mean: 6.998e-02
cov**0.5/mean: 5.918e-02
cov**0.5/mean: 7.443e-02
cov**0.5/mean: 7.335e-02
cov**0.5/mean: 6.523e-02
cov**0.5/mean: 5.882e-02
cov**0.5/mean: 6.466e-02
cov**0.5/mean: 6.581e-02
cov**0.5/mean: 6.362e-02
cov**0.5/mean: 6.226e-02
cov**0.5/mean: 7.355e-02
cov**0.5/mean: 5.963e-02
cov**0.5/mean: 6.827e-02
cov**0.5/mean: 6.494e-02
cov**0.5/mean: 7.275e-02
cov**0.5/mean: 7.468e-02
cov**0.5/mean: 7.383e-02
cov**0.5/mean: 7.251e-02
cov**0.5/mean: 6.971e-02
cov**0.5/mean: 6.235e-02
cov**0.5/mean: 6.178e-02
cov**0.5/mean: 6.250e-02
cov**0.5/mean: 5.883e-02
cov**0.5/mean: 7.109e-02
cov**0.5/mean: 6.359e-02
cov**0.5/mean: 7.081e-02
cov**0.5/mean: nan
cov**0.5/mean: 6.331e-02
cov**0.5/mean: 6.049e-02
cov**0.5/mean: 6.097e-02
cov**0.5/mean: 6.256e-02
cov**0.5/mean: 6.302e-02
cov**0.5/mean: 6.689e-02
cov**0.5/mean: 6.489e-02
cov**0.5/mean: nan
cov**0.5/mean: 6.561e-02
cov**0.5/mean: 6.398e-02
cov**0.5/mean: 6.398e-02
cov**0.5/mean: 5.995e-02
cov**0.5/mean: 6.178e-02
cov**0.5/mean: 6.330e-02
cov**0.5/mean: 6.036e-02
cov**0.5/mean: 6.840e-02
cov**0.5/mean: 6.436e-02
cov**0.5/mean: 5.739e-02
cov**0.5/mean: 7.535e-02
cov**0.5/mean: 7.128e-02
cov**0.5/mean: 7.607e-02
cov**0.5/mean: 6.738e-02
cov**0.5/mean: 7.388e-02
cov**0.5/mean: 7.566e-02
cov**0.5/mean: 7.375e-02
cov**0.5/mean: nan
cov**0.5/mean: 7.258e-02
cov**0.5/mean: 7.282e-02
cov**0.5/mean: 6.872e-02
cov**0.5/mean: 6.881e-02
cov**0.5/mean: 7.204e-02
cov**0.5/mean: 7.379e-02
cov**0.5/mean: 7.187e-02
cov**0.5/mean: nan
cov**0.5/mean: 6.627e-02
cov**0.5/mean: 6.082e-02
cov**0.5/mean: 6.158e-02
cov**0.5/mean: 6.213e-02
cov**0.5/mean: 6.246e-02
cov**0.5/mean: 6.562e-02
cov**0.5/mean: 6.209e-02
cov**0.5/mean: 6.684e-02
cov**0.5/mean: 7.161e-02
cov**0.5/mean: 6.197e-02
cov**0.5/mean: 7.010e-02
cov**0.5/mean: 7.137e-02
cov**0.5/mean: 6.618e-02
cov**0.5/mean: 6.381e-02
cov**0.5/mean: 6.443e-02
cov**0.5/mean: 6.184e-02
cov**0.5/mean: 6.966e-02
cov**0.5/mean: 6.230e-02
cov**0.5/mean: 7.088e-02
cov**0.5/mean: 6.299e-02
cov**0.5/mean: 6.470e-02
cov**0.5/mean: 6.350e-02
cov**0.5/mean: 6.356e-02
cov**0.5/mean: 6.324e-02
cov**0.5/mean: 6.658e-02
cov**0.5/mean: 7.003e-02
cov**0.5/mean: 5.522e-02
cov**0.5/mean: 6.807e-02
cov**0.5/mean: 6.019e-02
cov**0.5/mean: 5.999e-02
cov**0.5/mean: 5.942e-02
cov**0.5/mean: 5.965e-02
cov**0.5/mean: 6.072e-02
cov**0.5/mean: 6.299e-02
cov**0.5/mean: 6.139e-02
cov**0.5/mean: 5.906e-02
cov**0.5/mean: 6.111e-02
cov**0.5/mean: 5.803e-02
cov**0.5/mean: 5.903e-02
cov**0.5/mean: nan
cov**0.5/mean: 6.229e-02
cov**0.5/mean: 6.066e-02
cov**0.5/mean: 6.289e-02
cov**0.5/mean: 6.480e-02
cov**0.5/mean: 5.904e-02
cov**0.5/mean: 6.949e-02
cov**0.5/mean: 6.995e-02
cov**0.5/mean: 6.825e-02
cov**0.5/mean: 7.215e-02
cov**0.5/mean: 6.012e-02
cov**0.5/mean: 6.458e-02
cov**0.5/mean: 7.231e-02
cov**0.5/mean: 6.375e-02
cov**0.5/mean: 7.069e-02
cov**0.5/mean: 7.510e-02
cov**0.5/mean: 7.149e-02
cov**0.5/mean: 6.362e-02
cov**0.5/mean: 6.962e-02
cov**0.5/mean: 7.126e-02
cov**0.5/mean: 6.184e-02
cov**0.5/mean: 7.520e-02
cov**0.5/mean: 7.283e-02
cov**0.5/mean: 6.943e-02
cov**0.5/mean: 7.089e-02
cov**0.5/mean: 7.736e-02
cov**0.5/mean: 7.097e-02
cov**0.5/mean: 6.452e-02
cov**0.5/mean: 7.180e-02
cov**0.5/mean: 6.993e-02
cov**0.5/mean: 7.202e-02
cov**0.5/mean: 7.521e-02
cov**0.5/mean: nan
cov**0.5/mean: nan
cov**0.5/mean: 6.914e-02
cov**0.5/mean: 7.286e-02
cov**0.5/mean: 6.759e-02
cov**0.5/mean: 7.371e-02
cov**0.5/mean: 7.466e-02
cov**0.5/mean: 6.980e-02
cov**0.5/mean: 6.676e-02
cov**0.5/mean: 7.071e-02
cov**0.5/mean: 6.760e-02
cov**0.5/mean: 6.853e-02
cov**0.5/mean: 5.931e-02
cov**0.5/mean: nan
cov**0.5/mean: 7.132e-02
cov**0.5/mean: 7.065e-02
cov**0.5/mean: 7.012e-02
cov**0.5/mean: 7.420e-02
cov**0.5/mean: 6.694e-02
cov**0.5/mean: 7.389e-02
cov**0.5/mean: 7.329e-02
cov**0.5/mean: 6.964e-02
cov**0.5/mean: 7.372e-02
cov**0.5/mean: 7.707e-02
cov**0.5/mean: 6.753e-02
cov**0.5/mean: 7.199e-02
cov**0.5/mean: 7.225e-02
cov**0.5/mean: 6.451e-02
cov**0.5/mean: 6.484e-02
cov**0.5/mean: 6.382e-02
cov**0.5/mean: 6.454e-02
cov**0.5/mean: 6.797e-02
cov**0.5/mean: 6.730e-02
cov**0.5/mean: 6.491e-02
cov**0.5/mean: nan
cov**0.5/mean: 7.013e-02
cov**0.5/mean: 6.705e-02
cov**0.5/mean: 7.306e-02
cov**0.5/mean: 6.709e-02
cov**0.5/mean: 7.183e-02
cov**0.5/mean: 7.438e-02
cov**0.5/mean: 6.733e-02
cov**0.5/mean: 6.688e-02
cov**0.5/mean: 7.456e-02
cov**0.5/mean: 7.061e-02
cov**0.5/mean: nan
cov**0.5/mean: 7.206e-02
cov**0.5/mean: 6.948e-02
cov**0.5/mean: 7.330e-02
cov**0.5/mean: 7.019e-02
cov**0.5/mean: 7.121e-02
cov**0.5/mean: 6.969e-02
cov**0.5/mean: nan
cov**0.5/mean: 7.368e-02
cov**0.5/mean: 7.133e-02
cov**0.5/mean: 7.067e-02
cov**0.5/mean: 7.181e-02
cov**0.5/mean: 6.891e-02
cov**0.5/mean: 7.263e-02
cov**0.5/mean: 6.545e-02
cov**0.5/mean: 7.388e-02
cov**0.5/mean: 7.267e-02
cov**0.5/mean: 6.730e-02
cov**0.5/mean: nan
cov**0.5/mean: nan
cov**0.5/mean: 6.235e-02
cov**0.5/mean: 6.424e-02
cov**0.5/mean: nan
cov**0.5/mean: 6.703e-02
cov**0.5/mean: 6.952e-02
cov**0.5/mean: 6.162e-02
cov**0.5/mean: 6.849e-02
cov**0.5/mean: 6.773e-02
cov**0.5/mean: 6.759e-02
cov**0.5/mean: 6.179e-02
cov**0.5/mean: 6.505e-02
cov**0.5/mean: 5.939e-02
cov**0.5/mean: 6.087e-02
cov**0.5/mean: nan
cov**0.5/mean: nan
cov**0.5/mean: 6.381e-02
cov**0.5/mean: 6.355e-02
cov**0.5/mean: 6.058e-02
cov**0.5/mean: 5.947e-02
cov**0.5/mean: 5.739e-02
cov**0.5/mean: 5.864e-02
cov**0.5/mean: 6.114e-02
cov**0.5/mean: 6.207e-02
cov**0.5/mean: 6.157e-02
cov**0.5/mean: 6.184e-02
cov**0.5/mean: 5.894e-02
cov**0.5/mean: 6.575e-02
cov**0.5/mean: 7.156e-02
cov**0.5/mean: 6.008e-02
cov**0.5/mean: 5.958e-02
cov**0.5/mean: 6.996e-02
cov**0.5/mean: 7.080e-02
cov**0.5/mean: 7.784e-02
cov**0.5/mean: 7.214e-02
cov**0.5/mean: 6.680e-02
cov**0.5/mean: 7.134e-02
cov**0.5/mean: 7.040e-02
cov**0.5/mean: 6.130e-02
cov**0.5/mean: nan
cov**0.5/mean: 7.505e-02
cov**0.5/mean: 6.530e-02
cov**0.5/mean: 6.374e-02
cov**0.5/mean: 6.837e-02
cov**0.5/mean: 6.724e-02
cov**0.5/mean: 7.530e-02
cov**0.5/mean: 6.876e-02
cov**0.5/mean: 6.479e-02
cov**0.5/mean: 6.391e-02
cov**0.5/mean: 7.283e-02
cov**0.5/mean: 6.332e-02
cov**0.5/mean: 6.741e-02
cov**0.5/mean: 6.615e-02
cov**0.5/mean: 6.696e-02
cov**0.5/mean: 6.988e-02
cov**0.5/mean: 7.599e-02
cov**0.5/mean: 6.884e-02
cov**0.5/mean: 6.345e-02
cov**0.5/mean: 6.519e-02
cov**0.5/mean: 6.742e-02
cov**0.5/mean: 7.099e-02
cov**0.5/mean: 7.575e-02
cov**0.5/mean: 7.349e-02
cov**0.5/mean: 7.330e-02
cov**0.5/mean: 7.383e-02
cov**0.5/mean: 7.087e-02
cov**0.5/mean: 7.228e-02
cov**0.5/mean: 7.263e-02
cov**0.5/mean: 7.160e-02
cov**0.5/mean: 6.480e-02
cov**0.5/mean: 7.287e-02
cov**0.5/mean: 6.161e-02
cov**0.5/mean: 7.457e-02
cov**0.5/mean: 6.804e-02
cov**0.5/mean: 6.525e-02
cov**0.5/mean: 7.181e-02
cov**0.5/mean: 7.463e-02
cov**0.5/mean: 6.876e-02
cov**0.5/mean: 7.079e-02
cov**0.5/mean: 6.240e-02
cov**0.5/mean: 7.276e-02
cov**0.5/mean: 6.598e-02
cov**0.5/mean: 7.475e-02
cov**0.5/mean: 6.038e-02
cov**0.5/mean: 7.307e-02
cov**0.5/mean: 7.484e-02
cov**0.5/mean: nan
cov**0.5/mean: 7.264e-02
cov**0.5/mean: nan
cov**0.5/mean: 7.483e-02
cov**0.5/mean: 7.085e-02
cov**0.5/mean: 7.101e-02
cov**0.5/mean: 7.487e-02
cov**0.5/mean: 7.281e-02
cov**0.5/mean: 7.265e-02
cov**0.5/mean: 6.993e-02
cov**0.5/mean: 7.213e-02
cov**0.5/mean: 5.973e-02
cov**0.5/mean: 6.684e-02
cov**0.5/mean: 6.890e-02
cov**0.5/mean: 6.486e-02
cov**0.5/mean: 7.424e-02
cov**0.5/mean: 7.194e-02
cov**0.5/mean: 7.063e-02
cov**0.5/mean: 7.234e-02
cov**0.5/mean: 7.036e-02
cov**0.5/mean: 7.216e-02
cov**0.5/mean: 6.917e-02
cov**0.5/mean: nan
cov**0.5/mean: 6.907e-02
cov**0.5/mean: 7.073e-02
cov**0.5/mean: 7.021e-02
cov**0.5/mean: 6.789e-02
cov**0.5/mean: 7.211e-02
cov**0.5/mean: 7.293e-02
cov**0.5/mean: 7.273e-02
cov**0.5/mean: 7.556e-02
cov**0.5/mean: 7.295e-02
cov**0.5/mean: 7.350e-02
cov**0.5/mean: 7.705e-02
cov**0.5/mean: 7.302e-02
cov**0.5/mean: 6.456e-02
cov**0.5/mean: 6.151e-02
cov**0.5/mean: 6.453e-02
cov**0.5/mean: 6.336e-02
cov**0.5/mean: 7.049e-02
cov**0.5/mean: 6.288e-02
cov**0.5/mean: 7.615e-02
cov**0.5/mean: 6.216e-02
cov**0.5/mean: 5.863e-02
cov**0.5/mean: 6.344e-02
cov**0.5/mean: 6.091e-02
cov**0.5/mean: 7.399e-02
cov**0.5/mean: 7.191e-02
cov**0.5/mean: 7.366e-02
cov**0.5/mean: 6.992e-02
cov**0.5/mean: 7.007e-02
cov**0.5/mean: 7.144e-02
cov**0.5/mean: 6.887e-02
cov**0.5/mean: nan
cov**0.5/mean: 6.898e-02
cov**0.5/mean: 6.526e-02
cov**0.5/mean: 6.654e-02
cov**0.5/mean: 5.933e-02
cov**0.5/mean: 6.413e-02
cov**0.5/mean: 6.083e-02
cov**0.5/mean: nan
cov**0.5/mean: 6.383e-02
cov**0.5/mean: 7.203e-02
cov**0.5/mean: 6.016e-02
cov**0.5/mean: 6.691e-02
cov**0.5/mean: nan
cov**0.5/mean: 7.345e-02
cov**0.5/mean: 7.359e-02
cov**0.5/mean: 7.620e-02
cov**0.5/mean: 6.472e-02
cov**0.5/mean: 7.423e-02
cov**0.5/mean: 7.204e-02
cov**0.5/mean: 7.224e-02
cov**0.5/mean: 7.142e-02
cov**0.5/mean: 7.338e-02
cov**0.5/mean: 6.779e-02
cov**0.5/mean: 6.505e-02
cov**0.5/mean: 7.403e-02
cov**0.5/mean: nan
cov**0.5/mean: 7.497e-02
cov**0.5/mean: 7.214e-02
cov**0.5/mean: 6.944e-02
cov**0.5/mean: 6.979e-02
cov**0.5/mean: 7.172e-02
cov**0.5/mean: 7.074e-02
cov**0.5/mean: 6.930e-02
cov**0.5/mean: 7.014e-02
cov**0.5/mean: 7.769e-02
cov**0.5/mean: 7.163e-02
cov**0.5/mean: 6.730e-02
cov**0.5/mean: 6.403e-02
cov**0.5/mean: nan
cov**0.5/mean: 5.681e-02
cov**0.5/mean: nan
cov**0.5/mean: 6.875e-02
cov**0.5/mean: 6.107e-02
cov**0.5/mean: nan
cov**0.5/mean: 6.693e-02
cov**0.5/mean: 6.389e-02
cov**0.5/mean: 5.952e-02
cov**0.5/mean: 6.461e-02
cov**0.5/mean: 5.865e-02
cov**0.5/mean: 6.365e-02
cov**0.5/mean: 6.478e-02
cov**0.5/mean: 7.346e-02
cov**0.5/mean: 6.783e-02
cov**0.5/mean: 7.424e-02
cov**0.5/mean: 6.889e-02
cov**0.5/mean: 7.007e-02
cov**0.5/mean: 6.331e-02
cov**0.5/mean: 7.073e-02
cov**0.5/mean: 7.230e-02
cov**0.5/mean: 7.109e-02
cov**0.5/mean: 6.455e-02
cov**0.5/mean: nan
cov**0.5/mean: nan
cov**0.5/mean: 6.358e-02
cov**0.5/mean: 6.445e-02
cov**0.5/mean: 6.372e-02
cov**0.5/mean: 6.124e-02
cov**0.5/mean: 6.560e-02
cov**0.5/mean: 6.848e-02
cov**0.5/mean: nan
cov**0.5/mean: nan
cov**0.5/mean: 7.526e-02
cov**0.5/mean: 6.850e-02
cov**0.5/mean: 6.406e-02
cov**0.5/mean: 7.715e-02
cov**0.5/mean: 6.759e-02
cov**0.5/mean: 6.458e-02
cov**0.5/mean: nan
cov**0.5/mean: 5.997e-02
cov**0.5/mean: 6.820e-02
cov**0.5/mean: 7.274e-02
cov**0.5/mean: 7.188e-02
cov**0.5/mean: 7.653e-02
cov**0.5/mean: 7.264e-02
cov**0.5/mean: 6.241e-02
cov**0.5/mean: nan
cov**0.5/mean: 6.367e-02
cov**0.5/mean: 6.111e-02
cov**0.5/mean: 6.039e-02
cov**0.5/mean: 6.987e-02
cov**0.5/mean: 7.692e-02
cov**0.5/mean: 7.079e-02
cov**0.5/mean: 7.344e-02
cov**0.5/mean: 7.181e-02
cov**0.5/mean: nan
cov**0.5/mean: nan
cov**0.5/mean: 6.866e-02
cov**0.5/mean: 6.714e-02
cov**0.5/mean: 7.049e-02
cov**0.5/mean: 7.151e-02
cov**0.5/mean: 7.282e-02
cov**0.5/mean: 6.279e-02
cov**0.5/mean: nan
cov**0.5/mean: 7.837e-02
cov**0.5/mean: 7.112e-02
cov**0.5/mean: nan
cov**0.5/mean: 6.956e-02
cov**0.5/mean: nan
cov**0.5/mean: 7.497e-02
cov**0.5/mean: 6.810e-02
cov**0.5/mean: nan
cov**0.5/mean: 7.802e-02
cov**0.5/mean: 7.417e-02
cov**0.5/mean: 7.148e-02
cov**0.5/mean: 6.467e-02
cov**0.5/mean: 6.484e-02
cov**0.5/mean: 6.767e-02
cov**0.5/mean: 5.939e-02
cov**0.5/mean: 5.625e-02
cov**0.5/mean: 6.010e-02
cov**0.5/mean: 7.140e-02
cov**0.5/mean: 6.327e-02
cov**0.5/mean: 6.052e-02
cov**0.5/mean: nan
cov**0.5/mean: nan
cov**0.5/mean: nan
cov**0.5/mean: 6.473e-02
cov**0.5/mean: nan
cov**0.5/mean: 5.795e-02
cov**0.5/mean: 6.096e-02
cov**0.5/mean: 6.251e-02
cov**0.5/mean: nan
cov**0.5/mean: 6.119e-02
cov**0.5/mean: 6.324e-02
cov**0.5/mean: 7.121e-02
cov**0.5/mean: 6.652e-02
cov**0.5/mean: 7.329e-02
cov**0.5/mean: 7.087e-02
cov**0.5/mean: 7.154e-02
cov**0.5/mean: nan
cov**0.5/mean: 7.087e-02
cov**0.5/mean: 6.399e-02
cov**0.5/mean: 7.186e-02
cov**0.5/mean: 7.401e-02
cov**0.5/mean: 6.875e-02
cov**0.5/mean: 6.218e-02
cov**0.5/mean: nan
cov**0.5/mean: 6.712e-02
cov**0.5/mean: 6.480e-02
cov**0.5/mean: 6.587e-02
cov**0.5/mean: 7.740e-02
cov**0.5/mean: 6.310e-02
cov**0.5/mean: 5.841e-02
cov**0.5/mean: 6.403e-02
cov**0.5/mean: 6.445e-02
cov**0.5/mean: 7.598e-02
cov**0.5/mean: 6.579e-02
cov**0.5/mean: 6.905e-02
cov**0.5/mean: 7.236e-02
cov**0.5/mean: 6.670e-02
cov**0.5/mean: 6.479e-02
cov**0.5/mean: 6.875e-02
cov**0.5/mean: nan
cov**0.5/mean: 6.655e-02
cov**0.5/mean: nan
cov**0.5/mean: 6.467e-02
cov**0.5/mean: 6.075e-02
cov**0.5/mean: 6.883e-02
cov**0.5/mean: 7.315e-02
cov**0.5/mean: 6.687e-02
cov**0.5/mean: 7.353e-02
cov**0.5/mean: 7.212e-02
cov**0.5/mean: 6.823e-02
cov**0.5/mean: 7.272e-02
cov**0.5/mean: nan
cov**0.5/mean: 6.059e-02
cov**0.5/mean: 6.230e-02
cov**0.5/mean: nan
cov**0.5/mean: 6.112e-02
cov**0.5/mean: nan
cov**0.5/mean: 6.311e-02
cov**0.5/mean: nan
cov**0.5/mean: 6.367e-02
cov**0.5/mean: 6.541e-02
cov**0.5/mean: 6.413e-02
cov**0.5/mean: 6.443e-02
cov**0.5/mean: 6.275e-02
cov**0.5/mean: 6.271e-02
cov**0.5/mean: 6.518e-02
cov**0.5/mean: nan
cov**0.5/mean: 6.080e-02
cov**0.5/mean: nan
cov**0.5/mean: 6.013e-02
cov**0.5/mean: 6.288e-02
cov**0.5/mean: 6.151e-02
cov**0.5/mean: 6.456e-02
cov**0.5/mean: 6.183e-02
cov**0.5/mean: 6.359e-02
cov**0.5/mean: 6.752e-02
cov**0.5/mean: 6.253e-02
cov**0.5/mean: 5.900e-02
cov**0.5/mean: 6.470e-02
cov**0.5/mean: 7.376e-02
cov**0.5/mean: 6.064e-02
cov**0.5/mean: 6.098e-02
cov**0.5/mean: nan
cov**0.5/mean: 6.071e-02
cov**0.5/mean: nan
cov**0.5/mean: 6.144e-02
cov**0.5/mean: 5.757e-02
cov**0.5/mean: 6.340e-02
cov**0.5/mean: 5.650e-02
cov**0.5/mean: 6.099e-02
cov**0.5/mean: 6.005e-02
cov**0.5/mean: 5.929e-02
cov**0.5/mean: 6.214e-02
cov**0.5/mean: 5.731e-02
cov**0.5/mean: nan
cov**0.5/mean: 6.085e-02
cov**0.5/mean: nan
cov**0.5/mean: 6.311e-02
cov**0.5/mean: 6.524e-02
cov**0.5/mean: 7.115e-02
cov**0.5/mean: 7.122e-02
cov**0.5/mean: 7.021e-02
cov**0.5/mean: 7.178e-02
cov**0.5/mean: 7.009e-02
cov**0.5/mean: 7.216e-02
cov**0.5/mean: 7.359e-02
cov**0.5/mean: 7.573e-02
cov**0.5/mean: 7.387e-02
cov**0.5/mean: 7.418e-02
cov**0.5/mean: 7.132e-02
cov**0.5/mean: 7.247e-02
cov**0.5/mean: 7.269e-02
cov**0.5/mean: nan
cov**0.5/mean: 7.509e-02
cov**0.5/mean: 6.204e-02
cov**0.5/mean: nan
cov**0.5/mean: 6.259e-02
cov**0.5/mean: 6.433e-02
cov**0.5/mean: 6.327e-02
cov**0.5/mean: nan
cov**0.5/mean: 5.923e-02
cov**0.5/mean: 6.145e-02
cov**0.5/mean: 6.058e-02
cov**0.5/mean: 6.072e-02
cov**0.5/mean: 6.782e-02
cov**0.5/mean: 6.247e-02
cov**0.5/mean: 5.831e-02
cov**0.5/mean: 6.179e-02
cov**0.5/mean: 6.360e-02
cov**0.5/mean: 5.830e-02
cov**0.5/mean: 5.656e-02
cov**0.5/mean: 6.486e-02
cov**0.5/mean: 6.146e-02
cov**0.5/mean: 6.055e-02
cov**0.5/mean: 5.989e-02
cov**0.5/mean: 5.657e-02
cov**0.5/mean: nan
cov**0.5/mean: 6.246e-02
cov**0.5/mean: 6.204e-02
cov**0.5/mean: 5.868e-02
cov**0.5/mean: nan
cov**0.5/mean: nan
cov**0.5/mean: 5.664e-02
cov**0.5/mean: nan
cov**0.5/mean: nan
cov**0.5/mean: 5.946e-02
cov**0.5/mean: 6.449e-02
cov**0.5/mean: nan
cov**0.5/mean: nan
cov**0.5/mean: nan
cov**0.5/mean: 5.570e-02
cov**0.5/mean: nan
cov**0.5/mean: nan
cov**0.5/mean: 6.130e-02
cov**0.5/mean: nan
cov**0.5/mean: 6.306e-02
cov**0.5/mean: 5.905e-02
cov**0.5/mean: 6.490e-02
cov**0.5/mean: 5.675e-02
cov**0.5/mean: 6.347e-02
cov**0.5/mean: nan
cov**0.5/mean: 6.294e-02
cov**0.5/mean: 6.297e-02
cov**0.5/mean: 5.947e-02
cov**0.5/mean: nan
cov**0.5/mean: 7.278e-02
cov**0.5/mean: 7.287e-02
cov**0.5/mean: nan
cov**0.5/mean: 6.110e-02
cov**0.5/mean: 7.489e-02
cov**0.5/mean: 7.172e-02
cov**0.5/mean: 7.012e-02
cov**0.5/mean: 6.803e-02
cov**0.5/mean: 6.998e-02
cov**0.5/mean: 7.461e-02
cov**0.5/mean: 7.531e-02
cov**0.5/mean: 6.519e-02
cov**0.5/mean: 6.272e-02
cov**0.5/mean: 6.042e-02
cov**0.5/mean: 7.394e-02
cov**0.5/mean: 6.787e-02
cov**0.5/mean: 6.713e-02
cov**0.5/mean: 6.761e-02
cov**0.5/mean: 7.210e-02
cov**0.5/mean: 7.045e-02
cov**0.5/mean: 7.487e-02
cov**0.5/mean: 7.173e-02
cov**0.5/mean: 7.235e-02
cov**0.5/mean: 6.479e-02
cov**0.5/mean: nan
cov**0.5/mean: 6.230e-02
cov**0.5/mean: 7.292e-02
cov**0.5/mean: 6.978e-02
cov**0.5/mean: 6.612e-02
cov**0.5/mean: 6.946e-02
cov**0.5/mean: 7.356e-02
cov**0.5/mean: 6.305e-02
cov**0.5/mean: 6.151e-02
cov**0.5/mean: 5.866e-02
cov**0.5/mean: 6.307e-02
cov**0.5/mean: 7.223e-02
cov**0.5/mean: 6.957e-02
cov**0.5/mean: 6.837e-02
cov**0.5/mean: 6.408e-02
cov**0.5/mean: 7.278e-02
cov**0.5/mean: 7.078e-02
cov**0.5/mean: nan
cov**0.5/mean: nan
cov**0.5/mean: 6.837e-02
cov**0.5/mean: 5.921e-02
cov**0.5/mean: nan
cov**0.5/mean: 6.880e-02
cov**0.5/mean: 6.362e-02
cov**0.5/mean: 6.527e-02
cov**0.5/mean: 6.497e-02
cov**0.5/mean: 6.005e-02
cov**0.5/mean: 7.451e-02
  Step 6000/10000, Time: 5.0s, Acceptance: nan
cov**0.5/mean: 7.154e-02
cov**0.5/mean: 6.465e-02
cov**0.5/mean: 6.631e-02
cov**0.5/mean: 7.208e-02
cov**0.5/mean: 6.380e-02
cov**0.5/mean: 6.360e-02
cov**0.5/mean: 7.283e-02
cov**0.5/mean: 6.269e-02
cov**0.5/mean: 6.463e-02
cov**0.5/mean: 6.407e-02
cov**0.5/mean: 6.355e-02
cov**0.5/mean: nan
cov**0.5/mean: 6.372e-02
cov**0.5/mean: 6.450e-02
cov**0.5/mean: 5.916e-02
cov**0.5/mean: 6.019e-02
cov**0.5/mean: 6.122e-02
cov**0.5/mean: 6.085e-02
cov**0.5/mean: 6.516e-02
cov**0.5/mean: nan
cov**0.5/mean: nan
cov**0.5/mean: 6.297e-02
cov**0.5/mean: 7.473e-02
cov**0.5/mean: 7.234e-02
cov**0.5/mean: 7.427e-02
cov**0.5/mean: 6.925e-02
cov**0.5/mean: 6.959e-02
cov**0.5/mean: 6.717e-02
cov**0.5/mean: 7.533e-02
cov**0.5/mean: 7.243e-02
cov**0.5/mean: 7.049e-02
cov**0.5/mean: 6.031e-02
cov**0.5/mean: 6.136e-02
cov**0.5/mean: nan
cov**0.5/mean: 6.449e-02
cov**0.5/mean: 5.831e-02
cov**0.5/mean: 5.702e-02
cov**0.5/mean: 6.160e-02
cov**0.5/mean: 6.211e-02
cov**0.5/mean: 6.020e-02
cov**0.5/mean: 6.412e-02
cov**0.5/mean: 5.891e-02
cov**0.5/mean: nan
cov**0.5/mean: 6.289e-02
cov**0.5/mean: 6.432e-02
cov**0.5/mean: 6.483e-02
cov**0.5/mean: 6.816e-02
cov**0.5/mean: 6.005e-02
cov**0.5/mean: 6.142e-02
cov**0.5/mean: 6.139e-02
cov**0.5/mean: 6.594e-02
cov**0.5/mean: 5.930e-02
cov**0.5/mean: 6.427e-02
cov**0.5/mean: 6.538e-02
cov**0.5/mean: 6.882e-02
cov**0.5/mean: 6.676e-02
cov**0.5/mean: 6.713e-02
cov**0.5/mean: 6.439e-02
cov**0.5/mean: 7.287e-02
cov**0.5/mean: 6.977e-02
cov**0.5/mean: 5.568e-02
cov**0.5/mean: 6.270e-02
cov**0.5/mean: 7.385e-02
cov**0.5/mean: 6.423e-02
cov**0.5/mean: 7.090e-02
cov**0.5/mean: 6.802e-02
cov**0.5/mean: 7.489e-02
cov**0.5/mean: nan
cov**0.5/mean: 7.228e-02
cov**0.5/mean: 7.583e-02
cov**0.5/mean: 7.345e-02
cov**0.5/mean: 6.799e-02
cov**0.5/mean: 7.778e-02
cov**0.5/mean: 7.533e-02
cov**0.5/mean: 7.135e-02
cov**0.5/mean: 6.774e-02
cov**0.5/mean: 6.561e-02
cov**0.5/mean: 6.488e-02
cov**0.5/mean: 6.185e-02
cov**0.5/mean: 6.591e-02
cov**0.5/mean: nan
cov**0.5/mean: nan
cov**0.5/mean: 6.361e-02
cov**0.5/mean: 5.960e-02
cov**0.5/mean: 7.236e-02
cov**0.5/mean: 6.877e-02
cov**0.5/mean: 6.408e-02
cov**0.5/mean: 6.444e-02
cov**0.5/mean: 6.334e-02
cov**0.5/mean: 7.274e-02
cov**0.5/mean: 7.058e-02
cov**0.5/mean: 7.473e-02
cov**0.5/mean: 7.321e-02
cov**0.5/mean: 7.447e-02
cov**0.5/mean: 7.409e-02
cov**0.5/mean: 7.029e-02
cov**0.5/mean: 6.669e-02
cov**0.5/mean: nan
cov**0.5/mean: 6.481e-02
cov**0.5/mean: 6.115e-02
cov**0.5/mean: 7.219e-02
cov**0.5/mean: 7.005e-02
cov**0.5/mean: 6.455e-02
cov**0.5/mean: 7.684e-02
cov**0.5/mean: 7.092e-02
cov**0.5/mean: 6.890e-02
cov**0.5/mean: 6.931e-02
cov**0.5/mean: 6.845e-02
cov**0.5/mean: 6.794e-02
cov**0.5/mean: 7.271e-02
cov**0.5/mean: 6.190e-02
cov**0.5/mean: nan
cov**0.5/mean: 5.680e-02
cov**0.5/mean: nan
cov**0.5/mean: nan
cov**0.5/mean: 6.393e-02
cov**0.5/mean: 5.828e-02
cov**0.5/mean: 6.123e-02
cov**0.5/mean: 6.121e-02
cov**0.5/mean: 6.972e-02
cov**0.5/mean: 6.639e-02
cov**0.5/mean: 6.497e-02
cov**0.5/mean: 6.451e-02
cov**0.5/mean: 7.058e-02
cov**0.5/mean: 7.126e-02
cov**0.5/mean: nan
cov**0.5/mean: nan
cov**0.5/mean: nan
cov**0.5/mean: 6.965e-02
cov**0.5/mean: nan
cov**0.5/mean: 7.105e-02
cov**0.5/mean: 7.359e-02
cov**0.5/mean: 6.722e-02
cov**0.5/mean: 7.158e-02
cov**0.5/mean: 6.013e-02
cov**0.5/mean: 7.097e-02
cov**0.5/mean: 6.848e-02
cov**0.5/mean: 6.376e-02
cov**0.5/mean: 6.428e-02
cov**0.5/mean: 6.974e-02
cov**0.5/mean: 6.276e-02
cov**0.5/mean: 6.634e-02
cov**0.5/mean: 6.457e-02
cov**0.5/mean: 6.840e-02
cov**0.5/mean: 6.150e-02
cov**0.5/mean: 6.015e-02
cov**0.5/mean: 6.148e-02
cov**0.5/mean: 6.229e-02
cov**0.5/mean: 6.380e-02
cov**0.5/mean: 6.467e-02
cov**0.5/mean: 6.890e-02
cov**0.5/mean: 6.815e-02
cov**0.5/mean: 6.246e-02
cov**0.5/mean: 6.202e-02
cov**0.5/mean: nan
cov**0.5/mean: 6.510e-02
cov**0.5/mean: 6.540e-02
cov**0.5/mean: 6.762e-02
cov**0.5/mean: 6.470e-02
cov**0.5/mean: 6.742e-02
cov**0.5/mean: nan
cov**0.5/mean: 7.072e-02
cov**0.5/mean: 7.113e-02
cov**0.5/mean: 7.418e-02
cov**0.5/mean: 7.042e-02
cov**0.5/mean: 7.401e-02
cov**0.5/mean: 6.476e-02
cov**0.5/mean: 6.323e-02
cov**0.5/mean: 6.209e-02
cov**0.5/mean: 6.480e-02
cov**0.5/mean: 6.299e-02
cov**0.5/mean: 6.078e-02
cov**0.5/mean: 5.937e-02
cov**0.5/mean: 5.901e-02
cov**0.5/mean: 6.340e-02
cov**0.5/mean: 6.489e-02
cov**0.5/mean: 6.618e-02
cov**0.5/mean: 6.912e-02
cov**0.5/mean: 6.268e-02
cov**0.5/mean: 5.978e-02
cov**0.5/mean: 6.460e-02
cov**0.5/mean: 6.420e-02
cov**0.5/mean: 6.274e-02
cov**0.5/mean: 6.371e-02
cov**0.5/mean: 6.349e-02
cov**0.5/mean: 6.028e-02
cov**0.5/mean: 5.962e-02
cov**0.5/mean: 7.233e-02
cov**0.5/mean: 6.501e-02
cov**0.5/mean: 7.404e-02
cov**0.5/mean: 6.675e-02
cov**0.5/mean: 6.801e-02
cov**0.5/mean: 6.540e-02
cov**0.5/mean: 7.119e-02
cov**0.5/mean: 6.295e-02
cov**0.5/mean: 6.138e-02
cov**0.5/mean: 7.239e-02
cov**0.5/mean: 6.716e-02
cov**0.5/mean: 7.404e-02
cov**0.5/mean: 6.932e-02
cov**0.5/mean: 6.186e-02
cov**0.5/mean: 6.326e-02
cov**0.5/mean: 6.240e-02
cov**0.5/mean: 6.704e-02
cov**0.5/mean: 6.472e-02
cov**0.5/mean: 6.018e-02
cov**0.5/mean: 6.178e-02
cov**0.5/mean: 6.745e-02
cov**0.5/mean: 6.713e-02
cov**0.5/mean: 6.582e-02
cov**0.5/mean: nan
cov**0.5/mean: 6.616e-02
cov**0.5/mean: 7.441e-02
cov**0.5/mean: 6.827e-02
cov**0.5/mean: 6.584e-02
cov**0.5/mean: 7.148e-02
cov**0.5/mean: 7.207e-02
cov**0.5/mean: 7.135e-02
cov**0.5/mean: 7.580e-02
cov**0.5/mean: 7.295e-02
cov**0.5/mean: 6.946e-02
cov**0.5/mean: 7.372e-02
cov**0.5/mean: 6.968e-02
cov**0.5/mean: 7.342e-02
cov**0.5/mean: 7.517e-02
cov**0.5/mean: nan
cov**0.5/mean: 7.154e-02
cov**0.5/mean: 7.755e-02
cov**0.5/mean: 7.012e-02
cov**0.5/mean: 6.495e-02
cov**0.5/mean: 7.177e-02
cov**0.5/mean: 7.393e-02
cov**0.5/mean: 7.503e-02
cov**0.5/mean: 7.152e-02
cov**0.5/mean: 7.504e-02
cov**0.5/mean: 7.626e-02
cov**0.5/mean: 7.056e-02
cov**0.5/mean: 7.138e-02
cov**0.5/mean: 6.421e-02
cov**0.5/mean: 7.469e-02
cov**0.5/mean: 6.389e-02
cov**0.5/mean: 6.445e-02
cov**0.5/mean: nan
cov**0.5/mean: 6.455e-02
cov**0.5/mean: 6.411e-02
cov**0.5/mean: 6.468e-02
cov**0.5/mean: nan
cov**0.5/mean: 5.989e-02
cov**0.5/mean: nan
cov**0.5/mean: 6.794e-02
cov**0.5/mean: 6.978e-02
cov**0.5/mean: 6.139e-02
cov**0.5/mean: 7.015e-02
cov**0.5/mean: 7.531e-02
cov**0.5/mean: 6.165e-02
cov**0.5/mean: 6.019e-02
cov**0.5/mean: 6.358e-02
cov**0.5/mean: nan
cov**0.5/mean: 6.334e-02
cov**0.5/mean: 6.433e-02
cov**0.5/mean: 5.916e-02
cov**0.5/mean: 5.600e-02
cov**0.5/mean: 6.374e-02
cov**0.5/mean: 7.009e-02
cov**0.5/mean: 7.193e-02
cov**0.5/mean: nan
cov**0.5/mean: 5.917e-02
cov**0.5/mean: 6.750e-02
cov**0.5/mean: 6.651e-02
cov**0.5/mean: 6.472e-02
cov**0.5/mean: 6.360e-02
cov**0.5/mean: 6.346e-02
cov**0.5/mean: 7.288e-02
cov**0.5/mean: 7.131e-02
cov**0.5/mean: 6.510e-02
cov**0.5/mean: 6.297e-02
cov**0.5/mean: 6.516e-02
cov**0.5/mean: 6.238e-02
cov**0.5/mean: 6.317e-02
cov**0.5/mean: 6.239e-02
cov**0.5/mean: 6.302e-02
cov**0.5/mean: 7.290e-02
cov**0.5/mean: 7.120e-02
cov**0.5/mean: 6.371e-02
cov**0.5/mean: nan
cov**0.5/mean: 6.201e-02
cov**0.5/mean: 5.972e-02
cov**0.5/mean: nan
cov**0.5/mean: 6.508e-02
cov**0.5/mean: 6.071e-02
cov**0.5/mean: 6.162e-02
cov**0.5/mean: 6.848e-02
cov**0.5/mean: 6.539e-02
cov**0.5/mean: 7.007e-02
cov**0.5/mean: 7.186e-02
cov**0.5/mean: 7.096e-02
cov**0.5/mean: 7.465e-02
cov**0.5/mean: 6.924e-02
cov**0.5/mean: 7.057e-02
cov**0.5/mean: 6.775e-02
cov**0.5/mean: 7.289e-02
cov**0.5/mean: 6.895e-02
cov**0.5/mean: 6.230e-02
cov**0.5/mean: 6.780e-02
cov**0.5/mean: 6.177e-02
cov**0.5/mean: nan
cov**0.5/mean: 6.349e-02
cov**0.5/mean: nan
cov**0.5/mean: 6.315e-02
cov**0.5/mean: 6.820e-02
cov**0.5/mean: 7.042e-02
cov**0.5/mean: 7.158e-02
cov**0.5/mean: 6.369e-02
cov**0.5/mean: 6.640e-02
cov**0.5/mean: 6.117e-02
cov**0.5/mean: 6.446e-02
cov**0.5/mean: 6.383e-02
cov**0.5/mean: 7.363e-02
cov**0.5/mean: 6.184e-02
cov**0.5/mean: 6.472e-02
cov**0.5/mean: 7.434e-02
cov**0.5/mean: 7.086e-02
cov**0.5/mean: 6.270e-02
cov**0.5/mean: 6.853e-02
cov**0.5/mean: 7.081e-02
cov**0.5/mean: 6.915e-02
cov**0.5/mean: 6.954e-02
cov**0.5/mean: 7.462e-02
cov**0.5/mean: 6.225e-02
cov**0.5/mean: 6.424e-02
cov**0.5/mean: 5.852e-02
cov**0.5/mean: 6.261e-02
cov**0.5/mean: 6.422e-02
cov**0.5/mean: 6.439e-02
cov**0.5/mean: 5.971e-02
cov**0.5/mean: 6.604e-02
cov**0.5/mean: 6.243e-02
cov**0.5/mean: 6.465e-02
cov**0.5/mean: 6.578e-02
cov**0.5/mean: 6.354e-02
cov**0.5/mean: 6.230e-02
cov**0.5/mean: 5.960e-02
cov**0.5/mean: 6.479e-02
cov**0.5/mean: 5.625e-02
cov**0.5/mean: 7.110e-02
cov**0.5/mean: 6.393e-02
cov**0.5/mean: 6.865e-02
cov**0.5/mean: 5.943e-02
cov**0.5/mean: 6.445e-02
cov**0.5/mean: 6.166e-02
cov**0.5/mean: 6.170e-02
cov**0.5/mean: 6.140e-02
cov**0.5/mean: 5.616e-02
cov**0.5/mean: nan
cov**0.5/mean: 7.302e-02
cov**0.5/mean: 7.149e-02
cov**0.5/mean: 7.149e-02
cov**0.5/mean: 6.798e-02
cov**0.5/mean: 6.977e-02
cov**0.5/mean: 6.420e-02
cov**0.5/mean: 6.827e-02
cov**0.5/mean: 7.315e-02
cov**0.5/mean: 7.001e-02
cov**0.5/mean: 6.067e-02
cov**0.5/mean: nan
cov**0.5/mean: 6.745e-02
cov**0.5/mean: 6.926e-02
cov**0.5/mean: 6.550e-02
cov**0.5/mean: 6.956e-02
cov**0.5/mean: 6.479e-02
cov**0.5/mean: nan
cov**0.5/mean: 7.103e-02
cov**0.5/mean: 6.388e-02
cov**0.5/mean: 6.370e-02
cov**0.5/mean: 6.351e-02
cov**0.5/mean: 6.285e-02
cov**0.5/mean: 6.605e-02
cov**0.5/mean: 6.623e-02
cov**0.5/mean: 5.601e-02
cov**0.5/mean: 6.311e-02
cov**0.5/mean: 6.170e-02
cov**0.5/mean: 7.257e-02
cov**0.5/mean: 7.121e-02
cov**0.5/mean: 6.879e-02
cov**0.5/mean: 7.028e-02
cov**0.5/mean: 7.324e-02
cov**0.5/mean: 6.738e-02
cov**0.5/mean: 6.289e-02
cov**0.5/mean: 6.288e-02
cov**0.5/mean: 7.277e-02
cov**0.5/mean: 6.931e-02
cov**0.5/mean: 6.250e-02
cov**0.5/mean: 6.436e-02
cov**0.5/mean: 6.347e-02
cov**0.5/mean: 6.232e-02
cov**0.5/mean: 6.123e-02
cov**0.5/mean: nan
cov**0.5/mean: 5.966e-02
cov**0.5/mean: 5.527e-02
cov**0.5/mean: 7.671e-02
cov**0.5/mean: nan
cov**0.5/mean: 6.724e-02
cov**0.5/mean: 6.916e-02
cov**0.5/mean: 6.194e-02
cov**0.5/mean: 6.179e-02
cov**0.5/mean: 5.778e-02
cov**0.5/mean: nan
cov**0.5/mean: 6.667e-02
cov**0.5/mean: 6.315e-02
cov**0.5/mean: 5.824e-02
cov**0.5/mean: 5.972e-02
cov**0.5/mean: 6.078e-02
cov**0.5/mean: 5.677e-02
cov**0.5/mean: nan
cov**0.5/mean: 6.387e-02
cov**0.5/mean: 5.982e-02
cov**0.5/mean: 6.213e-02
cov**0.5/mean: 5.913e-02
cov**0.5/mean: 6.620e-02
cov**0.5/mean: 6.306e-02
cov**0.5/mean: 7.267e-02
cov**0.5/mean: 6.204e-02
cov**0.5/mean: 5.979e-02
cov**0.5/mean: 7.013e-02
cov**0.5/mean: 7.032e-02
cov**0.5/mean: 6.439e-02
cov**0.5/mean: 6.569e-02
cov**0.5/mean: 7.395e-02
cov**0.5/mean: 6.597e-02
cov**0.5/mean: 6.432e-02
cov**0.5/mean: 7.250e-02
cov**0.5/mean: 6.152e-02
cov**0.5/mean: 6.636e-02
cov**0.5/mean: 7.662e-02
cov**0.5/mean: 7.082e-02
cov**0.5/mean: 7.118e-02
cov**0.5/mean: 6.550e-02
cov**0.5/mean: 7.373e-02
cov**0.5/mean: 6.719e-02
cov**0.5/mean: 6.891e-02
cov**0.5/mean: 7.203e-02
cov**0.5/mean: 7.077e-02
cov**0.5/mean: 6.360e-02
cov**0.5/mean: 7.403e-02
cov**0.5/mean: nan
cov**0.5/mean: 7.464e-02
cov**0.5/mean: 6.398e-02
cov**0.5/mean: 5.999e-02
cov**0.5/mean: 6.902e-02
cov**0.5/mean: 6.164e-02
cov**0.5/mean: 5.999e-02
cov**0.5/mean: 6.570e-02
cov**0.5/mean: 6.479e-02
cov**0.5/mean: 6.790e-02
cov**0.5/mean: 6.076e-02
cov**0.5/mean: 6.021e-02
cov**0.5/mean: 6.668e-02
cov**0.5/mean: 7.622e-02
cov**0.5/mean: 6.315e-02
cov**0.5/mean: nan
cov**0.5/mean: 6.817e-02
cov**0.5/mean: 7.011e-02
cov**0.5/mean: 6.542e-02
cov**0.5/mean: 6.081e-02
cov**0.5/mean: 7.116e-02
cov**0.5/mean: 7.215e-02
cov**0.5/mean: 7.018e-02
cov**0.5/mean: 6.978e-02
cov**0.5/mean: 7.307e-02
cov**0.5/mean: 6.418e-02
cov**0.5/mean: 6.428e-02
cov**0.5/mean: 6.356e-02
cov**0.5/mean: 6.059e-02
cov**0.5/mean: 7.271e-02
cov**0.5/mean: 6.203e-02
cov**0.5/mean: 6.320e-02
cov**0.5/mean: 6.042e-02
cov**0.5/mean: 6.138e-02
cov**0.5/mean: 7.348e-02
cov**0.5/mean: 7.135e-02
cov**0.5/mean: 6.761e-02
cov**0.5/mean: 7.490e-02
cov**0.5/mean: 6.965e-02
cov**0.5/mean: 7.454e-02
cov**0.5/mean: 7.099e-02
cov**0.5/mean: 6.767e-02
cov**0.5/mean: 6.958e-02
cov**0.5/mean: 7.219e-02
cov**0.5/mean: 7.120e-02
cov**0.5/mean: 7.057e-02
cov**0.5/mean: 7.338e-02
cov**0.5/mean: 7.214e-02
cov**0.5/mean: 7.095e-02
cov**0.5/mean: 7.058e-02
cov**0.5/mean: nan
cov**0.5/mean: 6.884e-02
cov**0.5/mean: 6.519e-02
cov**0.5/mean: 7.073e-02
cov**0.5/mean: 6.039e-02
cov**0.5/mean: 6.395e-02
cov**0.5/mean: 6.494e-02
cov**0.5/mean: 6.640e-02
cov**0.5/mean: 6.313e-02
cov**0.5/mean: 6.440e-02
cov**0.5/mean: 6.417e-02
cov**0.5/mean: 5.862e-02
cov**0.5/mean: 6.487e-02
cov**0.5/mean: 6.288e-02
cov**0.5/mean: 7.471e-02
cov**0.5/mean: 6.713e-02
cov**0.5/mean: 7.012e-02
cov**0.5/mean: 6.977e-02
cov**0.5/mean: 7.289e-02
cov**0.5/mean: 6.593e-02
cov**0.5/mean: 7.036e-02
cov**0.5/mean: 6.670e-02
cov**0.5/mean: 7.163e-02
cov**0.5/mean: 6.869e-02
cov**0.5/mean: 6.854e-02
cov**0.5/mean: 7.449e-02
cov**0.5/mean: 7.258e-02
cov**0.5/mean: 6.640e-02
cov**0.5/mean: 6.903e-02
cov**0.5/mean: 6.880e-02
cov**0.5/mean: 7.622e-02
cov**0.5/mean: nan
cov**0.5/mean: 8.046e-02
cov**0.5/mean: 6.918e-02
cov**0.5/mean: 6.189e-02
cov**0.5/mean: 6.296e-02
cov**0.5/mean: 6.872e-02
cov**0.5/mean: 7.294e-02
cov**0.5/mean: 6.428e-02
cov**0.5/mean: 6.482e-02
cov**0.5/mean: 6.592e-02
cov**0.5/mean: 6.084e-02
cov**0.5/mean: 6.308e-02
cov**0.5/mean: 6.468e-02
cov**0.5/mean: 6.240e-02
cov**0.5/mean: 7.053e-02
cov**0.5/mean: 6.510e-02
cov**0.5/mean: 6.626e-02
cov**0.5/mean: 7.120e-02
cov**0.5/mean: 7.560e-02
cov**0.5/mean: 6.968e-02
cov**0.5/mean: 7.056e-02
cov**0.5/mean: 7.136e-02
cov**0.5/mean: 7.001e-02
cov**0.5/mean: 7.071e-02
cov**0.5/mean: 7.051e-02
cov**0.5/mean: 7.112e-02
cov**0.5/mean: 6.023e-02
cov**0.5/mean: 7.221e-02
cov**0.5/mean: 6.609e-02
cov**0.5/mean: 7.059e-02
cov**0.5/mean: 6.727e-02
cov**0.5/mean: 7.161e-02
cov**0.5/mean: 7.272e-02
cov**0.5/mean: 7.192e-02
cov**0.5/mean: 6.212e-02
cov**0.5/mean: 6.940e-02
cov**0.5/mean: 6.646e-02
cov**0.5/mean: 6.873e-02
cov**0.5/mean: 6.466e-02
cov**0.5/mean: 6.662e-02
cov**0.5/mean: 6.299e-02
cov**0.5/mean: 5.765e-02
cov**0.5/mean: 7.056e-02
cov**0.5/mean: nan
cov**0.5/mean: 7.080e-02
cov**0.5/mean: 6.217e-02
cov**0.5/mean: 6.394e-02
cov**0.5/mean: 6.428e-02
cov**0.5/mean: 6.452e-02
cov**0.5/mean: 6.712e-02
cov**0.5/mean: 7.007e-02
cov**0.5/mean: 6.684e-02
cov**0.5/mean: 7.298e-02
cov**0.5/mean: 7.400e-02
cov**0.5/mean: 6.160e-02
cov**0.5/mean: 6.746e-02
cov**0.5/mean: 6.755e-02
cov**0.5/mean: 7.237e-02
cov**0.5/mean: 7.322e-02
cov**0.5/mean: nan
cov**0.5/mean: 7.210e-02
cov**0.5/mean: 7.343e-02
cov**0.5/mean: 7.080e-02
cov**0.5/mean: 7.181e-02
cov**0.5/mean: 7.245e-02
cov**0.5/mean: 6.244e-02
cov**0.5/mean: 6.759e-02
cov**0.5/mean: 6.430e-02
cov**0.5/mean: 7.205e-02
cov**0.5/mean: 7.066e-02
cov**0.5/mean: 7.179e-02
cov**0.5/mean: 7.444e-02
cov**0.5/mean: 7.507e-02
cov**0.5/mean: 7.212e-02
cov**0.5/mean: 6.957e-02
cov**0.5/mean: 6.903e-02
cov**0.5/mean: 6.341e-02
cov**0.5/mean: 7.178e-02
cov**0.5/mean: 7.216e-02
cov**0.5/mean: 7.259e-02
cov**0.5/mean: nan
cov**0.5/mean: 6.179e-02
cov**0.5/mean: 7.169e-02
cov**0.5/mean: 7.160e-02
cov**0.5/mean: 6.895e-02
cov**0.5/mean: 7.316e-02
cov**0.5/mean: nan
cov**0.5/mean: nan
cov**0.5/mean: nan
cov**0.5/mean: 7.280e-02
cov**0.5/mean: 6.872e-02
cov**0.5/mean: 6.700e-02
cov**0.5/mean: 6.600e-02
cov**0.5/mean: 6.135e-02
cov**0.5/mean: 6.124e-02
cov**0.5/mean: 6.285e-02
cov**0.5/mean: 6.255e-02
cov**0.5/mean: 5.801e-02
cov**0.5/mean: 6.328e-02
cov**0.5/mean: 5.969e-02
cov**0.5/mean: 6.279e-02
cov**0.5/mean: nan
cov**0.5/mean: 5.698e-02
cov**0.5/mean: 6.965e-02
cov**0.5/mean: 7.427e-02
cov**0.5/mean: 6.766e-02
cov**0.5/mean: 7.172e-02
cov**0.5/mean: 7.247e-02
cov**0.5/mean: 6.749e-02
cov**0.5/mean: 6.284e-02
cov**0.5/mean: 6.200e-02
cov**0.5/mean: 5.934e-02
cov**0.5/mean: 6.320e-02
cov**0.5/mean: 6.010e-02
cov**0.5/mean: 6.442e-02
cov**0.5/mean: 5.726e-02
cov**0.5/mean: 6.336e-02
cov**0.5/mean: 7.084e-02
cov**0.5/mean: 7.083e-02
cov**0.5/mean: 6.542e-02
cov**0.5/mean: 6.795e-02
cov**0.5/mean: 5.688e-02
cov**0.5/mean: 7.396e-02
cov**0.5/mean: 7.044e-02
cov**0.5/mean: 7.290e-02
cov**0.5/mean: 6.215e-02
cov**0.5/mean: 6.104e-02
cov**0.5/mean: nan
cov**0.5/mean: 6.365e-02
cov**0.5/mean: 7.159e-02
cov**0.5/mean: 5.916e-02
cov**0.5/mean: 6.344e-02
cov**0.5/mean: nan
cov**0.5/mean: 6.515e-02
cov**0.5/mean: 6.368e-02
cov**0.5/mean: 5.923e-02
cov**0.5/mean: 6.381e-02
cov**0.5/mean: 6.158e-02
cov**0.5/mean: 6.462e-02
cov**0.5/mean: 6.109e-02
cov**0.5/mean: 6.349e-02
cov**0.5/mean: nan
cov**0.5/mean: 5.868e-02
cov**0.5/mean: 6.783e-02
cov**0.5/mean: 6.395e-02
cov**0.5/mean: 6.493e-02
cov**0.5/mean: 6.231e-02
cov**0.5/mean: 6.305e-02
cov**0.5/mean: 6.255e-02
cov**0.5/mean: 6.349e-02
cov**0.5/mean: 7.436e-02
cov**0.5/mean: 6.048e-02
cov**0.5/mean: 6.449e-02
cov**0.5/mean: nan
cov**0.5/mean: nan
cov**0.5/mean: nan
cov**0.5/mean: 6.487e-02
cov**0.5/mean: 6.837e-02
cov**0.5/mean: 6.345e-02
cov**0.5/mean: 5.871e-02
cov**0.5/mean: 6.368e-02
cov**0.5/mean: 6.899e-02
cov**0.5/mean: 7.134e-02
cov**0.5/mean: 6.883e-02
cov**0.5/mean: 6.598e-02
cov**0.5/mean: 7.029e-02
cov**0.5/mean: 6.774e-02
cov**0.5/mean: 7.122e-02
cov**0.5/mean: 6.538e-02
cov**0.5/mean: 6.714e-02
cov**0.5/mean: 7.130e-02
cov**0.5/mean: 6.661e-02
cov**0.5/mean: 7.339e-02
cov**0.5/mean: 6.316e-02
cov**0.5/mean: 6.461e-02
cov**0.5/mean: 6.117e-02
cov**0.5/mean: 7.222e-02
cov**0.5/mean: 6.613e-02
cov**0.5/mean: 6.852e-02
cov**0.5/mean: 6.739e-02
cov**0.5/mean: 7.184e-02
cov**0.5/mean: 7.469e-02
cov**0.5/mean: 7.170e-02
cov**0.5/mean: 7.524e-02
cov**0.5/mean: 6.294e-02
cov**0.5/mean: 6.321e-02
cov**0.5/mean: 6.386e-02
cov**0.5/mean: 5.986e-02
cov**0.5/mean: 5.813e-02
cov**0.5/mean: 6.880e-02
cov**0.5/mean: 6.400e-02
cov**0.5/mean: 7.308e-02
cov**0.5/mean: 6.075e-02
cov**0.5/mean: 6.022e-02
cov**0.5/mean: 6.582e-02
cov**0.5/mean: 6.833e-02
cov**0.5/mean: 6.740e-02
cov**0.5/mean: 5.985e-02
cov**0.5/mean: 6.330e-02
cov**0.5/mean: 7.182e-02
cov**0.5/mean: 7.284e-02
cov**0.5/mean: 6.959e-02
cov**0.5/mean: 6.810e-02
cov**0.5/mean: 7.217e-02
cov**0.5/mean: 6.922e-02
cov**0.5/mean: 6.490e-02
cov**0.5/mean: 6.239e-02
cov**0.5/mean: 6.006e-02
cov**0.5/mean: 6.359e-02
cov**0.5/mean: 6.105e-02
cov**0.5/mean: 6.900e-02
cov**0.5/mean: 7.329e-02
cov**0.5/mean: 6.295e-02
cov**0.5/mean: 6.085e-02
cov**0.5/mean: 6.845e-02
cov**0.5/mean: 6.032e-02
cov**0.5/mean: nan
cov**0.5/mean: 7.104e-02
cov**0.5/mean: 6.784e-02
cov**0.5/mean: 6.013e-02
cov**0.5/mean: 7.359e-02
cov**0.5/mean: 7.172e-02
cov**0.5/mean: 6.904e-02
cov**0.5/mean: 7.120e-02
cov**0.5/mean: 6.833e-02
cov**0.5/mean: 6.888e-02
cov**0.5/mean: 6.374e-02
cov**0.5/mean: 7.253e-02
cov**0.5/mean: 7.075e-02
cov**0.5/mean: 6.882e-02
cov**0.5/mean: nan
cov**0.5/mean: 7.389e-02
cov**0.5/mean: nan
cov**0.5/mean: 7.383e-02
cov**0.5/mean: 6.995e-02
cov**0.5/mean: 6.290e-02
cov**0.5/mean: 7.359e-02
cov**0.5/mean: 7.127e-02
cov**0.5/mean: nan
cov**0.5/mean: 7.159e-02
cov**0.5/mean: nan
cov**0.5/mean: 7.157e-02
cov**0.5/mean: 7.328e-02
cov**0.5/mean: 7.121e-02
cov**0.5/mean: 7.201e-02
cov**0.5/mean: 7.052e-02
cov**0.5/mean: 7.049e-02
cov**0.5/mean: 7.172e-02
cov**0.5/mean: 7.545e-02
cov**0.5/mean: 7.605e-02
cov**0.5/mean: 6.049e-02
cov**0.5/mean: 6.431e-02
cov**0.5/mean: 6.487e-02
cov**0.5/mean: 6.428e-02
cov**0.5/mean: 7.395e-02
cov**0.5/mean: 7.018e-02
cov**0.5/mean: 6.864e-02
cov**0.5/mean: 6.148e-02
cov**0.5/mean: 7.253e-02
cov**0.5/mean: 7.034e-02
cov**0.5/mean: 6.579e-02
cov**0.5/mean: 7.354e-02
cov**0.5/mean: 6.226e-02
cov**0.5/mean: 6.236e-02
cov**0.5/mean: 6.419e-02
cov**0.5/mean: 6.295e-02
cov**0.5/mean: 6.204e-02
cov**0.5/mean: 6.641e-02
cov**0.5/mean: 6.840e-02
cov**0.5/mean: 6.311e-02
cov**0.5/mean: 6.845e-02
cov**0.5/mean: 6.775e-02
cov**0.5/mean: 6.137e-02
cov**0.5/mean: 6.483e-02
cov**0.5/mean: 7.312e-02
cov**0.5/mean: 6.571e-02
cov**0.5/mean: 6.929e-02
cov**0.5/mean: 6.372e-02
cov**0.5/mean: 7.523e-02
cov**0.5/mean: 6.315e-02
cov**0.5/mean: 7.484e-02
cov**0.5/mean: 6.125e-02
cov**0.5/mean: 6.559e-02
cov**0.5/mean: 6.620e-02
cov**0.5/mean: 6.536e-02
cov**0.5/mean: 6.424e-02
cov**0.5/mean: 6.607e-02
cov**0.5/mean: 6.353e-02
cov**0.5/mean: 6.020e-02
cov**0.5/mean: 6.614e-02
cov**0.5/mean: 7.163e-02
cov**0.5/mean: 7.049e-02
cov**0.5/mean: 7.062e-02
cov**0.5/mean: 7.354e-02
cov**0.5/mean: 6.572e-02
cov**0.5/mean: 7.275e-02
cov**0.5/mean: 7.249e-02
cov**0.5/mean: 6.308e-02
cov**0.5/mean: 6.088e-02
cov**0.5/mean: 6.235e-02
cov**0.5/mean: 7.127e-02
cov**0.5/mean: 7.038e-02
cov**0.5/mean: 7.300e-02
cov**0.5/mean: 6.756e-02
cov**0.5/mean: 6.328e-02
cov**0.5/mean: 6.487e-02
cov**0.5/mean: 6.407e-02
cov**0.5/mean: 6.421e-02
cov**0.5/mean: 7.269e-02
cov**0.5/mean: nan
cov**0.5/mean: 6.463e-02
cov**0.5/mean: 6.095e-02
cov**0.5/mean: 6.427e-02
cov**0.5/mean: 6.860e-02
cov**0.5/mean: 5.954e-02
cov**0.5/mean: 6.216e-02
cov**0.5/mean: 6.490e-02
cov**0.5/mean: 6.670e-02
cov**0.5/mean: 7.026e-02
cov**0.5/mean: 6.378e-02
cov**0.5/mean: 6.404e-02
cov**0.5/mean: 6.162e-02
cov**0.5/mean: 5.801e-02
cov**0.5/mean: 6.715e-02
cov**0.5/mean: 7.348e-02
cov**0.5/mean: nan
cov**0.5/mean: 6.463e-02
cov**0.5/mean: 7.092e-02
cov**0.5/mean: 7.585e-02
cov**0.5/mean: 7.308e-02
cov**0.5/mean: 7.423e-02
cov**0.5/mean: 8.021e-02
cov**0.5/mean: 6.684e-02
cov**0.5/mean: 6.831e-02
cov**0.5/mean: 6.280e-02
cov**0.5/mean: 6.915e-02
cov**0.5/mean: 7.496e-02
cov**0.5/mean: 7.022e-02
cov**0.5/mean: 6.856e-02
cov**0.5/mean: 7.207e-02
cov**0.5/mean: 6.970e-02
cov**0.5/mean: 7.237e-02
cov**0.5/mean: 7.120e-02
cov**0.5/mean: 7.079e-02
cov**0.5/mean: 7.231e-02
cov**0.5/mean: 6.654e-02
cov**0.5/mean: 6.119e-02
cov**0.5/mean: 7.065e-02
cov**0.5/mean: 6.713e-02
cov**0.5/mean: 6.947e-02
cov**0.5/mean: 6.648e-02
cov**0.5/mean: 6.202e-02
cov**0.5/mean: 7.340e-02
cov**0.5/mean: 6.125e-02
cov**0.5/mean: 7.584e-02
cov**0.5/mean: 7.016e-02
cov**0.5/mean: 7.220e-02
cov**0.5/mean: 7.283e-02
cov**0.5/mean: 7.292e-02
cov**0.5/mean: 6.539e-02
cov**0.5/mean: 6.465e-02
cov**0.5/mean: 6.976e-02
cov**0.5/mean: 6.294e-02
cov**0.5/mean: nan
cov**0.5/mean: nan
cov**0.5/mean: 5.909e-02
cov**0.5/mean: 6.060e-02
cov**0.5/mean: nan
cov**0.5/mean: 6.193e-02
cov**0.5/mean: 6.209e-02
cov**0.5/mean: 6.234e-02
cov**0.5/mean: 6.204e-02
cov**0.5/mean: 6.322e-02
cov**0.5/mean: 5.889e-02
cov**0.5/mean: 6.213e-02
cov**0.5/mean: 7.459e-02
cov**0.5/mean: 6.052e-02
cov**0.5/mean: 6.175e-02
cov**0.5/mean: 6.151e-02
cov**0.5/mean: 6.097e-02
cov**0.5/mean: 6.379e-02
cov**0.5/mean: 6.040e-02
cov**0.5/mean: nan
cov**0.5/mean: 6.279e-02
cov**0.5/mean: 6.540e-02
cov**0.5/mean: 7.177e-02
cov**0.5/mean: 7.128e-02
cov**0.5/mean: 7.303e-02
cov**0.5/mean: 7.150e-02
cov**0.5/mean: 6.513e-02
cov**0.5/mean: 6.809e-02
cov**0.5/mean: 7.204e-02
cov**0.5/mean: 6.885e-02
cov**0.5/mean: 7.721e-02
cov**0.5/mean: 6.507e-02
cov**0.5/mean: 6.037e-02
cov**0.5/mean: 6.221e-02
cov**0.5/mean: 6.204e-02
cov**0.5/mean: nan
cov**0.5/mean: 6.916e-02
cov**0.5/mean: 7.748e-02
cov**0.5/mean: 6.334e-02
cov**0.5/mean: 7.302e-02
cov**0.5/mean: 7.019e-02
cov**0.5/mean: 6.476e-02
cov**0.5/mean: 7.256e-02
cov**0.5/mean: 7.408e-02
cov**0.5/mean: 6.138e-02
cov**0.5/mean: 6.598e-02
cov**0.5/mean: 7.044e-02
cov**0.5/mean: 7.277e-02
cov**0.5/mean: 7.433e-02
cov**0.5/mean: 6.461e-02
cov**0.5/mean: 7.247e-02
cov**0.5/mean: 7.150e-02
cov**0.5/mean: 7.141e-02
cov**0.5/mean: 6.613e-02
cov**0.5/mean: 7.094e-02
cov**0.5/mean: 7.430e-02
cov**0.5/mean: 6.125e-02
cov**0.5/mean: 6.338e-02
cov**0.5/mean: 6.359e-02
cov**0.5/mean: 6.448e-02
cov**0.5/mean: 6.297e-02
cov**0.5/mean: 6.420e-02
cov**0.5/mean: 7.149e-02
cov**0.5/mean: nan
cov**0.5/mean: 6.598e-02
cov**0.5/mean: 6.509e-02
cov**0.5/mean: 6.272e-02
cov**0.5/mean: 6.472e-02
cov**0.5/mean: 7.811e-02
cov**0.5/mean: 6.996e-02
cov**0.5/mean: 6.700e-02
cov**0.5/mean: 7.305e-02
cov**0.5/mean: 7.414e-02
cov**0.5/mean: 6.941e-02
cov**0.5/mean: 6.870e-02
cov**0.5/mean: nan
cov**0.5/mean: 6.336e-02
cov**0.5/mean: nan
cov**0.5/mean: 7.208e-02
cov**0.5/mean: nan
cov**0.5/mean: 7.566e-02
cov**0.5/mean: 7.283e-02
cov**0.5/mean: 7.184e-02
cov**0.5/mean: 7.389e-02
cov**0.5/mean: 7.205e-02
cov**0.5/mean: 7.114e-02
cov**0.5/mean: 7.313e-02
cov**0.5/mean: 7.408e-02
cov**0.5/mean: 6.863e-02
cov**0.5/mean: 6.408e-02
cov**0.5/mean: 6.298e-02
cov**0.5/mean: 7.009e-02
cov**0.5/mean: 6.610e-02
cov**0.5/mean: 7.201e-02
cov**0.5/mean: 7.196e-02
cov**0.5/mean: 7.474e-02
cov**0.5/mean: 7.102e-02
cov**0.5/mean: 7.609e-02
cov**0.5/mean: 7.502e-02
cov**0.5/mean: 7.130e-02
cov**0.5/mean: 6.304e-02
cov**0.5/mean: 7.088e-02
cov**0.5/mean: 6.332e-02
cov**0.5/mean: 7.491e-02
cov**0.5/mean: 6.272e-02
cov**0.5/mean: 6.243e-02
cov**0.5/mean: 6.403e-02
cov**0.5/mean: 6.490e-02
cov**0.5/mean: 6.368e-02
cov**0.5/mean: 6.134e-02
cov**0.5/mean: 6.438e-02
cov**0.5/mean: 6.566e-02
  Step 7000/10000, Time: 5.0s, Acceptance: nan
cov**0.5/mean: 6.903e-02
cov**0.5/mean: 7.500e-02
cov**0.5/mean: 6.592e-02
cov**0.5/mean: 5.959e-02
cov**0.5/mean: 7.354e-02
cov**0.5/mean: 7.123e-02
cov**0.5/mean: 7.376e-02
cov**0.5/mean: nan
cov**0.5/mean: 7.452e-02
cov**0.5/mean: nan
cov**0.5/mean: 7.019e-02
cov**0.5/mean: 7.238e-02
cov**0.5/mean: 7.168e-02
cov**0.5/mean: 7.031e-02
cov**0.5/mean: 7.238e-02
cov**0.5/mean: nan
cov**0.5/mean: 7.387e-02
cov**0.5/mean: 6.495e-02
cov**0.5/mean: 7.280e-02
cov**0.5/mean: 6.884e-02
cov**0.5/mean: 6.833e-02
cov**0.5/mean: 7.097e-02
cov**0.5/mean: 6.777e-02
cov**0.5/mean: 6.780e-02
cov**0.5/mean: 6.470e-02
cov**0.5/mean: 6.542e-02
cov**0.5/mean: 6.943e-02
cov**0.5/mean: 7.112e-02
cov**0.5/mean: 6.148e-02
cov**0.5/mean: 5.917e-02
cov**0.5/mean: 6.349e-02
cov**0.5/mean: 6.430e-02
cov**0.5/mean: 5.769e-02
cov**0.5/mean: 7.093e-02
cov**0.5/mean: 6.419e-02
cov**0.5/mean: 7.391e-02
cov**0.5/mean: 7.449e-02
cov**0.5/mean: 6.046e-02
cov**0.5/mean: 7.038e-02
cov**0.5/mean: 6.439e-02
cov**0.5/mean: 6.474e-02
cov**0.5/mean: nan
cov**0.5/mean: 6.949e-02
cov**0.5/mean: 6.519e-02
cov**0.5/mean: 6.483e-02
cov**0.5/mean: 6.260e-02
cov**0.5/mean: 6.279e-02
cov**0.5/mean: 6.152e-02
cov**0.5/mean: 6.362e-02
cov**0.5/mean: 6.190e-02
cov**0.5/mean: 6.734e-02
cov**0.5/mean: 7.108e-02
cov**0.5/mean: nan
cov**0.5/mean: 6.730e-02
cov**0.5/mean: 7.131e-02
cov**0.5/mean: 7.154e-02
cov**0.5/mean: 6.840e-02
cov**0.5/mean: nan
cov**0.5/mean: 6.334e-02
cov**0.5/mean: 6.460e-02
cov**0.5/mean: 7.039e-02
cov**0.5/mean: 5.988e-02
cov**0.5/mean: 7.354e-02
cov**0.5/mean: 6.536e-02
cov**0.5/mean: 7.398e-02
cov**0.5/mean: 7.315e-02
cov**0.5/mean: 6.846e-02
cov**0.5/mean: 6.513e-02
cov**0.5/mean: 6.321e-02
cov**0.5/mean: 7.107e-02
cov**0.5/mean: 7.382e-02
cov**0.5/mean: 6.982e-02
cov**0.5/mean: 7.063e-02
cov**0.5/mean: 6.543e-02
cov**0.5/mean: 7.610e-02
cov**0.5/mean: 7.164e-02
cov**0.5/mean: 7.110e-02
cov**0.5/mean: 7.627e-02
cov**0.5/mean: 7.226e-02
cov**0.5/mean: 7.526e-02
cov**0.5/mean: 7.300e-02
cov**0.5/mean: 6.311e-02
cov**0.5/mean: 7.100e-02
cov**0.5/mean: 7.760e-02
cov**0.5/mean: nan
cov**0.5/mean: 7.484e-02
cov**0.5/mean: 7.607e-02
cov**0.5/mean: 6.853e-02
cov**0.5/mean: 7.103e-02
cov**0.5/mean: 7.621e-02
cov**0.5/mean: 7.249e-02
cov**0.5/mean: 7.325e-02
cov**0.5/mean: 7.040e-02
cov**0.5/mean: 7.242e-02
cov**0.5/mean: 7.052e-02
cov**0.5/mean: 7.054e-02
cov**0.5/mean: 6.411e-02
cov**0.5/mean: 7.120e-02
cov**0.5/mean: 7.372e-02
cov**0.5/mean: 6.614e-02
cov**0.5/mean: 6.808e-02
cov**0.5/mean: 6.824e-02
cov**0.5/mean: 6.669e-02
cov**0.5/mean: 6.419e-02
cov**0.5/mean: nan
cov**0.5/mean: 5.962e-02
cov**0.5/mean: nan
cov**0.5/mean: 6.150e-02
cov**0.5/mean: 6.320e-02
cov**0.5/mean: 6.323e-02
cov**0.5/mean: 6.061e-02
cov**0.5/mean: 6.073e-02
cov**0.5/mean: 6.898e-02
cov**0.5/mean: nan
cov**0.5/mean: 7.434e-02
cov**0.5/mean: 7.435e-02
cov**0.5/mean: 6.920e-02
cov**0.5/mean: nan
cov**0.5/mean: 6.658e-02
cov**0.5/mean: 6.606e-02
cov**0.5/mean: 5.897e-02
cov**0.5/mean: 6.427e-02
cov**0.5/mean: 7.350e-02
cov**0.5/mean: 6.125e-02
cov**0.5/mean: nan
cov**0.5/mean: 6.842e-02
cov**0.5/mean: 6.233e-02
cov**0.5/mean: nan
cov**0.5/mean: 6.501e-02
cov**0.5/mean: nan
cov**0.5/mean: nan
cov**0.5/mean: 6.300e-02
cov**0.5/mean: 6.212e-02
cov**0.5/mean: 6.009e-02
cov**0.5/mean: nan
cov**0.5/mean: 6.562e-02
cov**0.5/mean: 6.331e-02
cov**0.5/mean: 6.011e-02
cov**0.5/mean: 6.830e-02
cov**0.5/mean: 7.210e-02
cov**0.5/mean: 6.474e-02
cov**0.5/mean: 6.925e-02
cov**0.5/mean: nan
cov**0.5/mean: 6.331e-02
cov**0.5/mean: 6.812e-02
cov**0.5/mean: 6.492e-02
cov**0.5/mean: 5.937e-02
cov**0.5/mean: 6.434e-02
cov**0.5/mean: 6.858e-02
cov**0.5/mean: 6.684e-02
cov**0.5/mean: 6.389e-02
cov**0.5/mean: nan
cov**0.5/mean: nan
cov**0.5/mean: 6.061e-02
cov**0.5/mean: 5.804e-02
cov**0.5/mean: 6.565e-02
cov**0.5/mean: 6.447e-02
cov**0.5/mean: 7.098e-02
cov**0.5/mean: 6.526e-02
cov**0.5/mean: 7.294e-02
cov**0.5/mean: 7.235e-02
cov**0.5/mean: 7.196e-02
cov**0.5/mean: 7.311e-02
cov**0.5/mean: 7.685e-02
cov**0.5/mean: 6.796e-02
cov**0.5/mean: 7.569e-02
cov**0.5/mean: 7.351e-02
cov**0.5/mean: 6.752e-02
cov**0.5/mean: 6.961e-02
cov**0.5/mean: 7.097e-02
cov**0.5/mean: 7.264e-02
cov**0.5/mean: 6.528e-02
cov**0.5/mean: 7.170e-02
cov**0.5/mean: 7.075e-02
cov**0.5/mean: 6.475e-02
cov**0.5/mean: 6.013e-02
cov**0.5/mean: 7.358e-02
cov**0.5/mean: 6.613e-02
cov**0.5/mean: 6.870e-02
cov**0.5/mean: 6.774e-02
cov**0.5/mean: nan
cov**0.5/mean: 6.737e-02
cov**0.5/mean: 6.313e-02
cov**0.5/mean: 7.555e-02
cov**0.5/mean: 7.549e-02
cov**0.5/mean: nan
cov**0.5/mean: 7.388e-02
cov**0.5/mean: 7.034e-02
cov**0.5/mean: 6.806e-02
cov**0.5/mean: nan
cov**0.5/mean: nan
cov**0.5/mean: 6.936e-02
cov**0.5/mean: 6.442e-02
cov**0.5/mean: 5.877e-02
cov**0.5/mean: 6.191e-02
cov**0.5/mean: 6.338e-02
cov**0.5/mean: 6.224e-02
cov**0.5/mean: nan
cov**0.5/mean: 5.649e-02
cov**0.5/mean: 6.339e-02
cov**0.5/mean: 5.981e-02
cov**0.5/mean: 6.716e-02
cov**0.5/mean: 6.488e-02
cov**0.5/mean: 6.794e-02
cov**0.5/mean: 7.222e-02
cov**0.5/mean: 6.824e-02
cov**0.5/mean: 6.287e-02
cov**0.5/mean: 6.963e-02
cov**0.5/mean: 7.185e-02
cov**0.5/mean: 7.084e-02
cov**0.5/mean: 7.157e-02
cov**0.5/mean: 6.743e-02
cov**0.5/mean: 6.970e-02
cov**0.5/mean: 7.287e-02
cov**0.5/mean: 6.112e-02
cov**0.5/mean: 6.436e-02
cov**0.5/mean: 6.980e-02
cov**0.5/mean: 6.517e-02
cov**0.5/mean: 7.354e-02
cov**0.5/mean: 6.608e-02
cov**0.5/mean: 6.934e-02
cov**0.5/mean: 7.011e-02
cov**0.5/mean: 6.921e-02
cov**0.5/mean: 7.003e-02
cov**0.5/mean: 7.162e-02
cov**0.5/mean: nan
cov**0.5/mean: 7.270e-02
cov**0.5/mean: 6.851e-02
cov**0.5/mean: 6.170e-02
cov**0.5/mean: 5.982e-02
cov**0.5/mean: 6.896e-02
cov**0.5/mean: 6.121e-02
cov**0.5/mean: 6.502e-02
cov**0.5/mean: 6.347e-02
cov**0.5/mean: 6.126e-02
cov**0.5/mean: nan
cov**0.5/mean: 6.401e-02
cov**0.5/mean: 7.132e-02
cov**0.5/mean: 6.540e-02
cov**0.5/mean: 6.637e-02
cov**0.5/mean: 6.461e-02
cov**0.5/mean: 7.454e-02
cov**0.5/mean: 6.319e-02
cov**0.5/mean: 6.230e-02
cov**0.5/mean: 6.220e-02
cov**0.5/mean: nan
cov**0.5/mean: 6.256e-02
cov**0.5/mean: 6.331e-02
cov**0.5/mean: 5.998e-02
cov**0.5/mean: nan
cov**0.5/mean: 6.131e-02
cov**0.5/mean: nan
cov**0.5/mean: 5.837e-02
cov**0.5/mean: nan
cov**0.5/mean: nan
cov**0.5/mean: nan
cov**0.5/mean: nan
cov**0.5/mean: nan
cov**0.5/mean: nan
cov**0.5/mean: nan
cov**0.5/mean: nan
cov**0.5/mean: 5.762e-02
cov**0.5/mean: 5.458e-02
cov**0.5/mean: nan
cov**0.5/mean: nan
cov**0.5/mean: 5.654e-02
cov**0.5/mean: nan
cov**0.5/mean: 5.905e-02
cov**0.5/mean: 5.773e-02
cov**0.5/mean: nan
cov**0.5/mean: 5.881e-02
cov**0.5/mean: 6.371e-02
cov**0.5/mean: 6.363e-02
cov**0.5/mean: 6.478e-02
cov**0.5/mean: 5.945e-02
cov**0.5/mean: 6.006e-02
cov**0.5/mean: 6.258e-02
cov**0.5/mean: 6.133e-02
cov**0.5/mean: 6.642e-02
cov**0.5/mean: 5.968e-02
cov**0.5/mean: 5.965e-02
cov**0.5/mean: 6.354e-02
cov**0.5/mean: 6.132e-02
cov**0.5/mean: 5.917e-02
cov**0.5/mean: 6.307e-02
cov**0.5/mean: 6.493e-02
cov**0.5/mean: 6.405e-02
cov**0.5/mean: 6.338e-02
cov**0.5/mean: 6.225e-02
cov**0.5/mean: 6.977e-02
cov**0.5/mean: 6.371e-02
cov**0.5/mean: 5.757e-02
cov**0.5/mean: 6.384e-02
cov**0.5/mean: 6.414e-02
cov**0.5/mean: 5.880e-02
cov**0.5/mean: 6.406e-02
cov**0.5/mean: 6.310e-02
cov**0.5/mean: 6.037e-02
cov**0.5/mean: 7.104e-02
cov**0.5/mean: 6.253e-02
cov**0.5/mean: 6.640e-02
cov**0.5/mean: 6.336e-02
cov**0.5/mean: 6.995e-02
cov**0.5/mean: 7.383e-02
cov**0.5/mean: nan
cov**0.5/mean: 7.308e-02
cov**0.5/mean: 7.084e-02
cov**0.5/mean: 7.124e-02
cov**0.5/mean: 7.066e-02
cov**0.5/mean: 7.161e-02
cov**0.5/mean: 7.283e-02
cov**0.5/mean: 8.371e-02
cov**0.5/mean: 7.157e-02
cov**0.5/mean: 7.221e-02
cov**0.5/mean: 7.809e-02
cov**0.5/mean: 7.559e-02
cov**0.5/mean: 7.110e-02
cov**0.5/mean: 7.269e-02
cov**0.5/mean: 7.516e-02
cov**0.5/mean: 7.587e-02
cov**0.5/mean: 6.931e-02
cov**0.5/mean: 7.184e-02
cov**0.5/mean: 6.795e-02
cov**0.5/mean: 7.452e-02
cov**0.5/mean: 7.214e-02
cov**0.5/mean: 6.792e-02
cov**0.5/mean: 7.153e-02
cov**0.5/mean: 6.394e-02
cov**0.5/mean: 6.184e-02
cov**0.5/mean: 6.401e-02
cov**0.5/mean: 6.451e-02
cov**0.5/mean: 6.271e-02
cov**0.5/mean: 6.262e-02
cov**0.5/mean: 6.195e-02
cov**0.5/mean: 6.159e-02
cov**0.5/mean: nan
cov**0.5/mean: 6.431e-02
cov**0.5/mean: 5.967e-02
cov**0.5/mean: 6.121e-02
cov**0.5/mean: 6.005e-02
cov**0.5/mean: 5.871e-02
cov**0.5/mean: 6.462e-02
cov**0.5/mean: 6.454e-02
cov**0.5/mean: 5.988e-02
cov**0.5/mean: 5.852e-02
cov**0.5/mean: nan
cov**0.5/mean: 5.608e-02
cov**0.5/mean: 5.578e-02
cov**0.5/mean: 6.353e-02
cov**0.5/mean: 6.542e-02
cov**0.5/mean: 6.323e-02
cov**0.5/mean: 6.305e-02
cov**0.5/mean: 6.561e-02
cov**0.5/mean: 5.941e-02
cov**0.5/mean: nan
cov**0.5/mean: 6.212e-02
cov**0.5/mean: nan
cov**0.5/mean: 6.017e-02
cov**0.5/mean: nan
cov**0.5/mean: nan
cov**0.5/mean: 5.956e-02
cov**0.5/mean: nan
cov**0.5/mean: 6.005e-02
cov**0.5/mean: 6.429e-02
cov**0.5/mean: 5.865e-02
cov**0.5/mean: 6.357e-02
cov**0.5/mean: 7.359e-02
cov**0.5/mean: 6.285e-02
cov**0.5/mean: 6.362e-02
cov**0.5/mean: 6.961e-02
cov**0.5/mean: 6.971e-02
cov**0.5/mean: 6.906e-02
cov**0.5/mean: 6.368e-02
cov**0.5/mean: 7.092e-02
cov**0.5/mean: 6.309e-02
cov**0.5/mean: 7.005e-02
cov**0.5/mean: 6.971e-02
cov**0.5/mean: 7.456e-02
cov**0.5/mean: 7.207e-02
cov**0.5/mean: 7.186e-02
cov**0.5/mean: 6.853e-02
cov**0.5/mean: 6.345e-02
cov**0.5/mean: 7.306e-02
cov**0.5/mean: 6.270e-02
cov**0.5/mean: nan
cov**0.5/mean: 6.132e-02
cov**0.5/mean: 7.257e-02
cov**0.5/mean: 6.364e-02
cov**0.5/mean: 6.392e-02
cov**0.5/mean: 7.094e-02
cov**0.5/mean: 7.090e-02
cov**0.5/mean: 6.386e-02
cov**0.5/mean: 7.296e-02
cov**0.5/mean: 6.311e-02
cov**0.5/mean: 6.250e-02
cov**0.5/mean: nan
cov**0.5/mean: 7.134e-02
cov**0.5/mean: 6.561e-02
cov**0.5/mean: 7.349e-02
cov**0.5/mean: 7.627e-02
cov**0.5/mean: 6.359e-02
cov**0.5/mean: 7.106e-02
cov**0.5/mean: 7.462e-02
cov**0.5/mean: 7.700e-02
cov**0.5/mean: 7.019e-02
cov**0.5/mean: 7.401e-02
cov**0.5/mean: 7.680e-02
cov**0.5/mean: 6.971e-02
cov**0.5/mean: 7.355e-02
cov**0.5/mean: 6.813e-02
cov**0.5/mean: 7.170e-02
cov**0.5/mean: 7.118e-02
cov**0.5/mean: 7.409e-02
cov**0.5/mean: 5.989e-02
cov**0.5/mean: 6.159e-02
cov**0.5/mean: 7.175e-02
cov**0.5/mean: 6.574e-02
cov**0.5/mean: 7.068e-02
cov**0.5/mean: 6.541e-02
cov**0.5/mean: nan
cov**0.5/mean: 7.216e-02
cov**0.5/mean: 6.355e-02
cov**0.5/mean: 6.423e-02
cov**0.5/mean: 6.821e-02
cov**0.5/mean: 6.610e-02
cov**0.5/mean: 6.280e-02
cov**0.5/mean: 5.580e-02
cov**0.5/mean: 6.483e-02
cov**0.5/mean: 6.119e-02
cov**0.5/mean: 6.300e-02
cov**0.5/mean: nan
cov**0.5/mean: 5.851e-02
cov**0.5/mean: nan
cov**0.5/mean: nan
cov**0.5/mean: 5.972e-02
cov**0.5/mean: 6.517e-02
cov**0.5/mean: 6.412e-02
cov**0.5/mean: 6.475e-02
cov**0.5/mean: 6.159e-02
cov**0.5/mean: 6.496e-02
cov**0.5/mean: 6.236e-02
cov**0.5/mean: 6.330e-02
cov**0.5/mean: 6.106e-02
cov**0.5/mean: nan
cov**0.5/mean: 6.396e-02
cov**0.5/mean: nan
cov**0.5/mean: nan
cov**0.5/mean: 6.053e-02
cov**0.5/mean: 6.280e-02
cov**0.5/mean: nan
cov**0.5/mean: nan
cov**0.5/mean: 5.877e-02
cov**0.5/mean: 6.216e-02
cov**0.5/mean: 6.222e-02
cov**0.5/mean: 6.079e-02
cov**0.5/mean: 5.980e-02
cov**0.5/mean: 5.801e-02
cov**0.5/mean: 6.204e-02
cov**0.5/mean: nan
cov**0.5/mean: 5.989e-02
cov**0.5/mean: 5.680e-02
cov**0.5/mean: 5.937e-02
cov**0.5/mean: 5.588e-02
cov**0.5/mean: 6.243e-02
cov**0.5/mean: 5.905e-02
cov**0.5/mean: 6.467e-02
cov**0.5/mean: 6.213e-02
cov**0.5/mean: 6.417e-02
cov**0.5/mean: 6.418e-02
cov**0.5/mean: 6.257e-02
cov**0.5/mean: 6.037e-02
cov**0.5/mean: 6.025e-02
cov**0.5/mean: nan
cov**0.5/mean: 6.093e-02
cov**0.5/mean: 6.348e-02
cov**0.5/mean: nan
cov**0.5/mean: 6.433e-02
cov**0.5/mean: nan
cov**0.5/mean: nan
cov**0.5/mean: 5.867e-02
cov**0.5/mean: nan
cov**0.5/mean: 6.454e-02
cov**0.5/mean: 6.867e-02
cov**0.5/mean: nan
cov**0.5/mean: 6.493e-02
cov**0.5/mean: nan
cov**0.5/mean: 7.246e-02
cov**0.5/mean: 6.484e-02
cov**0.5/mean: 6.380e-02
cov**0.5/mean: 6.509e-02
cov**0.5/mean: 6.783e-02
cov**0.5/mean: 7.077e-02
cov**0.5/mean: 7.122e-02
cov**0.5/mean: 5.969e-02
cov**0.5/mean: 6.238e-02
cov**0.5/mean: 5.933e-02
cov**0.5/mean: 6.525e-02
cov**0.5/mean: 6.425e-02
cov**0.5/mean: 6.508e-02
cov**0.5/mean: 6.001e-02
cov**0.5/mean: 7.652e-02
cov**0.5/mean: 6.975e-02
cov**0.5/mean: 7.030e-02
cov**0.5/mean: 7.359e-02
cov**0.5/mean: 6.985e-02
cov**0.5/mean: 7.328e-02
cov**0.5/mean: 7.712e-02
cov**0.5/mean: 6.887e-02
cov**0.5/mean: 7.578e-02
cov**0.5/mean: 7.021e-02
cov**0.5/mean: 6.480e-02
cov**0.5/mean: 6.362e-02
cov**0.5/mean: 7.213e-02
cov**0.5/mean: 6.066e-02
cov**0.5/mean: 6.709e-02
cov**0.5/mean: 6.488e-02
cov**0.5/mean: 6.511e-02
cov**0.5/mean: 6.961e-02
cov**0.5/mean: 7.508e-02
cov**0.5/mean: 7.161e-02
cov**0.5/mean: 7.091e-02
cov**0.5/mean: 7.208e-02
cov**0.5/mean: 7.221e-02
cov**0.5/mean: 7.926e-02
cov**0.5/mean: 7.490e-02
cov**0.5/mean: 6.441e-02
cov**0.5/mean: 7.306e-02
cov**0.5/mean: 7.458e-02
cov**0.5/mean: nan
cov**0.5/mean: 6.389e-02
cov**0.5/mean: 6.663e-02
cov**0.5/mean: 6.349e-02
cov**0.5/mean: 6.143e-02
cov**0.5/mean: 6.480e-02
cov**0.5/mean: 7.061e-02
cov**0.5/mean: 6.451e-02
cov**0.5/mean: nan
cov**0.5/mean: 6.315e-02
cov**0.5/mean: 5.893e-02
cov**0.5/mean: 6.177e-02
cov**0.5/mean: 6.178e-02
cov**0.5/mean: 6.088e-02
cov**0.5/mean: 5.999e-02
cov**0.5/mean: nan
cov**0.5/mean: 6.379e-02
cov**0.5/mean: 6.260e-02
cov**0.5/mean: 6.039e-02
cov**0.5/mean: nan
cov**0.5/mean: 6.716e-02
cov**0.5/mean: 6.350e-02
cov**0.5/mean: 6.126e-02
cov**0.5/mean: 6.282e-02
cov**0.5/mean: 6.342e-02
cov**0.5/mean: 6.525e-02
cov**0.5/mean: 6.089e-02
cov**0.5/mean: 7.401e-02
cov**0.5/mean: 7.110e-02
cov**0.5/mean: 7.192e-02
cov**0.5/mean: 6.395e-02
cov**0.5/mean: 6.811e-02
cov**0.5/mean: 6.963e-02
cov**0.5/mean: 7.314e-02
cov**0.5/mean: 7.350e-02
cov**0.5/mean: 7.176e-02
cov**0.5/mean: 7.131e-02
cov**0.5/mean: 7.027e-02
cov**0.5/mean: 7.566e-02
cov**0.5/mean: 7.379e-02
cov**0.5/mean: 6.721e-02
cov**0.5/mean: nan
cov**0.5/mean: 7.153e-02
cov**0.5/mean: 7.216e-02
cov**0.5/mean: 6.337e-02
cov**0.5/mean: 6.080e-02
cov**0.5/mean: 6.292e-02
cov**0.5/mean: 5.988e-02
cov**0.5/mean: nan
cov**0.5/mean: 6.262e-02
cov**0.5/mean: 6.255e-02
cov**0.5/mean: 6.108e-02
cov**0.5/mean: 6.195e-02
cov**0.5/mean: 5.795e-02
cov**0.5/mean: 6.020e-02
cov**0.5/mean: nan
cov**0.5/mean: 5.934e-02
cov**0.5/mean: 6.082e-02
cov**0.5/mean: 6.193e-02
cov**0.5/mean: 5.986e-02
cov**0.5/mean: 6.370e-02
cov**0.5/mean: 5.664e-02
cov**0.5/mean: nan
cov**0.5/mean: 6.483e-02
cov**0.5/mean: 6.315e-02
cov**0.5/mean: 5.908e-02
cov**0.5/mean: nan
cov**0.5/mean: 6.474e-02
cov**0.5/mean: 6.148e-02
cov**0.5/mean: 6.268e-02
cov**0.5/mean: nan
cov**0.5/mean: 5.933e-02
cov**0.5/mean: 6.292e-02
cov**0.5/mean: 6.530e-02
cov**0.5/mean: nan
cov**0.5/mean: 6.400e-02
cov**0.5/mean: 6.397e-02
cov**0.5/mean: 6.325e-02
cov**0.5/mean: 6.266e-02
cov**0.5/mean: 6.404e-02
cov**0.5/mean: 6.357e-02
cov**0.5/mean: 6.415e-02
cov**0.5/mean: 6.321e-02
cov**0.5/mean: 6.169e-02
cov**0.5/mean: 6.309e-02
cov**0.5/mean: 6.401e-02
cov**0.5/mean: 6.085e-02
cov**0.5/mean: nan
cov**0.5/mean: nan
cov**0.5/mean: 6.120e-02
cov**0.5/mean: 5.667e-02
cov**0.5/mean: nan
cov**0.5/mean: nan
cov**0.5/mean: 6.249e-02
cov**0.5/mean: nan
cov**0.5/mean: 6.001e-02
cov**0.5/mean: 6.427e-02
cov**0.5/mean: 6.055e-02
cov**0.5/mean: 6.268e-02
cov**0.5/mean: 6.322e-02
cov**0.5/mean: 6.359e-02
cov**0.5/mean: 5.584e-02
cov**0.5/mean: nan
cov**0.5/mean: 6.206e-02
cov**0.5/mean: nan
cov**0.5/mean: 6.252e-02
cov**0.5/mean: 6.318e-02
cov**0.5/mean: 6.026e-02
cov**0.5/mean: 6.927e-02
cov**0.5/mean: 7.120e-02
cov**0.5/mean: 7.162e-02
cov**0.5/mean: 6.919e-02
cov**0.5/mean: 6.248e-02
cov**0.5/mean: 6.900e-02
cov**0.5/mean: 6.514e-02
cov**0.5/mean: 6.707e-02
cov**0.5/mean: 7.180e-02
cov**0.5/mean: 7.242e-02
cov**0.5/mean: 7.231e-02
cov**0.5/mean: 6.358e-02
cov**0.5/mean: 6.778e-02
cov**0.5/mean: 7.089e-02
cov**0.5/mean: 6.453e-02
cov**0.5/mean: 6.770e-02
cov**0.5/mean: 7.462e-02
cov**0.5/mean: 7.568e-02
cov**0.5/mean: 6.834e-02
cov**0.5/mean: 7.044e-02
cov**0.5/mean: 6.496e-02
cov**0.5/mean: 7.315e-02
cov**0.5/mean: 7.281e-02
cov**0.5/mean: 7.392e-02
cov**0.5/mean: 7.025e-02
cov**0.5/mean: nan
cov**0.5/mean: 6.928e-02
cov**0.5/mean: 6.895e-02
cov**0.5/mean: 7.131e-02
cov**0.5/mean: 7.075e-02
cov**0.5/mean: 6.617e-02
cov**0.5/mean: 6.972e-02
cov**0.5/mean: 7.456e-02
cov**0.5/mean: 6.300e-02
cov**0.5/mean: 6.760e-02
cov**0.5/mean: 6.505e-02
cov**0.5/mean: 6.437e-02
cov**0.5/mean: 6.437e-02
cov**0.5/mean: 6.343e-02
cov**0.5/mean: 7.003e-02
cov**0.5/mean: 6.804e-02
cov**0.5/mean: 6.763e-02
cov**0.5/mean: 6.486e-02
cov**0.5/mean: nan
cov**0.5/mean: 6.602e-02
cov**0.5/mean: 6.521e-02
cov**0.5/mean: 6.365e-02
cov**0.5/mean: nan
cov**0.5/mean: 5.983e-02
cov**0.5/mean: 7.308e-02
cov**0.5/mean: 6.655e-02
cov**0.5/mean: 6.461e-02
cov**0.5/mean: 6.466e-02
cov**0.5/mean: 6.196e-02
cov**0.5/mean: nan
cov**0.5/mean: 6.547e-02
cov**0.5/mean: 7.153e-02
cov**0.5/mean: 6.380e-02
cov**0.5/mean: 7.179e-02
cov**0.5/mean: 7.719e-02
cov**0.5/mean: 6.842e-02
cov**0.5/mean: 7.311e-02
cov**0.5/mean: 7.613e-02
cov**0.5/mean: 7.085e-02
cov**0.5/mean: 6.979e-02
cov**0.5/mean: nan
cov**0.5/mean: 7.309e-02
cov**0.5/mean: 7.358e-02
cov**0.5/mean: 6.588e-02
cov**0.5/mean: 6.692e-02
cov**0.5/mean: 7.117e-02
cov**0.5/mean: 7.166e-02
cov**0.5/mean: 7.178e-02
cov**0.5/mean: 7.010e-02
cov**0.5/mean: 6.308e-02
cov**0.5/mean: 6.069e-02
cov**0.5/mean: 5.917e-02
cov**0.5/mean: 6.497e-02
cov**0.5/mean: 6.310e-02
cov**0.5/mean: 6.369e-02
cov**0.5/mean: 5.961e-02
cov**0.5/mean: 6.354e-02
cov**0.5/mean: 6.340e-02
cov**0.5/mean: 6.094e-02
cov**0.5/mean: 6.188e-02
cov**0.5/mean: 6.414e-02
cov**0.5/mean: 6.869e-02
cov**0.5/mean: 6.347e-02
cov**0.5/mean: 6.361e-02
cov**0.5/mean: 7.077e-02
cov**0.5/mean: 6.241e-02
cov**0.5/mean: 6.463e-02
cov**0.5/mean: 5.954e-02
cov**0.5/mean: nan
cov**0.5/mean: 6.929e-02
cov**0.5/mean: 6.466e-02
cov**0.5/mean: 6.328e-02
cov**0.5/mean: 5.951e-02
cov**0.5/mean: 6.332e-02
cov**0.5/mean: 6.537e-02
cov**0.5/mean: nan
cov**0.5/mean: 7.175e-02
cov**0.5/mean: 6.599e-02
cov**0.5/mean: 7.521e-02
cov**0.5/mean: 6.827e-02
cov**0.5/mean: 6.138e-02
cov**0.5/mean: 6.457e-02
cov**0.5/mean: 6.347e-02
cov**0.5/mean: 6.520e-02
cov**0.5/mean: nan
cov**0.5/mean: nan
cov**0.5/mean: 6.052e-02
cov**0.5/mean: 7.400e-02
cov**0.5/mean: 5.972e-02
cov**0.5/mean: 6.145e-02
cov**0.5/mean: 6.848e-02
cov**0.5/mean: 7.335e-02
cov**0.5/mean: 6.475e-02
cov**0.5/mean: 6.102e-02
cov**0.5/mean: 6.372e-02
cov**0.5/mean: 6.263e-02
cov**0.5/mean: 6.323e-02
cov**0.5/mean: nan
cov**0.5/mean: 5.880e-02
cov**0.5/mean: nan
cov**0.5/mean: 6.705e-02
cov**0.5/mean: 6.976e-02
cov**0.5/mean: 6.509e-02
cov**0.5/mean: 6.161e-02
cov**0.5/mean: 6.070e-02
cov**0.5/mean: 6.251e-02
cov**0.5/mean: 6.364e-02
cov**0.5/mean: 6.729e-02
cov**0.5/mean: nan
cov**0.5/mean: 6.698e-02
cov**0.5/mean: 6.516e-02
cov**0.5/mean: 7.066e-02
cov**0.5/mean: 7.238e-02
cov**0.5/mean: 7.418e-02
cov**0.5/mean: 7.345e-02
cov**0.5/mean: 7.323e-02
cov**0.5/mean: 6.064e-02
cov**0.5/mean: 6.298e-02
cov**0.5/mean: 5.914e-02
cov**0.5/mean: 6.686e-02
cov**0.5/mean: 6.428e-02
cov**0.5/mean: 7.156e-02
cov**0.5/mean: 6.973e-02
cov**0.5/mean: 6.065e-02
cov**0.5/mean: 6.413e-02
cov**0.5/mean: 6.437e-02
cov**0.5/mean: 6.438e-02
cov**0.5/mean: 7.372e-02
cov**0.5/mean: 6.929e-02
cov**0.5/mean: 6.546e-02
cov**0.5/mean: 6.987e-02
cov**0.5/mean: 7.231e-02
cov**0.5/mean: 7.081e-02
cov**0.5/mean: 6.534e-02
cov**0.5/mean: 6.503e-02
cov**0.5/mean: 6.638e-02
cov**0.5/mean: 7.297e-02
cov**0.5/mean: 6.944e-02
cov**0.5/mean: 6.378e-02
cov**0.5/mean: nan
cov**0.5/mean: 6.526e-02
cov**0.5/mean: 6.512e-02
cov**0.5/mean: 6.728e-02
cov**0.5/mean: 6.326e-02
cov**0.5/mean: 6.031e-02
cov**0.5/mean: 6.442e-02
cov**0.5/mean: 6.109e-02
cov**0.5/mean: 6.362e-02
cov**0.5/mean: 6.243e-02
cov**0.5/mean: 5.521e-02
cov**0.5/mean: 6.220e-02
cov**0.5/mean: 6.441e-02
cov**0.5/mean: 7.436e-02
cov**0.5/mean: 7.420e-02
cov**0.5/mean: 6.418e-02
cov**0.5/mean: 6.861e-02
cov**0.5/mean: 7.499e-02
cov**0.5/mean: 6.716e-02
cov**0.5/mean: nan
cov**0.5/mean: 6.487e-02
cov**0.5/mean: 6.441e-02
cov**0.5/mean: 6.138e-02
cov**0.5/mean: 7.234e-02
cov**0.5/mean: 6.464e-02
cov**0.5/mean: 6.287e-02
cov**0.5/mean: 6.050e-02
cov**0.5/mean: 5.975e-02
cov**0.5/mean: 5.955e-02
cov**0.5/mean: nan
cov**0.5/mean: 5.449e-02
cov**0.5/mean: 6.954e-02
cov**0.5/mean: 7.366e-02
cov**0.5/mean: 7.092e-02
cov**0.5/mean: 7.375e-02
cov**0.5/mean: nan
cov**0.5/mean: nan
cov**0.5/mean: 7.273e-02
cov**0.5/mean: 7.451e-02
cov**0.5/mean: 6.761e-02
cov**0.5/mean: 6.081e-02
cov**0.5/mean: 6.924e-02
cov**0.5/mean: 6.629e-02
cov**0.5/mean: 6.790e-02
cov**0.5/mean: 6.476e-02
cov**0.5/mean: 7.155e-02
cov**0.5/mean: 6.478e-02
cov**0.5/mean: 6.381e-02
cov**0.5/mean: 7.176e-02
cov**0.5/mean: 7.311e-02
cov**0.5/mean: 6.782e-02
cov**0.5/mean: 6.942e-02
cov**0.5/mean: 6.622e-02
cov**0.5/mean: 7.044e-02
cov**0.5/mean: 7.179e-02
cov**0.5/mean: 7.178e-02
cov**0.5/mean: 7.180e-02
cov**0.5/mean: nan
cov**0.5/mean: 7.268e-02
cov**0.5/mean: nan
cov**0.5/mean: 6.773e-02
cov**0.5/mean: 7.146e-02
cov**0.5/mean: 6.952e-02
cov**0.5/mean: 7.077e-02
cov**0.5/mean: 6.532e-02
cov**0.5/mean: 6.825e-02
cov**0.5/mean: 6.451e-02
cov**0.5/mean: 7.097e-02
cov**0.5/mean: nan
cov**0.5/mean: 7.178e-02
cov**0.5/mean: 6.447e-02
cov**0.5/mean: 6.136e-02
cov**0.5/mean: 6.471e-02
cov**0.5/mean: 6.790e-02
cov**0.5/mean: 5.912e-02
cov**0.5/mean: 7.131e-02
cov**0.5/mean: 7.194e-02
cov**0.5/mean: 6.442e-02
cov**0.5/mean: nan
cov**0.5/mean: 7.758e-02
cov**0.5/mean: 7.083e-02
cov**0.5/mean: 7.411e-02
cov**0.5/mean: 7.301e-02
cov**0.5/mean: 6.542e-02
cov**0.5/mean: 6.768e-02
cov**0.5/mean: 7.072e-02
cov**0.5/mean: 7.218e-02
cov**0.5/mean: 7.350e-02
cov**0.5/mean: nan
cov**0.5/mean: 7.774e-02
cov**0.5/mean: 6.916e-02
cov**0.5/mean: 6.974e-02
cov**0.5/mean: 7.187e-02
cov**0.5/mean: 5.999e-02
cov**0.5/mean: 6.935e-02
cov**0.5/mean: 7.066e-02
cov**0.5/mean: 6.422e-02
cov**0.5/mean: 6.152e-02
cov**0.5/mean: 5.972e-02
cov**0.5/mean: 6.421e-02
cov**0.5/mean: 6.253e-02
cov**0.5/mean: 6.543e-02
cov**0.5/mean: 5.617e-02
cov**0.5/mean: 6.317e-02
cov**0.5/mean: 6.165e-02
cov**0.5/mean: 6.018e-02
cov**0.5/mean: 6.144e-02
cov**0.5/mean: 6.332e-02
cov**0.5/mean: 6.469e-02
cov**0.5/mean: 6.375e-02
cov**0.5/mean: 6.844e-02
cov**0.5/mean: 6.510e-02
cov**0.5/mean: 6.390e-02
cov**0.5/mean: 6.257e-02
cov**0.5/mean: 7.696e-02
cov**0.5/mean: 6.862e-02
cov**0.5/mean: 6.607e-02
cov**0.5/mean: 7.330e-02
cov**0.5/mean: 6.594e-02
cov**0.5/mean: nan
cov**0.5/mean: 6.539e-02
cov**0.5/mean: 6.769e-02
cov**0.5/mean: 5.832e-02
cov**0.5/mean: 6.408e-02
cov**0.5/mean: 7.254e-02
cov**0.5/mean: 7.264e-02
cov**0.5/mean: 6.035e-02
cov**0.5/mean: 7.070e-02
cov**0.5/mean: 6.940e-02
cov**0.5/mean: 6.770e-02
cov**0.5/mean: 6.332e-02
cov**0.5/mean: 7.095e-02
cov**0.5/mean: 7.011e-02
cov**0.5/mean: 6.397e-02
cov**0.5/mean: 6.284e-02
cov**0.5/mean: 6.299e-02
cov**0.5/mean: 6.515e-02
cov**0.5/mean: 6.425e-02
cov**0.5/mean: 6.412e-02
cov**0.5/mean: 6.410e-02
cov**0.5/mean: 6.215e-02
cov**0.5/mean: 6.014e-02
cov**0.5/mean: 6.010e-02
cov**0.5/mean: 6.441e-02
cov**0.5/mean: nan
cov**0.5/mean: 7.225e-02
cov**0.5/mean: 6.309e-02
cov**0.5/mean: 6.228e-02
cov**0.5/mean: 6.509e-02
cov**0.5/mean: 7.133e-02
cov**0.5/mean: 6.935e-02
cov**0.5/mean: 7.439e-02
cov**0.5/mean: 6.241e-02
cov**0.5/mean: 6.073e-02
cov**0.5/mean: 7.179e-02
cov**0.5/mean: 6.537e-02
cov**0.5/mean: 7.383e-02
cov**0.5/mean: 7.211e-02
cov**0.5/mean: 6.982e-02
cov**0.5/mean: 7.314e-02
cov**0.5/mean: 6.548e-02
cov**0.5/mean: 6.640e-02
cov**0.5/mean: 7.394e-02
cov**0.5/mean: 6.914e-02
cov**0.5/mean: 6.885e-02
cov**0.5/mean: 6.385e-02
cov**0.5/mean: 6.364e-02
cov**0.5/mean: 6.000e-02
cov**0.5/mean: 6.202e-02
cov**0.5/mean: 6.094e-02
cov**0.5/mean: 6.357e-02
cov**0.5/mean: nan
cov**0.5/mean: 6.018e-02
cov**0.5/mean: 5.903e-02
cov**0.5/mean: 5.831e-02
cov**0.5/mean: nan
cov**0.5/mean: 6.026e-02
cov**0.5/mean: 6.355e-02
cov**0.5/mean: 6.178e-02
cov**0.5/mean: 7.168e-02
cov**0.5/mean: 7.294e-02
cov**0.5/mean: 6.947e-02
cov**0.5/mean: 6.244e-02
cov**0.5/mean: 6.805e-02
cov**0.5/mean: 6.229e-02
cov**0.5/mean: 5.889e-02
cov**0.5/mean: 7.205e-02
cov**0.5/mean: 7.314e-02
cov**0.5/mean: 6.948e-02
cov**0.5/mean: 6.989e-02
cov**0.5/mean: 6.943e-02
cov**0.5/mean: 6.693e-02
cov**0.5/mean: 6.182e-02
cov**0.5/mean: nan
cov**0.5/mean: 6.099e-02
cov**0.5/mean: nan
cov**0.5/mean: 6.297e-02
cov**0.5/mean: 6.091e-02
cov**0.5/mean: 6.229e-02
cov**0.5/mean: 5.895e-02
  Step 8000/10000, Time: 5.0s, Acceptance: nan
cov**0.5/mean: nan
cov**0.5/mean: 5.922e-02
cov**0.5/mean: 6.365e-02
cov**0.5/mean: 6.109e-02
cov**0.5/mean: nan
cov**0.5/mean: nan
cov**0.5/mean: nan
cov**0.5/mean: 6.323e-02
cov**0.5/mean: 6.316e-02
cov**0.5/mean: 6.382e-02
cov**0.5/mean: 5.980e-02
cov**0.5/mean: 7.172e-02
cov**0.5/mean: 6.447e-02
cov**0.5/mean: 6.475e-02
cov**0.5/mean: 7.312e-02
cov**0.5/mean: 6.365e-02
cov**0.5/mean: 6.501e-02
cov**0.5/mean: 6.093e-02
cov**0.5/mean: nan
cov**0.5/mean: 5.604e-02
cov**0.5/mean: 5.996e-02
cov**0.5/mean: 6.187e-02
cov**0.5/mean: 6.162e-02
cov**0.5/mean: 6.527e-02
cov**0.5/mean: 5.854e-02
cov**0.5/mean: 6.142e-02
cov**0.5/mean: 6.345e-02
cov**0.5/mean: 6.029e-02
cov**0.5/mean: 6.502e-02
cov**0.5/mean: 5.829e-02
cov**0.5/mean: 6.247e-02
cov**0.5/mean: 6.432e-02
cov**0.5/mean: 6.380e-02
cov**0.5/mean: 6.158e-02
cov**0.5/mean: 7.085e-02
cov**0.5/mean: 5.704e-02
cov**0.5/mean: 6.387e-02
cov**0.5/mean: 7.296e-02
cov**0.5/mean: 7.621e-02
cov**0.5/mean: nan
cov**0.5/mean: 7.284e-02
cov**0.5/mean: 7.460e-02
cov**0.5/mean: 7.325e-02
cov**0.5/mean: 7.525e-02
cov**0.5/mean: 7.197e-02
cov**0.5/mean: 7.519e-02
cov**0.5/mean: 7.402e-02
cov**0.5/mean: 6.473e-02
cov**0.5/mean: 7.268e-02
cov**0.5/mean: 7.554e-02
cov**0.5/mean: 7.320e-02
cov**0.5/mean: 7.129e-02
cov**0.5/mean: 6.897e-02
cov**0.5/mean: 6.045e-02
cov**0.5/mean: 7.174e-02
cov**0.5/mean: 7.566e-02
cov**0.5/mean: 6.198e-02
cov**0.5/mean: 7.362e-02
cov**0.5/mean: 7.261e-02
cov**0.5/mean: nan
cov**0.5/mean: 7.035e-02
cov**0.5/mean: nan
cov**0.5/mean: 6.798e-02
cov**0.5/mean: 6.352e-02
cov**0.5/mean: 6.012e-02
cov**0.5/mean: 6.377e-02
cov**0.5/mean: 6.343e-02
cov**0.5/mean: 6.944e-02
cov**0.5/mean: 7.056e-02
cov**0.5/mean: 6.172e-02
cov**0.5/mean: 7.221e-02
cov**0.5/mean: 6.546e-02
cov**0.5/mean: 6.147e-02
cov**0.5/mean: nan
cov**0.5/mean: 7.483e-02
cov**0.5/mean: 7.523e-02
cov**0.5/mean: 6.144e-02
cov**0.5/mean: 6.394e-02
cov**0.5/mean: 6.367e-02
cov**0.5/mean: 6.437e-02
cov**0.5/mean: 6.463e-02
cov**0.5/mean: 5.771e-02
cov**0.5/mean: 7.180e-02
cov**0.5/mean: 7.242e-02
cov**0.5/mean: 6.768e-02
cov**0.5/mean: 6.881e-02
cov**0.5/mean: 7.512e-02
cov**0.5/mean: 6.859e-02
cov**0.5/mean: 6.347e-02
cov**0.5/mean: 6.170e-02
cov**0.5/mean: 7.284e-02
cov**0.5/mean: 6.306e-02
cov**0.5/mean: 7.466e-02
cov**0.5/mean: 7.127e-02
cov**0.5/mean: 6.222e-02
cov**0.5/mean: 6.285e-02
cov**0.5/mean: 5.952e-02
cov**0.5/mean: 6.697e-02
cov**0.5/mean: 6.309e-02
cov**0.5/mean: 6.033e-02
cov**0.5/mean: nan
cov**0.5/mean: 6.444e-02
cov**0.5/mean: 6.068e-02
cov**0.5/mean: 5.897e-02
cov**0.5/mean: 6.254e-02
cov**0.5/mean: 6.430e-02
cov**0.5/mean: 6.023e-02
cov**0.5/mean: 6.188e-02
cov**0.5/mean: 6.133e-02
cov**0.5/mean: nan
cov**0.5/mean: 6.392e-02
cov**0.5/mean: 6.510e-02
cov**0.5/mean: 6.642e-02
cov**0.5/mean: 6.258e-02
cov**0.5/mean: 7.209e-02
cov**0.5/mean: 6.812e-02
cov**0.5/mean: 6.143e-02
cov**0.5/mean: 7.199e-02
cov**0.5/mean: 6.919e-02
cov**0.5/mean: 7.141e-02
cov**0.5/mean: 7.492e-02
cov**0.5/mean: 7.128e-02
cov**0.5/mean: 6.616e-02
cov**0.5/mean: 7.111e-02
cov**0.5/mean: 7.144e-02
cov**0.5/mean: nan
cov**0.5/mean: 6.439e-02
cov**0.5/mean: 7.334e-02
cov**0.5/mean: 6.799e-02
cov**0.5/mean: 6.958e-02
cov**0.5/mean: nan
cov**0.5/mean: nan
cov**0.5/mean: 6.768e-02
cov**0.5/mean: 6.810e-02
cov**0.5/mean: 7.275e-02
cov**0.5/mean: 6.460e-02
cov**0.5/mean: 7.181e-02
cov**0.5/mean: 6.583e-02
cov**0.5/mean: 5.936e-02
cov**0.5/mean: 6.121e-02
cov**0.5/mean: nan
cov**0.5/mean: 6.627e-02
cov**0.5/mean: 6.212e-02
cov**0.5/mean: 7.383e-02
cov**0.5/mean: 6.444e-02
cov**0.5/mean: 5.736e-02
cov**0.5/mean: 6.607e-02
cov**0.5/mean: 5.892e-02
cov**0.5/mean: 5.993e-02
cov**0.5/mean: 5.956e-02
cov**0.5/mean: 6.248e-02
cov**0.5/mean: 7.041e-02
cov**0.5/mean: nan
cov**0.5/mean: 7.237e-02
cov**0.5/mean: 7.163e-02
cov**0.5/mean: 7.231e-02
cov**0.5/mean: 7.177e-02
cov**0.5/mean: 6.982e-02
cov**0.5/mean: 7.040e-02
cov**0.5/mean: 7.067e-02
cov**0.5/mean: 6.633e-02
cov**0.5/mean: 6.475e-02
cov**0.5/mean: 6.343e-02
cov**0.5/mean: 7.024e-02
cov**0.5/mean: 6.477e-02
cov**0.5/mean: 5.855e-02
cov**0.5/mean: 6.390e-02
cov**0.5/mean: 6.187e-02
cov**0.5/mean: 6.258e-02
cov**0.5/mean: 6.102e-02
cov**0.5/mean: 6.389e-02
cov**0.5/mean: 6.134e-02
cov**0.5/mean: 6.416e-02
cov**0.5/mean: 6.283e-02
cov**0.5/mean: 5.916e-02
cov**0.5/mean: 6.282e-02
cov**0.5/mean: 6.757e-02
cov**0.5/mean: 6.525e-02
cov**0.5/mean: 7.175e-02
cov**0.5/mean: 7.481e-02
cov**0.5/mean: 6.613e-02
cov**0.5/mean: 6.430e-02
cov**0.5/mean: 6.494e-02
cov**0.5/mean: 6.851e-02
cov**0.5/mean: 6.613e-02
cov**0.5/mean: 6.254e-02
cov**0.5/mean: 6.487e-02
cov**0.5/mean: 6.843e-02
cov**0.5/mean: 7.009e-02
cov**0.5/mean: 6.613e-02
cov**0.5/mean: 7.195e-02
cov**0.5/mean: 7.234e-02
cov**0.5/mean: 6.946e-02
cov**0.5/mean: 6.217e-02
cov**0.5/mean: 6.910e-02
cov**0.5/mean: 7.556e-02
cov**0.5/mean: 7.424e-02
cov**0.5/mean: 6.604e-02
cov**0.5/mean: 6.639e-02
cov**0.5/mean: 6.268e-02
cov**0.5/mean: 6.785e-02
cov**0.5/mean: 6.493e-02
cov**0.5/mean: 5.932e-02
cov**0.5/mean: 6.871e-02
cov**0.5/mean: 5.943e-02
cov**0.5/mean: 6.455e-02
cov**0.5/mean: 7.016e-02
cov**0.5/mean: 6.430e-02
cov**0.5/mean: 7.146e-02
cov**0.5/mean: 6.759e-02
cov**0.5/mean: 6.060e-02
cov**0.5/mean: 7.116e-02
cov**0.5/mean: 6.766e-02
cov**0.5/mean: 7.161e-02
cov**0.5/mean: nan
cov**0.5/mean: nan
cov**0.5/mean: 6.251e-02
cov**0.5/mean: 6.376e-02
cov**0.5/mean: nan
cov**0.5/mean: 6.015e-02
cov**0.5/mean: 6.299e-02
cov**0.5/mean: 6.477e-02
cov**0.5/mean: 6.472e-02
cov**0.5/mean: 7.010e-02
cov**0.5/mean: 6.297e-02
cov**0.5/mean: nan
cov**0.5/mean: 6.364e-02
cov**0.5/mean: 6.382e-02
cov**0.5/mean: 6.173e-02
cov**0.5/mean: 6.442e-02
cov**0.5/mean: 6.210e-02
cov**0.5/mean: 6.341e-02
cov**0.5/mean: 6.323e-02
cov**0.5/mean: 6.286e-02
cov**0.5/mean: 6.212e-02
cov**0.5/mean: 6.661e-02
cov**0.5/mean: 6.560e-02
cov**0.5/mean: 6.896e-02
cov**0.5/mean: 6.844e-02
cov**0.5/mean: 6.891e-02
cov**0.5/mean: 7.353e-02
cov**0.5/mean: 7.433e-02
cov**0.5/mean: 6.609e-02
cov**0.5/mean: 6.150e-02
cov**0.5/mean: 7.616e-02
cov**0.5/mean: 7.197e-02
cov**0.5/mean: 7.136e-02
cov**0.5/mean: 7.920e-02
cov**0.5/mean: 7.687e-02
cov**0.5/mean: 7.475e-02
cov**0.5/mean: 7.498e-02
cov**0.5/mean: 6.609e-02
cov**0.5/mean: 7.475e-02
cov**0.5/mean: 7.356e-02
cov**0.5/mean: 7.568e-02
cov**0.5/mean: 7.337e-02
cov**0.5/mean: 7.429e-02
cov**0.5/mean: 6.311e-02
cov**0.5/mean: 7.057e-02
cov**0.5/mean: 7.279e-02
cov**0.5/mean: 6.269e-02
cov**0.5/mean: 7.088e-02
cov**0.5/mean: 6.131e-02
cov**0.5/mean: 6.470e-02
cov**0.5/mean: 6.814e-02
cov**0.5/mean: 6.684e-02
cov**0.5/mean: 7.114e-02
cov**0.5/mean: 6.441e-02
cov**0.5/mean: 6.505e-02
cov**0.5/mean: nan
cov**0.5/mean: 6.295e-02
cov**0.5/mean: 6.161e-02
cov**0.5/mean: nan
cov**0.5/mean: 6.320e-02
cov**0.5/mean: 6.433e-02
cov**0.5/mean: 6.338e-02
cov**0.5/mean: 5.996e-02
cov**0.5/mean: 7.459e-02
cov**0.5/mean: nan
cov**0.5/mean: 6.500e-02
cov**0.5/mean: 6.730e-02
cov**0.5/mean: 6.454e-02
cov**0.5/mean: 6.094e-02
cov**0.5/mean: 5.978e-02
cov**0.5/mean: 5.966e-02
cov**0.5/mean: 6.380e-02
cov**0.5/mean: 6.289e-02
cov**0.5/mean: 6.318e-02
cov**0.5/mean: 5.900e-02
cov**0.5/mean: 6.312e-02
cov**0.5/mean: 6.395e-02
cov**0.5/mean: 6.436e-02
cov**0.5/mean: 5.600e-02
cov**0.5/mean: 6.425e-02
cov**0.5/mean: 6.903e-02
cov**0.5/mean: 7.215e-02
cov**0.5/mean: 6.365e-02
cov**0.5/mean: 5.880e-02
cov**0.5/mean: 6.410e-02
cov**0.5/mean: 6.261e-02
cov**0.5/mean: nan
cov**0.5/mean: 6.764e-02
cov**0.5/mean: 7.189e-02
cov**0.5/mean: 6.867e-02
cov**0.5/mean: 7.127e-02
cov**0.5/mean: 7.013e-02
cov**0.5/mean: 7.409e-02
cov**0.5/mean: 6.806e-02
cov**0.5/mean: nan
cov**0.5/mean: 6.920e-02
cov**0.5/mean: 6.804e-02
cov**0.5/mean: 6.392e-02
cov**0.5/mean: 6.207e-02
cov**0.5/mean: 6.337e-02
cov**0.5/mean: 5.628e-02
cov**0.5/mean: nan
cov**0.5/mean: 6.507e-02
cov**0.5/mean: 5.792e-02
cov**0.5/mean: nan
cov**0.5/mean: 6.641e-02
cov**0.5/mean: 6.936e-02
cov**0.5/mean: 7.046e-02
cov**0.5/mean: 7.414e-02
cov**0.5/mean: 7.061e-02
cov**0.5/mean: 6.327e-02
cov**0.5/mean: 6.286e-02
cov**0.5/mean: 6.457e-02
cov**0.5/mean: 6.667e-02
cov**0.5/mean: 7.129e-02
cov**0.5/mean: 6.367e-02
cov**0.5/mean: 7.110e-02
cov**0.5/mean: 7.062e-02
cov**0.5/mean: 7.640e-02
cov**0.5/mean: 7.143e-02
cov**0.5/mean: 7.546e-02
cov**0.5/mean: 6.569e-02
cov**0.5/mean: 6.541e-02
cov**0.5/mean: 6.357e-02
cov**0.5/mean: 6.682e-02
cov**0.5/mean: 7.393e-02
cov**0.5/mean: 6.525e-02
cov**0.5/mean: 6.492e-02
cov**0.5/mean: 6.678e-02
cov**0.5/mean: 6.460e-02
cov**0.5/mean: 6.466e-02
cov**0.5/mean: 7.092e-02
cov**0.5/mean: 6.823e-02
cov**0.5/mean: 7.200e-02
cov**0.5/mean: 7.457e-02
cov**0.5/mean: 7.372e-02
cov**0.5/mean: 6.983e-02
cov**0.5/mean: 6.278e-02
cov**0.5/mean: 6.606e-02
cov**0.5/mean: 5.967e-02
cov**0.5/mean: 7.134e-02
cov**0.5/mean: 6.130e-02
cov**0.5/mean: 6.606e-02
cov**0.5/mean: 7.236e-02
cov**0.5/mean: 6.616e-02
cov**0.5/mean: 6.228e-02
cov**0.5/mean: 6.425e-02
cov**0.5/mean: 6.678e-02
cov**0.5/mean: 7.309e-02
cov**0.5/mean: 7.269e-02
cov**0.5/mean: 6.412e-02
cov**0.5/mean: 7.261e-02
cov**0.5/mean: 7.606e-02
cov**0.5/mean: 7.361e-02
cov**0.5/mean: 8.534e-02
cov**0.5/mean: 7.163e-02
cov**0.5/mean: 7.268e-02
cov**0.5/mean: 7.136e-02
cov**0.5/mean: 6.840e-02
cov**0.5/mean: 6.771e-02
cov**0.5/mean: 7.162e-02
cov**0.5/mean: 7.006e-02
cov**0.5/mean: 7.004e-02
cov**0.5/mean: 6.068e-02
cov**0.5/mean: 7.619e-02
cov**0.5/mean: 6.588e-02
cov**0.5/mean: nan
cov**0.5/mean: 7.227e-02
cov**0.5/mean: 7.043e-02
cov**0.5/mean: 6.129e-02
cov**0.5/mean: 7.118e-02
cov**0.5/mean: nan
cov**0.5/mean: 6.035e-02
cov**0.5/mean: 7.101e-02
cov**0.5/mean: 7.213e-02
cov**0.5/mean: 7.124e-02
cov**0.5/mean: 6.773e-02
cov**0.5/mean: 6.927e-02
cov**0.5/mean: 6.839e-02
cov**0.5/mean: 7.004e-02
cov**0.5/mean: 6.581e-02
cov**0.5/mean: 6.336e-02
cov**0.5/mean: 6.810e-02
cov**0.5/mean: 7.215e-02
cov**0.5/mean: 5.636e-02
cov**0.5/mean: 6.955e-02
cov**0.5/mean: 6.345e-02
cov**0.5/mean: 6.938e-02
cov**0.5/mean: 7.429e-02
cov**0.5/mean: 7.027e-02
cov**0.5/mean: 7.135e-02
cov**0.5/mean: 7.117e-02
cov**0.5/mean: 6.735e-02
cov**0.5/mean: 7.073e-02
cov**0.5/mean: 6.987e-02
cov**0.5/mean: 6.948e-02
cov**0.5/mean: 7.149e-02
cov**0.5/mean: 7.252e-02
cov**0.5/mean: 7.200e-02
cov**0.5/mean: 7.246e-02
cov**0.5/mean: 6.508e-02
cov**0.5/mean: nan
cov**0.5/mean: 7.136e-02
cov**0.5/mean: 6.699e-02
cov**0.5/mean: 6.863e-02
cov**0.5/mean: 6.703e-02
cov**0.5/mean: 6.374e-02
cov**0.5/mean: 6.176e-02
cov**0.5/mean: 7.163e-02
cov**0.5/mean: 7.040e-02
cov**0.5/mean: 6.344e-02
cov**0.5/mean: 7.236e-02
cov**0.5/mean: 7.184e-02
cov**0.5/mean: 6.523e-02
cov**0.5/mean: 6.167e-02
cov**0.5/mean: 6.468e-02
cov**0.5/mean: 7.112e-02
cov**0.5/mean: 5.969e-02
cov**0.5/mean: 7.094e-02
cov**0.5/mean: 6.636e-02
cov**0.5/mean: 6.306e-02
cov**0.5/mean: 6.281e-02
cov**0.5/mean: 6.914e-02
cov**0.5/mean: 6.482e-02
cov**0.5/mean: 6.449e-02
cov**0.5/mean: 7.011e-02
cov**0.5/mean: 7.198e-02
cov**0.5/mean: 7.436e-02
cov**0.5/mean: 7.510e-02
cov**0.5/mean: 6.990e-02
cov**0.5/mean: 7.124e-02
cov**0.5/mean: 7.185e-02
cov**0.5/mean: 6.760e-02
cov**0.5/mean: 6.685e-02
cov**0.5/mean: 6.120e-02
cov**0.5/mean: 6.917e-02
cov**0.5/mean: 6.548e-02
cov**0.5/mean: 6.984e-02
cov**0.5/mean: 7.072e-02
cov**0.5/mean: 5.889e-02
cov**0.5/mean: nan
cov**0.5/mean: 7.173e-02
cov**0.5/mean: 7.284e-02
cov**0.5/mean: 7.561e-02
cov**0.5/mean: 7.230e-02
cov**0.5/mean: 7.032e-02
cov**0.5/mean: 7.450e-02
cov**0.5/mean: 6.205e-02
cov**0.5/mean: 7.043e-02
cov**0.5/mean: 5.850e-02
cov**0.5/mean: 7.072e-02
cov**0.5/mean: 6.776e-02
cov**0.5/mean: 7.043e-02
cov**0.5/mean: 7.377e-02
cov**0.5/mean: 7.253e-02
cov**0.5/mean: 7.138e-02
cov**0.5/mean: 7.283e-02
cov**0.5/mean: 6.934e-02
cov**0.5/mean: 7.358e-02
cov**0.5/mean: 7.526e-02
cov**0.5/mean: 6.379e-02
cov**0.5/mean: 7.149e-02
cov**0.5/mean: 7.244e-02
cov**0.5/mean: 6.983e-02
cov**0.5/mean: 7.236e-02
cov**0.5/mean: 7.551e-02
cov**0.5/mean: 6.411e-02
cov**0.5/mean: 7.168e-02
cov**0.5/mean: 7.398e-02
cov**0.5/mean: 6.320e-02
cov**0.5/mean: 6.650e-02
cov**0.5/mean: 6.224e-02
cov**0.5/mean: 6.246e-02
cov**0.5/mean: 6.217e-02
cov**0.5/mean: 6.273e-02
cov**0.5/mean: nan
cov**0.5/mean: 6.365e-02
cov**0.5/mean: 7.277e-02
cov**0.5/mean: 7.378e-02
cov**0.5/mean: 7.127e-02
cov**0.5/mean: 7.025e-02
cov**0.5/mean: 7.262e-02
cov**0.5/mean: 6.242e-02
cov**0.5/mean: 6.673e-02
cov**0.5/mean: 6.412e-02
cov**0.5/mean: 6.604e-02
cov**0.5/mean: 6.731e-02
cov**0.5/mean: 6.479e-02
cov**0.5/mean: 7.067e-02
cov**0.5/mean: 7.476e-02
cov**0.5/mean: 7.391e-02
cov**0.5/mean: 7.447e-02
cov**0.5/mean: 7.138e-02
cov**0.5/mean: 6.469e-02
cov**0.5/mean: 6.471e-02
cov**0.5/mean: 6.309e-02
cov**0.5/mean: nan
cov**0.5/mean: 6.331e-02
cov**0.5/mean: 6.751e-02
cov**0.5/mean: 5.678e-02
cov**0.5/mean: 6.503e-02
cov**0.5/mean: 6.082e-02
cov**0.5/mean: 6.472e-02
cov**0.5/mean: nan
cov**0.5/mean: 6.344e-02
cov**0.5/mean: 6.217e-02
cov**0.5/mean: 6.258e-02
cov**0.5/mean: 6.364e-02
cov**0.5/mean: 6.204e-02
cov**0.5/mean: 6.653e-02
cov**0.5/mean: 6.851e-02
cov**0.5/mean: nan
cov**0.5/mean: 6.695e-02
cov**0.5/mean: 7.428e-02
cov**0.5/mean: 7.197e-02
cov**0.5/mean: 6.796e-02
cov**0.5/mean: 6.324e-02
cov**0.5/mean: 6.409e-02
cov**0.5/mean: 6.861e-02
cov**0.5/mean: 7.199e-02
cov**0.5/mean: 6.410e-02
cov**0.5/mean: nan
cov**0.5/mean: 6.528e-02
cov**0.5/mean: 7.217e-02
cov**0.5/mean: 6.922e-02
cov**0.5/mean: 6.882e-02
cov**0.5/mean: 7.181e-02
cov**0.5/mean: 7.549e-02
cov**0.5/mean: 7.179e-02
cov**0.5/mean: 7.119e-02
cov**0.5/mean: 7.526e-02
cov**0.5/mean: 6.491e-02
cov**0.5/mean: 6.050e-02
cov**0.5/mean: nan
cov**0.5/mean: 6.416e-02
cov**0.5/mean: 7.063e-02
cov**0.5/mean: 7.290e-02
cov**0.5/mean: 7.353e-02
cov**0.5/mean: 7.009e-02
cov**0.5/mean: 7.112e-02
cov**0.5/mean: 6.144e-02
cov**0.5/mean: 7.505e-02
cov**0.5/mean: 7.623e-02
cov**0.5/mean: 7.551e-02
cov**0.5/mean: 7.061e-02
cov**0.5/mean: 7.604e-02
cov**0.5/mean: nan
cov**0.5/mean: 6.887e-02
cov**0.5/mean: 7.302e-02
cov**0.5/mean: 7.133e-02
cov**0.5/mean: 7.258e-02
cov**0.5/mean: 6.779e-02
cov**0.5/mean: 7.461e-02
cov**0.5/mean: 7.365e-02
cov**0.5/mean: 7.056e-02
cov**0.5/mean: 6.877e-02
cov**0.5/mean: 6.283e-02
cov**0.5/mean: 6.855e-02
cov**0.5/mean: 6.649e-02
cov**0.5/mean: 6.031e-02
cov**0.5/mean: 6.626e-02
cov**0.5/mean: 5.973e-02
cov**0.5/mean: 6.154e-02
cov**0.5/mean: 7.215e-02
cov**0.5/mean: 6.629e-02
cov**0.5/mean: 7.162e-02
cov**0.5/mean: 7.444e-02
cov**0.5/mean: 6.632e-02
cov**0.5/mean: 6.892e-02
cov**0.5/mean: 6.177e-02
cov**0.5/mean: 6.603e-02
cov**0.5/mean: 7.111e-02
cov**0.5/mean: 6.336e-02
cov**0.5/mean: 5.958e-02
cov**0.5/mean: 6.122e-02
cov**0.5/mean: 6.270e-02
cov**0.5/mean: 5.859e-02
cov**0.5/mean: 5.711e-02
cov**0.5/mean: 6.419e-02
cov**0.5/mean: 6.642e-02
cov**0.5/mean: 6.438e-02
cov**0.5/mean: nan
cov**0.5/mean: 7.407e-02
cov**0.5/mean: 6.391e-02
cov**0.5/mean: 5.911e-02
cov**0.5/mean: 5.917e-02
cov**0.5/mean: 6.437e-02
cov**0.5/mean: 6.480e-02
cov**0.5/mean: 6.082e-02
cov**0.5/mean: 6.406e-02
cov**0.5/mean: 6.994e-02
cov**0.5/mean: 6.184e-02
cov**0.5/mean: 6.097e-02
cov**0.5/mean: 6.540e-02
cov**0.5/mean: 6.336e-02
cov**0.5/mean: 7.321e-02
cov**0.5/mean: 6.190e-02
cov**0.5/mean: 6.705e-02
cov**0.5/mean: 7.300e-02
cov**0.5/mean: 6.967e-02
cov**0.5/mean: 7.469e-02
cov**0.5/mean: nan
cov**0.5/mean: 6.317e-02
cov**0.5/mean: 6.258e-02
cov**0.5/mean: 6.913e-02
cov**0.5/mean: 7.154e-02
cov**0.5/mean: 7.585e-02
cov**0.5/mean: 6.222e-02
cov**0.5/mean: 6.873e-02
cov**0.5/mean: 7.653e-02
cov**0.5/mean: 6.995e-02
cov**0.5/mean: 6.799e-02
cov**0.5/mean: 6.745e-02
cov**0.5/mean: 7.442e-02
cov**0.5/mean: 7.331e-02
cov**0.5/mean: 6.353e-02
cov**0.5/mean: 6.917e-02
cov**0.5/mean: 7.095e-02
cov**0.5/mean: 6.435e-02
cov**0.5/mean: 6.349e-02
cov**0.5/mean: 6.285e-02
cov**0.5/mean: 6.145e-02
cov**0.5/mean: 6.225e-02
cov**0.5/mean: nan
cov**0.5/mean: 5.944e-02
cov**0.5/mean: 6.071e-02
cov**0.5/mean: nan
cov**0.5/mean: nan
cov**0.5/mean: 6.370e-02
cov**0.5/mean: 6.409e-02
cov**0.5/mean: 5.732e-02
cov**0.5/mean: 6.026e-02
cov**0.5/mean: nan
cov**0.5/mean: 7.250e-02
cov**0.5/mean: 6.543e-02
cov**0.5/mean: 6.719e-02
cov**0.5/mean: 6.722e-02
cov**0.5/mean: 6.942e-02
cov**0.5/mean: 7.352e-02
cov**0.5/mean: 7.530e-02
cov**0.5/mean: 6.859e-02
cov**0.5/mean: 7.461e-02
cov**0.5/mean: 7.434e-02
cov**0.5/mean: 7.453e-02
cov**0.5/mean: 7.106e-02
cov**0.5/mean: 7.265e-02
cov**0.5/mean: 7.501e-02
cov**0.5/mean: 6.989e-02
cov**0.5/mean: 7.393e-02
cov**0.5/mean: 7.264e-02
cov**0.5/mean: 7.181e-02
cov**0.5/mean: 5.911e-02
cov**0.5/mean: nan
cov**0.5/mean: 6.932e-02
cov**0.5/mean: 6.386e-02
cov**0.5/mean: 5.970e-02
cov**0.5/mean: 7.408e-02
cov**0.5/mean: 7.349e-02
cov**0.5/mean: 7.047e-02
cov**0.5/mean: 7.283e-02
cov**0.5/mean: 7.353e-02
cov**0.5/mean: 6.892e-02
cov**0.5/mean: 6.773e-02
cov**0.5/mean: 6.999e-02
cov**0.5/mean: 6.999e-02
cov**0.5/mean: 6.975e-02
cov**0.5/mean: 7.035e-02
cov**0.5/mean: nan
cov**0.5/mean: nan
cov**0.5/mean: 6.166e-02
cov**0.5/mean: 7.099e-02
cov**0.5/mean: 7.000e-02
cov**0.5/mean: 7.043e-02
cov**0.5/mean: 6.837e-02
cov**0.5/mean: 7.475e-02
cov**0.5/mean: 7.178e-02
cov**0.5/mean: 7.141e-02
cov**0.5/mean: 7.235e-02
cov**0.5/mean: 7.571e-02
cov**0.5/mean: nan
cov**0.5/mean: 7.214e-02
cov**0.5/mean: 6.558e-02
cov**0.5/mean: 6.824e-02
cov**0.5/mean: 6.336e-02
cov**0.5/mean: 6.889e-02
cov**0.5/mean: 5.873e-02
cov**0.5/mean: 6.204e-02
cov**0.5/mean: 6.172e-02
cov**0.5/mean: 6.064e-02
cov**0.5/mean: 6.136e-02
cov**0.5/mean: 7.738e-02
cov**0.5/mean: 6.912e-02
cov**0.5/mean: 6.880e-02
cov**0.5/mean: 7.206e-02
cov**0.5/mean: 7.231e-02
cov**0.5/mean: 6.899e-02
cov**0.5/mean: 7.712e-02
cov**0.5/mean: 7.262e-02
cov**0.5/mean: 7.460e-02
cov**0.5/mean: 7.195e-02
cov**0.5/mean: 7.034e-02
cov**0.5/mean: 6.267e-02
cov**0.5/mean: nan
cov**0.5/mean: 5.978e-02
cov**0.5/mean: 6.154e-02
cov**0.5/mean: 5.903e-02
cov**0.5/mean: nan
cov**0.5/mean: 5.711e-02
cov**0.5/mean: 6.815e-02
cov**0.5/mean: 6.124e-02
cov**0.5/mean: 6.473e-02
cov**0.5/mean: 6.423e-02
cov**0.5/mean: 6.345e-02
cov**0.5/mean: nan
cov**0.5/mean: 6.305e-02
cov**0.5/mean: nan
cov**0.5/mean: 6.355e-02
cov**0.5/mean: 7.287e-02
cov**0.5/mean: 6.845e-02
cov**0.5/mean: 6.303e-02
cov**0.5/mean: 6.051e-02
cov**0.5/mean: 6.445e-02
cov**0.5/mean: 6.879e-02
cov**0.5/mean: 7.220e-02
cov**0.5/mean: 6.899e-02
cov**0.5/mean: nan
cov**0.5/mean: 6.597e-02
cov**0.5/mean: 7.487e-02
cov**0.5/mean: 7.053e-02
cov**0.5/mean: 6.053e-02
cov**0.5/mean: 7.448e-02
cov**0.5/mean: 7.409e-02
cov**0.5/mean: 7.651e-02
cov**0.5/mean: 6.369e-02
cov**0.5/mean: 7.329e-02
cov**0.5/mean: 7.468e-02
cov**0.5/mean: 7.752e-02
cov**0.5/mean: 7.872e-02
cov**0.5/mean: 7.108e-02
cov**0.5/mean: 7.050e-02
cov**0.5/mean: 7.547e-02
cov**0.5/mean: 7.089e-02
cov**0.5/mean: 8.294e-02
cov**0.5/mean: 7.031e-02
cov**0.5/mean: 6.860e-02
cov**0.5/mean: 7.415e-02
cov**0.5/mean: 6.471e-02
cov**0.5/mean: 6.430e-02
cov**0.5/mean: 6.630e-02
cov**0.5/mean: 6.287e-02
cov**0.5/mean: 5.958e-02
cov**0.5/mean: 6.645e-02
cov**0.5/mean: 7.305e-02
cov**0.5/mean: nan
cov**0.5/mean: 7.316e-02
cov**0.5/mean: 6.456e-02
cov**0.5/mean: 6.275e-02
cov**0.5/mean: 6.362e-02
cov**0.5/mean: 6.664e-02
cov**0.5/mean: 6.791e-02
cov**0.5/mean: 7.489e-02
cov**0.5/mean: nan
cov**0.5/mean: 6.547e-02
cov**0.5/mean: 7.062e-02
cov**0.5/mean: 7.094e-02
cov**0.5/mean: 6.135e-02
cov**0.5/mean: 7.419e-02
cov**0.5/mean: 6.205e-02
cov**0.5/mean: 5.984e-02
cov**0.5/mean: 6.116e-02
cov**0.5/mean: 6.423e-02
cov**0.5/mean: 6.035e-02
cov**0.5/mean: 7.304e-02
cov**0.5/mean: 6.384e-02
cov**0.5/mean: 6.637e-02
cov**0.5/mean: 6.358e-02
cov**0.5/mean: 6.258e-02
cov**0.5/mean: 6.668e-02
cov**0.5/mean: 6.282e-02
cov**0.5/mean: 5.773e-02
cov**0.5/mean: 6.263e-02
cov**0.5/mean: 6.992e-02
cov**0.5/mean: 6.409e-02
cov**0.5/mean: nan
cov**0.5/mean: 6.341e-02
cov**0.5/mean: 5.997e-02
cov**0.5/mean: 5.640e-02
cov**0.5/mean: 5.586e-02
cov**0.5/mean: 6.352e-02
cov**0.5/mean: 6.125e-02
cov**0.5/mean: nan
cov**0.5/mean: 6.176e-02
cov**0.5/mean: 7.386e-02
cov**0.5/mean: 6.779e-02
cov**0.5/mean: 6.423e-02
cov**0.5/mean: 5.826e-02
cov**0.5/mean: 6.284e-02
cov**0.5/mean: 5.895e-02
cov**0.5/mean: 6.760e-02
cov**0.5/mean: 6.910e-02
cov**0.5/mean: 6.455e-02
cov**0.5/mean: 6.355e-02
cov**0.5/mean: 5.734e-02
cov**0.5/mean: 5.653e-02
cov**0.5/mean: 6.516e-02
cov**0.5/mean: 6.522e-02
cov**0.5/mean: 6.434e-02
cov**0.5/mean: 6.511e-02
cov**0.5/mean: 6.191e-02
cov**0.5/mean: 6.387e-02
cov**0.5/mean: 7.047e-02
cov**0.5/mean: nan
cov**0.5/mean: 6.278e-02
cov**0.5/mean: 6.371e-02
cov**0.5/mean: 7.240e-02
cov**0.5/mean: 6.610e-02
cov**0.5/mean: 6.698e-02
cov**0.5/mean: 7.041e-02
cov**0.5/mean: 7.000e-02
cov**0.5/mean: 7.250e-02
cov**0.5/mean: 6.578e-02
cov**0.5/mean: 8.305e-02
cov**0.5/mean: 6.986e-02
cov**0.5/mean: 7.291e-02
cov**0.5/mean: 7.889e-02
cov**0.5/mean: 7.159e-02
cov**0.5/mean: 6.670e-02
cov**0.5/mean: 7.317e-02
cov**0.5/mean: 6.941e-02
cov**0.5/mean: 6.230e-02
cov**0.5/mean: 7.412e-02
cov**0.5/mean: 6.963e-02
cov**0.5/mean: 6.921e-02
cov**0.5/mean: 6.883e-02
cov**0.5/mean: 6.133e-02
cov**0.5/mean: 7.708e-02
cov**0.5/mean: 6.443e-02
cov**0.5/mean: 7.249e-02
cov**0.5/mean: 7.202e-02
cov**0.5/mean: 7.616e-02
cov**0.5/mean: 6.996e-02
cov**0.5/mean: 6.186e-02
cov**0.5/mean: 7.201e-02
cov**0.5/mean: 7.413e-02
cov**0.5/mean: 6.869e-02
cov**0.5/mean: 7.086e-02
cov**0.5/mean: 7.220e-02
cov**0.5/mean: 7.195e-02
cov**0.5/mean: 6.526e-02
cov**0.5/mean: 6.430e-02
cov**0.5/mean: 7.251e-02
cov**0.5/mean: 6.444e-02
cov**0.5/mean: 6.391e-02
cov**0.5/mean: 7.231e-02
cov**0.5/mean: 7.256e-02
cov**0.5/mean: 7.062e-02
cov**0.5/mean: 7.133e-02
cov**0.5/mean: 7.263e-02
cov**0.5/mean: 7.434e-02
cov**0.5/mean: 7.215e-02
cov**0.5/mean: 7.329e-02
cov**0.5/mean: 7.101e-02
cov**0.5/mean: nan
cov**0.5/mean: 7.260e-02
cov**0.5/mean: 6.475e-02
cov**0.5/mean: 6.428e-02
cov**0.5/mean: 6.426e-02
cov**0.5/mean: 7.318e-02
cov**0.5/mean: 6.472e-02
cov**0.5/mean: 6.679e-02
cov**0.5/mean: 6.731e-02
cov**0.5/mean: 6.387e-02
cov**0.5/mean: 5.983e-02
cov**0.5/mean: 6.715e-02
cov**0.5/mean: 6.273e-02
cov**0.5/mean: nan
cov**0.5/mean: 6.305e-02
cov**0.5/mean: 6.596e-02
cov**0.5/mean: 6.494e-02
cov**0.5/mean: 6.431e-02
cov**0.5/mean: 6.312e-02
cov**0.5/mean: 6.863e-02
cov**0.5/mean: 7.401e-02
cov**0.5/mean: 7.403e-02
cov**0.5/mean: 7.320e-02
cov**0.5/mean: 7.212e-02
cov**0.5/mean: 7.186e-02
cov**0.5/mean: 6.031e-02
cov**0.5/mean: 7.165e-02
cov**0.5/mean: 7.701e-02
cov**0.5/mean: 7.463e-02
cov**0.5/mean: 6.742e-02
cov**0.5/mean: 7.033e-02
cov**0.5/mean: 7.133e-02
cov**0.5/mean: 6.815e-02
cov**0.5/mean: 6.394e-02
cov**0.5/mean: 7.207e-02
cov**0.5/mean: 6.239e-02
cov**0.5/mean: 5.970e-02
cov**0.5/mean: 6.714e-02
cov**0.5/mean: 6.037e-02
cov**0.5/mean: 5.891e-02
cov**0.5/mean: 6.412e-02
cov**0.5/mean: 6.315e-02
cov**0.5/mean: 6.580e-02
cov**0.5/mean: 7.165e-02
cov**0.5/mean: 7.462e-02
cov**0.5/mean: 6.916e-02
cov**0.5/mean: 7.255e-02
cov**0.5/mean: 7.224e-02
cov**0.5/mean: 7.317e-02
cov**0.5/mean: 7.133e-02
cov**0.5/mean: 6.844e-02
cov**0.5/mean: 6.656e-02
cov**0.5/mean: 7.029e-02
cov**0.5/mean: 7.415e-02
cov**0.5/mean: 6.636e-02
cov**0.5/mean: 6.593e-02
cov**0.5/mean: 7.200e-02
cov**0.5/mean: 7.293e-02
cov**0.5/mean: 6.298e-02
cov**0.5/mean: 6.578e-02
cov**0.5/mean: 6.481e-02
cov**0.5/mean: nan
cov**0.5/mean: 5.662e-02
cov**0.5/mean: nan
cov**0.5/mean: 6.244e-02
cov**0.5/mean: 6.504e-02
cov**0.5/mean: 6.512e-02
cov**0.5/mean: 7.422e-02
cov**0.5/mean: 6.121e-02
cov**0.5/mean: 6.343e-02
cov**0.5/mean: 6.240e-02
cov**0.5/mean: 7.190e-02
cov**0.5/mean: 6.856e-02
cov**0.5/mean: 6.895e-02
cov**0.5/mean: 6.776e-02
cov**0.5/mean: nan
cov**0.5/mean: 6.661e-02
cov**0.5/mean: 7.014e-02
cov**0.5/mean: 6.946e-02
cov**0.5/mean: 6.459e-02
cov**0.5/mean: 6.943e-02
cov**0.5/mean: 8.572e-02
cov**0.5/mean: 7.127e-02
cov**0.5/mean: 6.983e-02
cov**0.5/mean: 6.941e-02
cov**0.5/mean: 7.010e-02
cov**0.5/mean: 6.387e-02
cov**0.5/mean: 6.621e-02
cov**0.5/mean: 6.525e-02
cov**0.5/mean: 6.108e-02
cov**0.5/mean: 6.528e-02
cov**0.5/mean: 7.388e-02
cov**0.5/mean: nan
cov**0.5/mean: 7.211e-02
cov**0.5/mean: 6.893e-02
cov**0.5/mean: 6.975e-02
cov**0.5/mean: 6.286e-02
cov**0.5/mean: 5.975e-02
cov**0.5/mean: 6.676e-02
cov**0.5/mean: 7.454e-02
cov**0.5/mean: 7.090e-02
cov**0.5/mean: 6.907e-02
cov**0.5/mean: 6.906e-02
cov**0.5/mean: 6.411e-02
cov**0.5/mean: 6.077e-02
cov**0.5/mean: 7.405e-02
cov**0.5/mean: 7.645e-02
cov**0.5/mean: 6.819e-02
cov**0.5/mean: 6.884e-02
cov**0.5/mean: 7.153e-02
cov**0.5/mean: 6.450e-02
cov**0.5/mean: 7.048e-02
cov**0.5/mean: 7.194e-02
cov**0.5/mean: 6.395e-02
cov**0.5/mean: 6.316e-02
cov**0.5/mean: 7.412e-02
cov**0.5/mean: 7.061e-02
cov**0.5/mean: 6.125e-02
cov**0.5/mean: 6.379e-02
cov**0.5/mean: 6.837e-02
cov**0.5/mean: 6.650e-02
cov**0.5/mean: 6.434e-02
cov**0.5/mean: 6.392e-02
cov**0.5/mean: 6.434e-02
  Step 9000/10000, Time: 5.0s, Acceptance: nan
cov**0.5/mean: nan
cov**0.5/mean: 6.430e-02
cov**0.5/mean: nan
cov**0.5/mean: 7.176e-02
cov**0.5/mean: 7.368e-02
cov**0.5/mean: 7.069e-02
cov**0.5/mean: 6.683e-02
cov**0.5/mean: 7.132e-02
cov**0.5/mean: 7.053e-02
cov**0.5/mean: 7.384e-02
cov**0.5/mean: 7.515e-02
cov**0.5/mean: 6.830e-02
cov**0.5/mean: 6.795e-02
cov**0.5/mean: 6.489e-02
cov**0.5/mean: 6.841e-02
cov**0.5/mean: 7.233e-02
cov**0.5/mean: 6.786e-02
cov**0.5/mean: 7.120e-02
cov**0.5/mean: 6.965e-02
cov**0.5/mean: 7.179e-02
cov**0.5/mean: 7.276e-02
cov**0.5/mean: 7.603e-02
cov**0.5/mean: 8.225e-02
cov**0.5/mean: 7.149e-02
cov**0.5/mean: 7.643e-02
cov**0.5/mean: 7.342e-02
cov**0.5/mean: 7.443e-02
cov**0.5/mean: 8.041e-02
cov**0.5/mean: 7.412e-02
cov**0.5/mean: 7.094e-02
cov**0.5/mean: 7.437e-02
cov**0.5/mean: 7.528e-02
cov**0.5/mean: 7.223e-02
cov**0.5/mean: 7.367e-02
cov**0.5/mean: 7.486e-02
cov**0.5/mean: 6.969e-02
cov**0.5/mean: 6.491e-02
cov**0.5/mean: 7.836e-02
cov**0.5/mean: 6.402e-02
cov**0.5/mean: 6.451e-02
cov**0.5/mean: 7.025e-02
cov**0.5/mean: 6.417e-02
cov**0.5/mean: 6.148e-02
cov**0.5/mean: 6.333e-02
cov**0.5/mean: 6.996e-02
cov**0.5/mean: nan
cov**0.5/mean: 6.281e-02
cov**0.5/mean: 6.299e-02
cov**0.5/mean: nan
cov**0.5/mean: 6.790e-02
cov**0.5/mean: 6.417e-02
cov**0.5/mean: 6.478e-02
cov**0.5/mean: 6.192e-02
cov**0.5/mean: 6.245e-02
cov**0.5/mean: 7.054e-02
cov**0.5/mean: 7.022e-02
cov**0.5/mean: 5.826e-02
cov**0.5/mean: 7.242e-02
cov**0.5/mean: 6.310e-02
cov**0.5/mean: 6.296e-02
cov**0.5/mean: nan
cov**0.5/mean: 6.289e-02
cov**0.5/mean: nan
cov**0.5/mean: 6.471e-02
cov**0.5/mean: 5.962e-02
cov**0.5/mean: 6.442e-02
cov**0.5/mean: 6.407e-02
cov**0.5/mean: 6.215e-02
cov**0.5/mean: 6.336e-02
cov**0.5/mean: 7.748e-02
cov**0.5/mean: 7.912e-02
cov**0.5/mean: 7.001e-02
cov**0.5/mean: 6.503e-02
cov**0.5/mean: 6.549e-02
cov**0.5/mean: nan
cov**0.5/mean: 6.499e-02
cov**0.5/mean: 6.332e-02
cov**0.5/mean: 6.947e-02
cov**0.5/mean: 6.380e-02
cov**0.5/mean: 6.189e-02
cov**0.5/mean: 6.130e-02
cov**0.5/mean: 6.484e-02
cov**0.5/mean: 6.753e-02
cov**0.5/mean: 6.183e-02
cov**0.5/mean: 6.749e-02
cov**0.5/mean: 6.120e-02
cov**0.5/mean: 7.405e-02
cov**0.5/mean: nan
cov**0.5/mean: 6.454e-02
cov**0.5/mean: 6.853e-02
cov**0.5/mean: 6.802e-02
cov**0.5/mean: 5.988e-02
cov**0.5/mean: 5.823e-02
cov**0.5/mean: 7.318e-02
cov**0.5/mean: 7.132e-02
cov**0.5/mean: 7.241e-02
cov**0.5/mean: 6.703e-02
cov**0.5/mean: 6.457e-02
cov**0.5/mean: 6.924e-02
cov**0.5/mean: nan
cov**0.5/mean: 7.391e-02
cov**0.5/mean: 6.970e-02
cov**0.5/mean: nan
cov**0.5/mean: 7.521e-02
cov**0.5/mean: 7.143e-02
cov**0.5/mean: 6.599e-02
cov**0.5/mean: 6.861e-02
cov**0.5/mean: 6.663e-02
cov**0.5/mean: 6.760e-02
cov**0.5/mean: 5.970e-02
cov**0.5/mean: 6.055e-02
cov**0.5/mean: 6.509e-02
cov**0.5/mean: nan
cov**0.5/mean: 6.033e-02
cov**0.5/mean: nan
cov**0.5/mean: 7.090e-02
cov**0.5/mean: 6.761e-02
cov**0.5/mean: nan
cov**0.5/mean: 6.459e-02
cov**0.5/mean: 6.731e-02
cov**0.5/mean: 6.226e-02
cov**0.5/mean: 6.286e-02
cov**0.5/mean: 6.279e-02
cov**0.5/mean: 7.263e-02
cov**0.5/mean: 7.072e-02
cov**0.5/mean: 7.210e-02
cov**0.5/mean: 6.920e-02
cov**0.5/mean: 6.488e-02
cov**0.5/mean: 6.926e-02
cov**0.5/mean: 7.171e-02
cov**0.5/mean: 6.500e-02
cov**0.5/mean: 6.007e-02
cov**0.5/mean: 7.119e-02
cov**0.5/mean: 6.401e-02
cov**0.5/mean: 6.354e-02
cov**0.5/mean: 6.519e-02
cov**0.5/mean: 6.482e-02
cov**0.5/mean: 7.533e-02
cov**0.5/mean: 7.512e-02
cov**0.5/mean: 6.211e-02
cov**0.5/mean: 7.491e-02
cov**0.5/mean: 6.432e-02
cov**0.5/mean: 6.306e-02
cov**0.5/mean: 6.276e-02
cov**0.5/mean: 6.436e-02
cov**0.5/mean: 6.190e-02
cov**0.5/mean: nan
cov**0.5/mean: 7.189e-02
cov**0.5/mean: nan
cov**0.5/mean: 6.200e-02
cov**0.5/mean: 6.247e-02
cov**0.5/mean: 6.195e-02
cov**0.5/mean: 6.311e-02
cov**0.5/mean: 6.652e-02
cov**0.5/mean: 7.286e-02
cov**0.5/mean: 7.630e-02
cov**0.5/mean: 6.268e-02
cov**0.5/mean: 6.383e-02
cov**0.5/mean: 6.582e-02
cov**0.5/mean: 6.696e-02
cov**0.5/mean: 7.410e-02
cov**0.5/mean: 6.829e-02
cov**0.5/mean: 7.282e-02
cov**0.5/mean: 7.335e-02
cov**0.5/mean: 6.892e-02
cov**0.5/mean: 7.495e-02
cov**0.5/mean: 6.989e-02
cov**0.5/mean: 7.129e-02
cov**0.5/mean: 6.915e-02
cov**0.5/mean: 7.243e-02
cov**0.5/mean: 7.304e-02
cov**0.5/mean: 6.828e-02
cov**0.5/mean: 5.919e-02
cov**0.5/mean: nan
cov**0.5/mean: nan
cov**0.5/mean: nan
cov**0.5/mean: nan
cov**0.5/mean: 6.008e-02
cov**0.5/mean: 6.948e-02
cov**0.5/mean: nan
cov**0.5/mean: 6.489e-02
cov**0.5/mean: 7.385e-02
cov**0.5/mean: 6.300e-02
cov**0.5/mean: 6.505e-02
cov**0.5/mean: nan
cov**0.5/mean: 6.248e-02
cov**0.5/mean: nan
cov**0.5/mean: nan
cov**0.5/mean: 7.297e-02
cov**0.5/mean: 7.183e-02
cov**0.5/mean: 7.451e-02
cov**0.5/mean: 7.177e-02
cov**0.5/mean: nan
cov**0.5/mean: 7.108e-02
cov**0.5/mean: 7.028e-02
cov**0.5/mean: 7.225e-02
cov**0.5/mean: 6.922e-02
cov**0.5/mean: 6.343e-02
cov**0.5/mean: 7.333e-02
cov**0.5/mean: 7.231e-02
cov**0.5/mean: 7.150e-02
cov**0.5/mean: 6.102e-02
cov**0.5/mean: 7.313e-02
cov**0.5/mean: 7.007e-02
cov**0.5/mean: 7.169e-02
cov**0.5/mean: 7.715e-02
cov**0.5/mean: 6.811e-02
cov**0.5/mean: 7.350e-02
cov**0.5/mean: 7.332e-02
cov**0.5/mean: 7.540e-02
cov**0.5/mean: 7.110e-02
cov**0.5/mean: 7.221e-02
cov**0.5/mean: 7.378e-02
cov**0.5/mean: 7.262e-02
cov**0.5/mean: 6.681e-02
cov**0.5/mean: 6.697e-02
cov**0.5/mean: 6.929e-02
cov**0.5/mean: 7.221e-02
cov**0.5/mean: 7.152e-02
cov**0.5/mean: 6.141e-02
cov**0.5/mean: 6.458e-02
cov**0.5/mean: 6.258e-02
cov**0.5/mean: 6.354e-02
cov**0.5/mean: nan
cov**0.5/mean: 5.719e-02
cov**0.5/mean: 6.141e-02
cov**0.5/mean: 6.235e-02
cov**0.5/mean: 7.255e-02
cov**0.5/mean: 6.874e-02
cov**0.5/mean: nan
cov**0.5/mean: 7.131e-02
cov**0.5/mean: 6.386e-02
cov**0.5/mean: 6.079e-02
cov**0.5/mean: nan
cov**0.5/mean: 5.810e-02
cov**0.5/mean: 6.409e-02
cov**0.5/mean: 6.448e-02
cov**0.5/mean: 6.301e-02
cov**0.5/mean: 7.219e-02
cov**0.5/mean: 6.587e-02
cov**0.5/mean: 6.732e-02
cov**0.5/mean: 6.392e-02
cov**0.5/mean: 6.481e-02
cov**0.5/mean: 7.356e-02
cov**0.5/mean: 6.182e-02
cov**0.5/mean: 6.277e-02
cov**0.5/mean: 5.681e-02
cov**0.5/mean: 6.216e-02
cov**0.5/mean: 5.965e-02
cov**0.5/mean: 6.400e-02
cov**0.5/mean: 6.560e-02
cov**0.5/mean: 6.954e-02
cov**0.5/mean: 6.227e-02
cov**0.5/mean: 6.598e-02
cov**0.5/mean: 6.034e-02
cov**0.5/mean: 6.076e-02
cov**0.5/mean: 5.699e-02
cov**0.5/mean: 6.467e-02
cov**0.5/mean: 6.232e-02
cov**0.5/mean: 6.475e-02
cov**0.5/mean: 6.924e-02
cov**0.5/mean: 7.119e-02
cov**0.5/mean: 7.234e-02
cov**0.5/mean: 6.896e-02
cov**0.5/mean: 6.410e-02
cov**0.5/mean: nan
cov**0.5/mean: 7.321e-02
cov**0.5/mean: 7.288e-02
cov**0.5/mean: 6.820e-02
cov**0.5/mean: 7.142e-02
cov**0.5/mean: 7.400e-02
cov**0.5/mean: 7.521e-02
cov**0.5/mean: 7.130e-02
cov**0.5/mean: 6.260e-02
cov**0.5/mean: nan
cov**0.5/mean: 6.723e-02
cov**0.5/mean: 6.050e-02
cov**0.5/mean: 7.139e-02
cov**0.5/mean: 7.114e-02
cov**0.5/mean: 7.210e-02
cov**0.5/mean: nan
cov**0.5/mean: 6.776e-02
cov**0.5/mean: 6.382e-02
cov**0.5/mean: 7.154e-02
cov**0.5/mean: 6.500e-02
cov**0.5/mean: 6.175e-02
cov**0.5/mean: 6.622e-02
cov**0.5/mean: 7.056e-02
cov**0.5/mean: 6.693e-02
cov**0.5/mean: 6.444e-02
cov**0.5/mean: 7.173e-02
cov**0.5/mean: 7.074e-02
cov**0.5/mean: 7.161e-02
cov**0.5/mean: nan
cov**0.5/mean: nan
cov**0.5/mean: 7.474e-02
cov**0.5/mean: 7.325e-02
cov**0.5/mean: 6.769e-02
cov**0.5/mean: 7.375e-02
cov**0.5/mean: 8.132e-02
cov**0.5/mean: 6.361e-02
cov**0.5/mean: 7.198e-02
cov**0.5/mean: 6.847e-02
cov**0.5/mean: 7.329e-02
cov**0.5/mean: 7.298e-02
cov**0.5/mean: 6.682e-02
cov**0.5/mean: 6.396e-02
cov**0.5/mean: 6.815e-02
cov**0.5/mean: 7.010e-02
cov**0.5/mean: 6.264e-02
cov**0.5/mean: 7.474e-02
cov**0.5/mean: 7.483e-02
cov**0.5/mean: nan
cov**0.5/mean: 7.332e-02
cov**0.5/mean: 7.091e-02
cov**0.5/mean: 5.963e-02
cov**0.5/mean: nan
cov**0.5/mean: 6.324e-02
cov**0.5/mean: 6.409e-02
cov**0.5/mean: 7.001e-02
cov**0.5/mean: 7.422e-02
cov**0.5/mean: 6.799e-02
cov**0.5/mean: 6.528e-02
cov**0.5/mean: nan
cov**0.5/mean: 6.542e-02
cov**0.5/mean: 7.121e-02
cov**0.5/mean: 7.082e-02
cov**0.5/mean: 7.302e-02
cov**0.5/mean: 6.276e-02
cov**0.5/mean: 6.260e-02
cov**0.5/mean: 7.519e-02
cov**0.5/mean: 6.373e-02
cov**0.5/mean: 6.225e-02
cov**0.5/mean: 7.178e-02
cov**0.5/mean: 6.189e-02
cov**0.5/mean: 6.840e-02
cov**0.5/mean: 6.099e-02
cov**0.5/mean: 6.091e-02
cov**0.5/mean: 6.949e-02
cov**0.5/mean: 5.856e-02
cov**0.5/mean: 7.028e-02
cov**0.5/mean: 6.177e-02
cov**0.5/mean: 7.057e-02
cov**0.5/mean: 6.989e-02
cov**0.5/mean: 7.177e-02
cov**0.5/mean: 7.129e-02
cov**0.5/mean: 6.983e-02
cov**0.5/mean: 7.334e-02
cov**0.5/mean: 6.458e-02
cov**0.5/mean: nan
cov**0.5/mean: 6.250e-02
cov**0.5/mean: 6.135e-02
cov**0.5/mean: 5.996e-02
cov**0.5/mean: 6.317e-02
cov**0.5/mean: 6.239e-02
cov**0.5/mean: 6.365e-02
cov**0.5/mean: nan
cov**0.5/mean: 6.262e-02
cov**0.5/mean: 6.207e-02
cov**0.5/mean: 6.303e-02
cov**0.5/mean: 6.157e-02
cov**0.5/mean: 6.411e-02
cov**0.5/mean: 5.737e-02
cov**0.5/mean: 6.400e-02
cov**0.5/mean: 6.104e-02
cov**0.5/mean: 6.295e-02
cov**0.5/mean: 6.539e-02
cov**0.5/mean: 5.926e-02
cov**0.5/mean: 6.244e-02
cov**0.5/mean: 5.835e-02
cov**0.5/mean: nan
cov**0.5/mean: 6.452e-02
cov**0.5/mean: 6.047e-02
cov**0.5/mean: 6.285e-02
cov**0.5/mean: 6.013e-02
cov**0.5/mean: 6.050e-02
cov**0.5/mean: 6.030e-02
cov**0.5/mean: 6.286e-02
cov**0.5/mean: 6.448e-02
cov**0.5/mean: 6.328e-02
cov**0.5/mean: 5.808e-02
cov**0.5/mean: 6.356e-02
cov**0.5/mean: 6.925e-02
cov**0.5/mean: 5.839e-02
cov**0.5/mean: 6.224e-02
cov**0.5/mean: 6.415e-02
cov**0.5/mean: 6.202e-02
cov**0.5/mean: nan
cov**0.5/mean: 7.182e-02
cov**0.5/mean: 6.443e-02
cov**0.5/mean: 7.251e-02
cov**0.5/mean: 7.558e-02
cov**0.5/mean: 7.188e-02
cov**0.5/mean: 7.424e-02
cov**0.5/mean: 6.883e-02
cov**0.5/mean: 7.517e-02
cov**0.5/mean: 6.911e-02
cov**0.5/mean: 6.498e-02
cov**0.5/mean: 7.310e-02
cov**0.5/mean: 6.340e-02
cov**0.5/mean: 6.219e-02
cov**0.5/mean: 6.419e-02
cov**0.5/mean: 6.298e-02
cov**0.5/mean: 6.409e-02
cov**0.5/mean: 5.739e-02
cov**0.5/mean: 6.389e-02
cov**0.5/mean: 5.498e-02
cov**0.5/mean: 7.182e-02
cov**0.5/mean: 6.668e-02
cov**0.5/mean: 6.476e-02
cov**0.5/mean: 7.010e-02
cov**0.5/mean: 6.569e-02
cov**0.5/mean: 6.604e-02
cov**0.5/mean: 6.822e-02
cov**0.5/mean: 6.170e-02
cov**0.5/mean: 6.422e-02
cov**0.5/mean: 6.668e-02
cov**0.5/mean: 7.004e-02
cov**0.5/mean: 7.029e-02
cov**0.5/mean: nan
cov**0.5/mean: 7.307e-02
cov**0.5/mean: nan
cov**0.5/mean: nan
cov**0.5/mean: 7.335e-02
cov**0.5/mean: 7.058e-02
cov**0.5/mean: 6.813e-02
cov**0.5/mean: 6.241e-02
cov**0.5/mean: 6.175e-02
cov**0.5/mean: 7.134e-02
cov**0.5/mean: nan
cov**0.5/mean: 6.873e-02
cov**0.5/mean: 7.064e-02
cov**0.5/mean: 6.271e-02
cov**0.5/mean: 6.087e-02
cov**0.5/mean: 6.136e-02
cov**0.5/mean: 6.466e-02
cov**0.5/mean: 5.898e-02
cov**0.5/mean: 6.188e-02
cov**0.5/mean: 6.807e-02
cov**0.5/mean: 7.497e-02
cov**0.5/mean: 7.173e-02
cov**0.5/mean: 7.070e-02
cov**0.5/mean: nan
cov**0.5/mean: 6.068e-02
cov**0.5/mean: 6.990e-02
cov**0.5/mean: 6.588e-02
cov**0.5/mean: 7.178e-02
cov**0.5/mean: 6.407e-02
cov**0.5/mean: 6.159e-02
cov**0.5/mean: 6.173e-02
cov**0.5/mean: 7.005e-02
cov**0.5/mean: 6.850e-02
cov**0.5/mean: nan
cov**0.5/mean: 7.255e-02
cov**0.5/mean: 7.175e-02
cov**0.5/mean: 7.143e-02
cov**0.5/mean: 6.997e-02
cov**0.5/mean: 6.404e-02
cov**0.5/mean: nan
cov**0.5/mean: 6.449e-02
cov**0.5/mean: 6.554e-02
cov**0.5/mean: 6.998e-02
cov**0.5/mean: 7.443e-02
cov**0.5/mean: 7.255e-02
cov**0.5/mean: 7.150e-02
cov**0.5/mean: 7.531e-02
cov**0.5/mean: 7.057e-02
cov**0.5/mean: 7.488e-02
cov**0.5/mean: 7.509e-02
cov**0.5/mean: 7.220e-02
cov**0.5/mean: 6.838e-02
cov**0.5/mean: 6.737e-02
cov**0.5/mean: 7.140e-02
cov**0.5/mean: 7.147e-02
cov**0.5/mean: 7.099e-02
cov**0.5/mean: 7.394e-02
cov**0.5/mean: 7.309e-02
cov**0.5/mean: 7.378e-02
cov**0.5/mean: 6.309e-02
cov**0.5/mean: 6.963e-02
cov**0.5/mean: 6.451e-02
cov**0.5/mean: 6.208e-02
cov**0.5/mean: 5.980e-02
cov**0.5/mean: 6.467e-02
cov**0.5/mean: 7.049e-02
cov**0.5/mean: 7.419e-02
cov**0.5/mean: 7.367e-02
cov**0.5/mean: 7.390e-02
cov**0.5/mean: 7.513e-02
cov**0.5/mean: 7.194e-02
cov**0.5/mean: 7.111e-02
cov**0.5/mean: 6.984e-02
cov**0.5/mean: 7.313e-02
cov**0.5/mean: 6.581e-02
cov**0.5/mean: 7.575e-02
cov**0.5/mean: 7.241e-02
cov**0.5/mean: 7.368e-02
cov**0.5/mean: 7.154e-02
cov**0.5/mean: 7.111e-02
cov**0.5/mean: 7.738e-02
cov**0.5/mean: 6.768e-02
cov**0.5/mean: 7.290e-02
cov**0.5/mean: 6.762e-02
cov**0.5/mean: 7.138e-02
cov**0.5/mean: nan
cov**0.5/mean: 6.895e-02
cov**0.5/mean: 6.825e-02
cov**0.5/mean: 6.421e-02
cov**0.5/mean: 6.480e-02
cov**0.5/mean: 6.794e-02
cov**0.5/mean: nan
cov**0.5/mean: 7.443e-02
cov**0.5/mean: 6.986e-02
cov**0.5/mean: 5.983e-02
cov**0.5/mean: 6.491e-02
cov**0.5/mean: 7.340e-02
cov**0.5/mean: 7.491e-02
cov**0.5/mean: 6.464e-02
cov**0.5/mean: 7.542e-02
cov**0.5/mean: 6.343e-02
cov**0.5/mean: nan
cov**0.5/mean: 7.075e-02
cov**0.5/mean: 6.059e-02
cov**0.5/mean: 6.756e-02
cov**0.5/mean: 7.349e-02
cov**0.5/mean: 6.465e-02
cov**0.5/mean: 6.658e-02
cov**0.5/mean: 6.402e-02
cov**0.5/mean: 6.494e-02
cov**0.5/mean: nan
cov**0.5/mean: 6.645e-02
cov**0.5/mean: 6.455e-02
cov**0.5/mean: 6.574e-02
cov**0.5/mean: 6.408e-02
cov**0.5/mean: 7.408e-02
cov**0.5/mean: nan
cov**0.5/mean: nan
cov**0.5/mean: 7.131e-02
cov**0.5/mean: 6.948e-02
cov**0.5/mean: 7.339e-02
cov**0.5/mean: 6.947e-02
cov**0.5/mean: 7.286e-02
cov**0.5/mean: 6.645e-02
cov**0.5/mean: 6.680e-02
cov**0.5/mean: 7.165e-02
cov**0.5/mean: 6.444e-02
cov**0.5/mean: 7.407e-02
cov**0.5/mean: 6.171e-02
cov**0.5/mean: 7.580e-02
cov**0.5/mean: 7.141e-02
cov**0.5/mean: 6.340e-02
cov**0.5/mean: nan
cov**0.5/mean: 6.590e-02
cov**0.5/mean: 7.158e-02
cov**0.5/mean: 6.827e-02
cov**0.5/mean: 7.487e-02
cov**0.5/mean: 6.357e-02
cov**0.5/mean: 6.694e-02
cov**0.5/mean: 7.626e-02
cov**0.5/mean: nan
cov**0.5/mean: 6.504e-02
cov**0.5/mean: 6.440e-02
cov**0.5/mean: 7.046e-02
cov**0.5/mean: 6.380e-02
cov**0.5/mean: 6.588e-02
cov**0.5/mean: 6.196e-02
cov**0.5/mean: 6.311e-02
cov**0.5/mean: nan
cov**0.5/mean: 5.999e-02
cov**0.5/mean: 6.403e-02
cov**0.5/mean: 6.501e-02
cov**0.5/mean: 6.341e-02
cov**0.5/mean: 6.354e-02
cov**0.5/mean: 6.324e-02
cov**0.5/mean: 6.359e-02
cov**0.5/mean: 6.372e-02
cov**0.5/mean: 5.989e-02
cov**0.5/mean: 6.309e-02
cov**0.5/mean: 6.430e-02
cov**0.5/mean: 5.955e-02
cov**0.5/mean: 5.810e-02
cov**0.5/mean: 6.199e-02
cov**0.5/mean: 6.148e-02
cov**0.5/mean: 5.963e-02
cov**0.5/mean: 6.342e-02
cov**0.5/mean: 5.987e-02
cov**0.5/mean: 6.364e-02
cov**0.5/mean: 5.690e-02
cov**0.5/mean: nan
cov**0.5/mean: nan
cov**0.5/mean: 6.893e-02
cov**0.5/mean: 6.128e-02
cov**0.5/mean: 6.488e-02
cov**0.5/mean: 6.077e-02
cov**0.5/mean: 6.705e-02
cov**0.5/mean: nan
cov**0.5/mean: 6.314e-02
cov**0.5/mean: 5.900e-02
cov**0.5/mean: 6.086e-02
cov**0.5/mean: 6.457e-02
cov**0.5/mean: 6.501e-02
cov**0.5/mean: 6.175e-02
cov**0.5/mean: 6.886e-02
cov**0.5/mean: 6.376e-02
cov**0.5/mean: 6.881e-02
cov**0.5/mean: 6.286e-02
cov**0.5/mean: 6.602e-02
cov**0.5/mean: 7.279e-02
cov**0.5/mean: 6.959e-02
cov**0.5/mean: 7.387e-02
cov**0.5/mean: 7.263e-02
cov**0.5/mean: 7.329e-02
cov**0.5/mean: 7.471e-02
cov**0.5/mean: 6.984e-02
cov**0.5/mean: 7.451e-02
cov**0.5/mean: 7.294e-02
cov**0.5/mean: 6.789e-02
cov**0.5/mean: 6.250e-02
cov**0.5/mean: 7.313e-02
cov**0.5/mean: 6.387e-02
cov**0.5/mean: 6.412e-02
cov**0.5/mean: nan
cov**0.5/mean: 6.170e-02
cov**0.5/mean: 6.466e-02
cov**0.5/mean: 6.022e-02
cov**0.5/mean: 6.446e-02
cov**0.5/mean: 6.934e-02
cov**0.5/mean: 7.179e-02
cov**0.5/mean: 6.828e-02
cov**0.5/mean: 6.605e-02
cov**0.5/mean: 7.138e-02
cov**0.5/mean: 6.514e-02
cov**0.5/mean: 7.226e-02
cov**0.5/mean: 7.136e-02
cov**0.5/mean: 6.108e-02
cov**0.5/mean: nan
cov**0.5/mean: 5.975e-02
cov**0.5/mean: 6.247e-02
cov**0.5/mean: 6.808e-02
cov**0.5/mean: 7.169e-02
cov**0.5/mean: 6.503e-02
cov**0.5/mean: 7.091e-02
cov**0.5/mean: 6.708e-02
cov**0.5/mean: 7.010e-02
cov**0.5/mean: 6.632e-02
cov**0.5/mean: 6.474e-02
cov**0.5/mean: 7.063e-02
cov**0.5/mean: 6.782e-02
cov**0.5/mean: 6.428e-02
cov**0.5/mean: 7.017e-02
cov**0.5/mean: 7.106e-02
cov**0.5/mean: 6.886e-02
cov**0.5/mean: 6.315e-02
cov**0.5/mean: 7.262e-02
cov**0.5/mean: 6.284e-02
cov**0.5/mean: 6.727e-02
cov**0.5/mean: 6.119e-02
cov**0.5/mean: nan
cov**0.5/mean: 6.113e-02
cov**0.5/mean: 6.002e-02
cov**0.5/mean: 6.900e-02
cov**0.5/mean: 6.796e-02
cov**0.5/mean: 6.511e-02
cov**0.5/mean: 6.397e-02
cov**0.5/mean: 6.352e-02
cov**0.5/mean: 7.206e-02
cov**0.5/mean: 7.304e-02
cov**0.5/mean: 6.938e-02
cov**0.5/mean: 7.094e-02
cov**0.5/mean: 7.307e-02
cov**0.5/mean: 6.893e-02
cov**0.5/mean: 7.072e-02
cov**0.5/mean: 7.083e-02
cov**0.5/mean: 6.349e-02
cov**0.5/mean: 6.416e-02
cov**0.5/mean: 6.585e-02
cov**0.5/mean: 7.749e-02
cov**0.5/mean: 6.192e-02
cov**0.5/mean: 6.829e-02
cov**0.5/mean: 7.103e-02
cov**0.5/mean: 6.826e-02
cov**0.5/mean: 6.581e-02
cov**0.5/mean: 6.877e-02
cov**0.5/mean: 6.360e-02
cov**0.5/mean: 6.255e-02
cov**0.5/mean: 6.145e-02
cov**0.5/mean: 6.227e-02
cov**0.5/mean: 6.252e-02
cov**0.5/mean: 5.861e-02
cov**0.5/mean: nan
cov**0.5/mean: 6.109e-02
cov**0.5/mean: 6.700e-02
cov**0.5/mean: 6.088e-02
cov**0.5/mean: 5.504e-02
cov**0.5/mean: 5.857e-02
cov**0.5/mean: 5.845e-02
cov**0.5/mean: nan
cov**0.5/mean: 6.245e-02
cov**0.5/mean: 6.099e-02
cov**0.5/mean: 5.776e-02
cov**0.5/mean: 5.984e-02
cov**0.5/mean: nan
cov**0.5/mean: 5.650e-02
cov**0.5/mean: 6.209e-02
cov**0.5/mean: nan
cov**0.5/mean: 6.363e-02
cov**0.5/mean: 6.490e-02
cov**0.5/mean: 6.403e-02
cov**0.5/mean: 6.156e-02
cov**0.5/mean: 6.951e-02
cov**0.5/mean: 6.412e-02
cov**0.5/mean: 6.394e-02
cov**0.5/mean: 5.501e-02
cov**0.5/mean: 6.728e-02
cov**0.5/mean: 6.503e-02
cov**0.5/mean: 6.523e-02
cov**0.5/mean: nan
cov**0.5/mean: 6.276e-02
cov**0.5/mean: 6.208e-02
cov**0.5/mean: 6.481e-02
cov**0.5/mean: 6.237e-02
cov**0.5/mean: 6.153e-02
cov**0.5/mean: 6.450e-02
cov**0.5/mean: 6.212e-02
cov**0.5/mean: nan
cov**0.5/mean: 6.675e-02
cov**0.5/mean: 7.047e-02
cov**0.5/mean: 6.861e-02
cov**0.5/mean: 7.230e-02
cov**0.5/mean: nan
cov**0.5/mean: nan
cov**0.5/mean: 5.956e-02
cov**0.5/mean: 6.192e-02
cov**0.5/mean: 6.296e-02
cov**0.5/mean: 6.268e-02
cov**0.5/mean: 6.493e-02
cov**0.5/mean: 6.472e-02
cov**0.5/mean: 7.172e-02
cov**0.5/mean: 7.146e-02
cov**0.5/mean: 7.348e-02
cov**0.5/mean: 7.424e-02
cov**0.5/mean: 7.205e-02
cov**0.5/mean: 6.633e-02
cov**0.5/mean: 7.041e-02
cov**0.5/mean: 6.373e-02
cov**0.5/mean: 6.421e-02
cov**0.5/mean: 6.372e-02
cov**0.5/mean: 6.341e-02
cov**0.5/mean: 6.313e-02
cov**0.5/mean: 6.792e-02
cov**0.5/mean: 6.391e-02
cov**0.5/mean: 7.178e-02
cov**0.5/mean: 7.231e-02
cov**0.5/mean: nan
cov**0.5/mean: 7.401e-02
cov**0.5/mean: 7.315e-02
cov**0.5/mean: 7.238e-02
cov**0.5/mean: 7.278e-02
cov**0.5/mean: nan
cov**0.5/mean: 7.273e-02
cov**0.5/mean: 6.659e-02
cov**0.5/mean: 7.148e-02
cov**0.5/mean: 6.962e-02
cov**0.5/mean: 7.133e-02
cov**0.5/mean: 7.204e-02
cov**0.5/mean: 7.288e-02
cov**0.5/mean: 6.769e-02
cov**0.5/mean: 7.203e-02
cov**0.5/mean: 7.566e-02
cov**0.5/mean: 6.944e-02
cov**0.5/mean: 6.792e-02
cov**0.5/mean: 7.044e-02
cov**0.5/mean: 7.179e-02
cov**0.5/mean: 7.201e-02
cov**0.5/mean: 7.405e-02
cov**0.5/mean: 7.538e-02
cov**0.5/mean: 6.029e-02
cov**0.5/mean: 7.347e-02
cov**0.5/mean: 7.172e-02
cov**0.5/mean: 6.904e-02
cov**0.5/mean: 7.736e-02
cov**0.5/mean: 7.162e-02
cov**0.5/mean: 7.183e-02
cov**0.5/mean: 6.378e-02
cov**0.5/mean: 7.278e-02
cov**0.5/mean: 6.330e-02
cov**0.5/mean: 6.242e-02
cov**0.5/mean: 6.259e-02
cov**0.5/mean: nan
cov**0.5/mean: nan
cov**0.5/mean: nan
cov**0.5/mean: 6.563e-02
cov**0.5/mean: nan
cov**0.5/mean: 6.430e-02
cov**0.5/mean: 5.621e-02
cov**0.5/mean: nan
cov**0.5/mean: 6.145e-02
cov**0.5/mean: 6.399e-02
cov**0.5/mean: nan
cov**0.5/mean: 6.108e-02
cov**0.5/mean: 6.212e-02
cov**0.5/mean: 6.487e-02
cov**0.5/mean: 5.863e-02
cov**0.5/mean: 6.008e-02
cov**0.5/mean: 5.849e-02
cov**0.5/mean: 6.070e-02
cov**0.5/mean: 6.354e-02
cov**0.5/mean: nan
cov**0.5/mean: 6.347e-02
cov**0.5/mean: 6.836e-02
cov**0.5/mean: 6.542e-02
cov**0.5/mean: 7.349e-02
cov**0.5/mean: 7.401e-02
cov**0.5/mean: 6.898e-02
cov**0.5/mean: 7.142e-02
cov**0.5/mean: 7.246e-02
cov**0.5/mean: 6.056e-02
cov**0.5/mean: 7.427e-02
cov**0.5/mean: 7.438e-02
cov**0.5/mean: 7.141e-02
cov**0.5/mean: 7.266e-02
cov**0.5/mean: 6.746e-02
cov**0.5/mean: 7.429e-02
cov**0.5/mean: 7.402e-02
cov**0.5/mean: 6.595e-02
cov**0.5/mean: 6.495e-02
cov**0.5/mean: 6.238e-02
cov**0.5/mean: 6.693e-02
cov**0.5/mean: 6.484e-02
cov**0.5/mean: 6.254e-02
cov**0.5/mean: 6.341e-02
cov**0.5/mean: 6.560e-02
cov**0.5/mean: 6.692e-02
cov**0.5/mean: 6.367e-02
cov**0.5/mean: 6.294e-02
cov**0.5/mean: 6.407e-02
cov**0.5/mean: 6.155e-02
cov**0.5/mean: 6.473e-02
cov**0.5/mean: nan
cov**0.5/mean: nan
cov**0.5/mean: 6.465e-02
cov**0.5/mean: 6.046e-02
cov**0.5/mean: nan
cov**0.5/mean: nan
cov**0.5/mean: 6.385e-02
cov**0.5/mean: 6.307e-02
cov**0.5/mean: 6.665e-02
cov**0.5/mean: 6.313e-02
cov**0.5/mean: 6.138e-02
cov**0.5/mean: 7.194e-02
cov**0.5/mean: 6.534e-02
cov**0.5/mean: 6.746e-02
cov**0.5/mean: 6.843e-02
cov**0.5/mean: 6.831e-02
cov**0.5/mean: 6.457e-02
cov**0.5/mean: 6.647e-02
cov**0.5/mean: 6.500e-02
cov**0.5/mean: 6.389e-02
cov**0.5/mean: 6.320e-02
cov**0.5/mean: 6.192e-02
cov**0.5/mean: 7.168e-02
cov**0.5/mean: 6.070e-02
cov**0.5/mean: 6.146e-02
cov**0.5/mean: 6.215e-02
cov**0.5/mean: 6.387e-02
cov**0.5/mean: 6.272e-02
cov**0.5/mean: 6.005e-02
cov**0.5/mean: 6.443e-02
cov**0.5/mean: 6.159e-02
cov**0.5/mean: 6.917e-02
cov**0.5/mean: nan
cov**0.5/mean: 6.220e-02
cov**0.5/mean: nan
cov**0.5/mean: 6.374e-02
cov**0.5/mean: 6.155e-02
cov**0.5/mean: 6.240e-02
cov**0.5/mean: 6.324e-02
cov**0.5/mean: 6.831e-02
cov**0.5/mean: 6.848e-02
cov**0.5/mean: 6.420e-02
cov**0.5/mean: 7.340e-02
cov**0.5/mean: 5.861e-02
cov**0.5/mean: 7.193e-02
cov**0.5/mean: 6.911e-02
cov**0.5/mean: 7.276e-02
cov**0.5/mean: 7.157e-02
cov**0.5/mean: 6.976e-02
cov**0.5/mean: 7.274e-02
cov**0.5/mean: 7.584e-02
cov**0.5/mean: 7.313e-02
cov**0.5/mean: 7.231e-02
cov**0.5/mean: 7.396e-02
cov**0.5/mean: 7.244e-02
cov**0.5/mean: 7.131e-02
cov**0.5/mean: 6.885e-02
cov**0.5/mean: 6.997e-02
cov**0.5/mean: 7.095e-02
cov**0.5/mean: 7.384e-02
cov**0.5/mean: 6.651e-02
cov**0.5/mean: 5.780e-02
cov**0.5/mean: 6.846e-02
cov**0.5/mean: 7.104e-02
cov**0.5/mean: 7.334e-02
cov**0.5/mean: 6.834e-02
cov**0.5/mean: 6.210e-02
cov**0.5/mean: 6.283e-02
cov**0.5/mean: nan
cov**0.5/mean: 6.328e-02
cov**0.5/mean: 6.280e-02
cov**0.5/mean: 5.912e-02
cov**0.5/mean: nan
cov**0.5/mean: 6.250e-02
cov**0.5/mean: 5.958e-02
cov**0.5/mean: 6.246e-02
cov**0.5/mean: 5.911e-02
cov**0.5/mean: 6.822e-02
cov**0.5/mean: 6.499e-02
cov**0.5/mean: 6.954e-02
cov**0.5/mean: 7.386e-02
cov**0.5/mean: 6.377e-02
cov**0.5/mean: nan
cov**0.5/mean: 7.507e-02
cov**0.5/mean: 6.460e-02
cov**0.5/mean: 7.656e-02
cov**0.5/mean: 6.332e-02
cov**0.5/mean: nan
cov**0.5/mean: 7.709e-02
cov**0.5/mean: 6.025e-02
cov**0.5/mean: 6.439e-02
cov**0.5/mean: 6.417e-02
cov**0.5/mean: nan
cov**0.5/mean: 7.007e-02
cov**0.5/mean: 5.756e-02
cov**0.5/mean: 6.307e-02
cov**0.5/mean: 6.350e-02
cov**0.5/mean: 6.438e-02
cov**0.5/mean: 6.059e-02
cov**0.5/mean: 6.765e-02
cov**0.5/mean: 6.284e-02
cov**0.5/mean: 6.313e-02
cov**0.5/mean: 6.765e-02
cov**0.5/mean: 6.191e-02
cov**0.5/mean: 6.655e-02
cov**0.5/mean: nan
cov**0.5/mean: 7.263e-02
cov**0.5/mean: 6.428e-02
cov**0.5/mean: nan
cov**0.5/mean: 6.393e-02
cov**0.5/mean: 6.427e-02
cov**0.5/mean: 6.731e-02
cov**0.5/mean: 7.388e-02
cov**0.5/mean: 7.168e-02
cov**0.5/mean: 6.489e-02
cov**0.5/mean: 6.268e-02
cov**0.5/mean: 6.794e-02
cov**0.5/mean: 6.711e-02
cov**0.5/mean: 6.265e-02
cov**0.5/mean: 6.146e-02
cov**0.5/mean: 6.412e-02
cov**0.5/mean: 6.322e-02
cov**0.5/mean: 7.502e-02
cov**0.5/mean: 6.866e-02
cov**0.5/mean: nan
cov**0.5/mean: 6.684e-02
cov**0.5/mean: 7.243e-02
cov**0.5/mean: 6.527e-02
cov**0.5/mean: 6.171e-02
cov**0.5/mean: 7.168e-02
cov**0.5/mean: 6.467e-02
cov**0.5/mean: 6.991e-02
cov**0.5/mean: 6.914e-02
cov**0.5/mean: 7.039e-02
cov**0.5/mean: 7.153e-02
cov**0.5/mean: 6.808e-02
cov**0.5/mean: 6.911e-02
cov**0.5/mean: 7.320e-02
cov**0.5/mean: 5.934e-02
cov**0.5/mean: 6.955e-02
cov**0.5/mean: 7.480e-02
cov**0.5/mean: 6.172e-02
cov**0.5/mean: nan
cov**0.5/mean: 6.220e-02
cov**0.5/mean: nan
cov**0.5/mean: 5.729e-02
cov**0.5/mean: 6.004e-02
cov**0.5/mean: 6.365e-02
cov**0.5/mean: 6.996e-02
cov**0.5/mean: nan
cov**0.5/mean: 7.010e-02
cov**0.5/mean: 7.362e-02
cov**0.5/mean: nan
cov**0.5/mean: 6.543e-02
cov**0.5/mean: 6.841e-02
cov**0.5/mean: 7.273e-02
cov**0.5/mean: 6.251e-02
cov**0.5/mean: 6.573e-02
cov**0.5/mean: 7.227e-02
cov**0.5/mean: 6.265e-02
cov**0.5/mean: 6.434e-02
cov**0.5/mean: 7.420e-02
  Step 10000/10000, Time: 5.0s, Acceptance: nan
MCMC completed. Final acceptance rate: nan

=== Step 6: Saving Results ===
Validation results saved to scoring_output/CNN_MCMC_normprior_with_errorprop_epoch15_MCMC.json
Test submission saved: submissions/Submission_CNN_MCMC_normprior_with_errorprop_epoch15_MCMC_25-09-29-14-40.zip

Final validation score: 8.694469
